/* SPDX-License-Identifier: (LGPL-2.1 OR BSD-2-Clause) */

/* THIS FILE IS AUTOGENERATED! */
#ifndef __HEAP_TRACKER_BPF_SKEL_H__
#define __HEAP_TRACKER_BPF_SKEL_H__

#include <errno.h>
#include <stdlib.h>
#include <bpf/libbpf.h>

struct heap_tracker_bpf {
	struct bpf_object_skeleton *skeleton;
	struct bpf_object *obj;
	struct {
		struct bpf_map *allocs;
		struct bpf_map *freed;
		struct bpf_map *pending;
		struct bpf_map *realloc_old;
		struct bpf_map *sentinel_events;
		struct bpf_map *sentinel_state;
		struct bpf_map *ustacks;
	} maps;
	struct {
		struct bpf_program *u_malloc_enter;
		struct bpf_program *u_malloc_exit;
		struct bpf_program *u_calloc_enter;
		struct bpf_program *u_calloc_exit;
		struct bpf_program *u_realloc_enter;
		struct bpf_program *u_realloc_exit;
		struct bpf_program *u_free_enter;
	} progs;
	struct {
		struct bpf_link *u_malloc_enter;
		struct bpf_link *u_malloc_exit;
		struct bpf_link *u_calloc_enter;
		struct bpf_link *u_calloc_exit;
		struct bpf_link *u_realloc_enter;
		struct bpf_link *u_realloc_exit;
		struct bpf_link *u_free_enter;
	} links;
};

static void
heap_tracker_bpf__destroy(struct heap_tracker_bpf *obj)
{
	if (!obj)
		return;
	if (obj->skeleton)
		bpf_object__destroy_skeleton(obj->skeleton);
	free(obj);
}

static inline int
heap_tracker_bpf__create_skeleton(struct heap_tracker_bpf *obj);

static inline struct heap_tracker_bpf *
heap_tracker_bpf__open_opts(const struct bpf_object_open_opts *opts)
{
	struct heap_tracker_bpf *obj;
	int err;

	obj = (struct heap_tracker_bpf *)calloc(1, sizeof(*obj));
	if (!obj) {
		errno = ENOMEM;
		return NULL;
	}

	err = heap_tracker_bpf__create_skeleton(obj);
	err = err ?: bpf_object__open_skeleton(obj->skeleton, opts);
	if (err)
		goto err_out;

	return obj;
err_out:
	heap_tracker_bpf__destroy(obj);
	errno = -err;
	return NULL;
}

static inline struct heap_tracker_bpf *
heap_tracker_bpf__open(void)
{
	return heap_tracker_bpf__open_opts(NULL);
}

static inline int
heap_tracker_bpf__load(struct heap_tracker_bpf *obj)
{
	return bpf_object__load_skeleton(obj->skeleton);
}

static inline struct heap_tracker_bpf *
heap_tracker_bpf__open_and_load(void)
{
	struct heap_tracker_bpf *obj;
	int err;

	obj = heap_tracker_bpf__open();
	if (!obj)
		return NULL;
	err = heap_tracker_bpf__load(obj);
	if (err) {
		heap_tracker_bpf__destroy(obj);
		errno = -err;
		return NULL;
	}
	return obj;
}

static inline int
heap_tracker_bpf__attach(struct heap_tracker_bpf *obj)
{
	return bpf_object__attach_skeleton(obj->skeleton);
}

static inline void
heap_tracker_bpf__detach(struct heap_tracker_bpf *obj)
{
	return bpf_object__detach_skeleton(obj->skeleton);
}

static inline int
heap_tracker_bpf__create_skeleton(struct heap_tracker_bpf *obj)
{
	struct bpf_object_skeleton *s;

	s = (struct bpf_object_skeleton *)calloc(1, sizeof(*s));
	if (!s)
		goto err;

	s->sz = sizeof(*s);
	s->name = "heap_tracker_bpf";
	s->obj = &obj->obj;

	/* maps */
	s->map_cnt = 7;
	s->map_skel_sz = sizeof(*s->maps);
	s->maps = (struct bpf_map_skeleton *)calloc(s->map_cnt, s->map_skel_sz);
	if (!s->maps)
		goto err;

	s->maps[0].name = "allocs";
	s->maps[0].map = &obj->maps.allocs;

	s->maps[1].name = "freed";
	s->maps[1].map = &obj->maps.freed;

	s->maps[2].name = "pending";
	s->maps[2].map = &obj->maps.pending;

	s->maps[3].name = "realloc_old";
	s->maps[3].map = &obj->maps.realloc_old;

	s->maps[4].name = "sentinel_events";
	s->maps[4].map = &obj->maps.sentinel_events;

	s->maps[5].name = "sentinel_state";
	s->maps[5].map = &obj->maps.sentinel_state;

	s->maps[6].name = "ustacks";
	s->maps[6].map = &obj->maps.ustacks;

	/* programs */
	s->prog_cnt = 7;
	s->prog_skel_sz = sizeof(*s->progs);
	s->progs = (struct bpf_prog_skeleton *)calloc(s->prog_cnt, s->prog_skel_sz);
	if (!s->progs)
		goto err;

	s->progs[0].name = "u_malloc_enter";
	s->progs[0].prog = &obj->progs.u_malloc_enter;
	s->progs[0].link = &obj->links.u_malloc_enter;

	s->progs[1].name = "u_malloc_exit";
	s->progs[1].prog = &obj->progs.u_malloc_exit;
	s->progs[1].link = &obj->links.u_malloc_exit;

	s->progs[2].name = "u_calloc_enter";
	s->progs[2].prog = &obj->progs.u_calloc_enter;
	s->progs[2].link = &obj->links.u_calloc_enter;

	s->progs[3].name = "u_calloc_exit";
	s->progs[3].prog = &obj->progs.u_calloc_exit;
	s->progs[3].link = &obj->links.u_calloc_exit;

	s->progs[4].name = "u_realloc_enter";
	s->progs[4].prog = &obj->progs.u_realloc_enter;
	s->progs[4].link = &obj->links.u_realloc_enter;

	s->progs[5].name = "u_realloc_exit";
	s->progs[5].prog = &obj->progs.u_realloc_exit;
	s->progs[5].link = &obj->links.u_realloc_exit;

	s->progs[6].name = "u_free_enter";
	s->progs[6].prog = &obj->progs.u_free_enter;
	s->progs[6].link = &obj->links.u_free_enter;

	s->data_sz = 45904;
	s->data = (void *)"\
\x7f\x45\x4c\x46\x02\x01\x01\0\0\0\0\0\0\0\0\0\x01\0\xf7\0\x01\0\0\0\0\0\0\0\0\
\0\0\0\0\0\0\0\0\0\0\0\x50\xa9\0\0\0\0\0\0\0\0\0\0\x40\0\0\0\0\0\x40\0\x28\0\
\x01\0\x79\x11\0\0\0\0\0\0\x07\x01\0\0\x01\0\0\0\xb4\x02\0\0\x01\0\0\0\x15\x01\
\x01\0\0\0\0\0\xb4\x02\0\0\0\0\0\0\xb7\x06\0\0\xff\xff\xff\xff\x56\x02\x01\0\0\
\0\0\0\xbf\x16\0\0\0\0\0\0\x85\0\0\0\x0e\0\0\0\x63\x0a\xfc\xff\0\0\0\0\x7b\x6a\
\xf0\xff\0\0\0\0\xbf\xa2\0\0\0\0\0\0\x07\x02\0\0\xfc\xff\xff\xff\xbf\xa3\0\0\0\
\0\0\0\x07\x03\0\0\xf0\xff\xff\xff\x18\x01\0\0\0\0\0\0\0\0\0\0\0\0\0\0\xb7\x04\
\0\0\0\0\0\0\x85\0\0\0\x02\0\0\0\xb4\0\0\0\0\0\0\0\x95\0\0\0\0\0\0\0\xbf\x17\0\
\0\0\0\0\0\x79\x76\0\0\0\0\0\0\x85\0\0\0\x0e\0\0\0\x63\x0a\xf0\xff\0\0\0\0\xbf\
\xa2\0\0\0\0\0\0\x07\x02\0\0\xf0\xff\xff\xff\x18\x01\0\0\0\0\0\0\0\0\0\0\0\0\0\
\0\x85\0\0\0\x01\0\0\0\xbf\x09\0\0\0\0\0\0\xb7\x01\0\0\0\0\0\0\x15\x09\x0c\0\0\
\0\0\0\xbf\x68\0\0\0\0\0\0\x79\x96\0\0\0\0\0\0\xbf\xa2\0\0\0\0\0\0\x07\x02\0\0\
\xf0\xff\xff\xff\x18\x01\0\0\0\0\0\0\0\0\0\0\0\0\0\0\x85\0\0\0\x03\0\0\0\xb7\
\x01\0\0\xff\xff\xff\xff\x15\x06\x02\0\xff\xff\xff\xff\x07\x06\0\0\xff\xff\xff\
\xff\xbf\x61\0\0\0\0\0\0\xbf\x86\0\0\0\0\0\0\x7b\x1a\xd0\xff\0\0\0\0\x7b\x9a\
\xd8\xff\0\0\0\0\x15\x06\x81\0\0\0\0\0\x85\0\0\0\x0e\0\0\0\xbf\x08\0\0\0\0\0\0\
\xbf\x71\0\0\0\0\0\0\x18\x02\0\0\0\0\0\0\0\0\0\0\0\0\0\0\xb7\x03\0\0\0\x01\0\0\
\x85\0\0\0\x1b\0\0\0\x7b\x0a\xc8\xff\0\0\0\0\x7b\x8a\xc0\xff\0\0\0\0\x77\x08\0\
\0\x20\0\0\0\x63\x8a\xe0\xff\0\0\0\0\xbf\xa2\0\0\0\0\0\0\x07\x02\0\0\xe0\xff\
\xff\xff\x18\x01\0\0\0\0\0\0\0\0\0\0\0\0\0\0\x85\0\0\0\x01\0\0\0\xbf\x09\0\0\0\
\0\0\0\x15\x09\x01\0\0\0\0\0\x05\0\x14\0\0\0\0\0\xb7\x01\0\0\0\0\0\0\x7b\x1a\
\xf8\xff\0\0\0\0\x7b\x1a\xf0\xff\0\0\0\0\xbf\xa2\0\0\0\0\0\0\x07\x02\0\0\xe0\
\xff\xff\xff\xbf\xa3\0\0\0\0\0\0\x07\x03\0\0\xf0\xff\xff\xff\x18\x01\0\0\0\0\0\
\0\0\0\0\0\0\0\0\0\xb7\x04\0\0\x01\0\0\0\x85\0\0\0\x02\0\0\0\x15\0\x01\0\0\0\0\
\0\x05\0\x61\0\0\0\0\0\xbf\xa2\0\0\0\0\0\0\x07\x02\0\0\xe0\xff\xff\xff\x18\x01\
\0\0\0\0\0\0\0\0\0\0\0\0\0\0\x85\0\0\0\x01\0\0\0\xbf\x09\0\0\0\0\0\0\x15\x09\
\x5a\0\0\0\0\0\x7b\x6a\xb8\xff\0\0\0\0\x7b\x6a\xf8\xff\0\0\0\0\xb4\x06\0\0\0\0\
\0\0\x63\x6a\xf4\xff\0\0\0\0\x63\x8a\xf0\xff\0\0\0\0\x79\xa1\xd8\xff\0\0\0\0\
\x15\x01\x15\0\0\0\0\0\x61\x91\x0c\0\0\0\0\0\x44\x01\0\0\x01\0\0\0\x63\x19\x0c\
\0\0\0\0\0\xbf\xa7\0\0\0\0\0\0\x07\x07\0\0\xf0\xff\xff\xff\x18\x01\0\0\0\0\0\0\
\0\0\0\0\0\0\0\0\xbf\x72\0\0\0\0\0\0\x85\0\0\0\x03\0\0\0\x63\x6a\xec\xff\0\0\0\
\0\x79\xa1\xc8\xff\0\0\0\0\x63\x1a\xe8\xff\0\0\0\0\x79\xa1\xd0\xff\0\0\0\0\x7b\
\x1a\xe0\xff\0\0\0\0\xbf\xa3\0\0\0\0\0\0\x07\x03\0\0\xe0\xff\xff\xff\x18\x01\0\
\0\0\0\0\0\0\0\0\0\0\0\0\0\xbf\x72\0\0\0\0\0\0\xb7\x04\0\0\0\0\0\0\x85\0\0\0\
\x02\0\0\0\xb7\x06\0\0\0\0\0\0\x18\x01\0\0\0\0\0\0\0\0\0\0\0\0\0\0\xb7\x02\0\0\
\0\x01\0\0\xb7\x03\0\0\0\0\0\0\x85\0\0\0\x83\0\0\0\xbf\x07\0\0\0\0\0\0\x55\x07\
\x04\0\0\0\0\0\x61\x91\x08\0\0\0\0\0\x04\x01\0\0\x01\0\0\0\x63\x19\x08\0\0\0\0\
\0\x05\0\x32\0\0\0\0\0\x63\x87\x08\0\0\0\0\0\xb7\x01\0\0\x01\0\0\0\x7b\x17\0\0\
\0\0\0\0\x18\x01\0\0\0\0\0\0\0\0\0\0\xff\xff\xff\xff\x7b\x17\x10\0\0\0\0\0\x7b\
\x17\x28\0\0\0\0\0\x79\xa1\xc0\xff\0\0\0\0\x63\x17\x0c\0\0\0\0\0\x7b\x67\x18\0\
\0\0\0\0\x7b\x67\x20\0\0\0\0\0\x7b\x67\x40\0\0\0\0\0\x7b\x67\x30\0\0\0\0\0\xb4\
\x08\0\0\0\0\0\0\x73\x87\x38\0\0\0\0\0\x85\0\0\0\x05\0\0\0\x7b\x07\x48\0\0\0\0\
\0\x7b\x67\x50\0\0\0\0\0\x7b\x67\x58\0\0\0\0\0\x79\x91\0\0\0\0\0\0\x07\x01\0\0\
\x01\0\0\0\x7b\x17\x40\0\0\0\0\0\x61\x92\x08\0\0\0\0\0\x63\x27\x20\0\0\0\0\0\
\x63\x89\x08\0\0\0\0\0\x7b\x19\0\0\0\0\0\0\xb4\x01\0\0\x01\0\0\0\x6b\x17\x02\0\
\0\0\0\0\x79\xa1\xb8\xff\0\0\0\0\x7b\x17\x50\0\0\0\0\0\x79\xa2\xc8\xff\0\0\0\0\
\x63\x27\x14\0\0\0\0\0\xc6\x02\x03\0\0\0\0\0\xbf\x71\0\0\0\0\0\0\x07\x01\0\0\
\x18\0\0\0\x63\x21\0\0\0\0\0\0\x79\xa1\xd8\xff\0\0\0\0\x79\xa2\xd0\xff\0\0\0\0\
\x15\x01\x06\0\0\0\0\0\x18\x01\0\0\xff\xff\xff\xff\0\0\0\0\0\0\0\0\xad\x12\x02\
\0\0\0\0\0\x18\x02\0\0\xff\xff\xff\xff\0\0\0\0\0\0\0\0\xbc\x28\0\0\0\0\0\0\x63\
\x87\x28\0\0\0\0\0\x63\x87\x24\0\0\0\0\0\xbf\x71\0\0\0\0\0\0\xb7\x02\0\0\0\0\0\
\0\x85\0\0\0\x84\0\0\0\xb4\0\0\0\0\0\0\0\x95\0\0\0\0\0\0\0\x79\x12\x08\0\0\0\0\
\0\x79\x11\0\0\0\0\0\0\x18\x03\0\0\0\0\0\0\0\0\0\0\x01\0\0\0\xad\x31\x03\0\0\0\
\0\0\x18\x03\0\0\xff\xff\xff\xff\0\0\0\0\0\0\0\0\x2d\x32\x17\0\0\0\0\0\xbf\x13\
\0\0\0\0\0\0\x67\x03\0\0\x20\0\0\0\x77\x03\0\0\x20\0\0\0\xbf\x25\0\0\0\0\0\0\
\x77\x05\0\0\x20\0\0\0\x2f\x35\0\0\0\0\0\0\x77\x01\0\0\x20\0\0\0\x67\x02\0\0\
\x20\0\0\0\x77\x02\0\0\x20\0\0\0\xbf\x24\0\0\0\0\0\0\x2f\x14\0\0\0\0\0\0\x0f\
\x54\0\0\0\0\0\0\x18\x01\0\0\xff\xff\xff\xff\0\0\0\0\0\0\0\0\x2d\x14\x08\0\0\0\
\0\0\x2f\x32\0\0\0\0\0\0\x67\x04\0\0\x20\0\0\0\xbf\x41\0\0\0\0\0\0\x0f\x21\0\0\
\0\0\0\0\xb4\x02\0\0\x01\0\0\0\xad\x41\x01\0\0\0\0\0\xb4\x02\0\0\0\0\0\0\x56\
\x02\x01\0\x01\0\0\0\xb7\x01\0\0\0\0\0\0\x07\x01\0\0\x01\0\0\0\xb4\x02\0\0\x01\
\0\0\0\x15\x01\x01\0\0\0\0\0\xb4\x02\0\0\0\0\0\0\xb7\x06\0\0\xff\xff\xff\xff\
\x56\x02\x01\0\0\0\0\0\xbf\x16\0\0\0\0\0\0\x85\0\0\0\x0e\0\0\0\x63\x0a\xfc\xff\
\0\0\0\0\x7b\x6a\xf0\xff\0\0\0\0\xbf\xa2\0\0\0\0\0\0\x07\x02\0\0\xfc\xff\xff\
\xff\xbf\xa3\0\0\0\0\0\0\x07\x03\0\0\xf0\xff\xff\xff\x18\x01\0\0\0\0\0\0\0\0\0\
\0\0\0\0\0\xb7\x04\0\0\0\0\0\0\x85\0\0\0\x02\0\0\0\xb4\0\0\0\0\0\0\0\x95\0\0\0\
\0\0\0\0\xbf\x17\0\0\0\0\0\0\x79\x76\0\0\0\0\0\0\x85\0\0\0\x0e\0\0\0\x63\x0a\
\xf0\xff\0\0\0\0\xbf\xa2\0\0\0\0\0\0\x07\x02\0\0\xf0\xff\xff\xff\x18\x01\0\0\0\
\0\0\0\0\0\0\0\0\0\0\0\x85\0\0\0\x01\0\0\0\xbf\x09\0\0\0\0\0\0\xb7\x01\0\0\0\0\
\0\0\x15\x09\x0c\0\0\0\0\0\xbf\x68\0\0\0\0\0\0\x79\x96\0\0\0\0\0\0\xbf\xa2\0\0\
\0\0\0\0\x07\x02\0\0\xf0\xff\xff\xff\x18\x01\0\0\0\0\0\0\0\0\0\0\0\0\0\0\x85\0\
\0\0\x03\0\0\0\xb7\x01\0\0\xff\xff\xff\xff\x15\x06\x02\0\xff\xff\xff\xff\x07\
\x06\0\0\xff\xff\xff\xff\xbf\x61\0\0\0\0\0\0\xbf\x86\0\0\0\0\0\0\x7b\x1a\xd0\
\xff\0\0\0\0\x7b\x9a\xd8\xff\0\0\0\0\x15\x06\x81\0\0\0\0\0\x85\0\0\0\x0e\0\0\0\
\xbf\x08\0\0\0\0\0\0\xbf\x71\0\0\0\0\0\0\x18\x02\0\0\0\0\0\0\0\0\0\0\0\0\0\0\
\xb7\x03\0\0\0\x01\0\0\x85\0\0\0\x1b\0\0\0\x7b\x0a\xc8\xff\0\0\0\0\x7b\x8a\xc0\
\xff\0\0\0\0\x77\x08\0\0\x20\0\0\0\x63\x8a\xe0\xff\0\0\0\0\xbf\xa2\0\0\0\0\0\0\
\x07\x02\0\0\xe0\xff\xff\xff\x18\x01\0\0\0\0\0\0\0\0\0\0\0\0\0\0\x85\0\0\0\x01\
\0\0\0\xbf\x09\0\0\0\0\0\0\x15\x09\x01\0\0\0\0\0\x05\0\x14\0\0\0\0\0\xb7\x01\0\
\0\0\0\0\0\x7b\x1a\xf8\xff\0\0\0\0\x7b\x1a\xf0\xff\0\0\0\0\xbf\xa2\0\0\0\0\0\0\
\x07\x02\0\0\xe0\xff\xff\xff\xbf\xa3\0\0\0\0\0\0\x07\x03\0\0\xf0\xff\xff\xff\
\x18\x01\0\0\0\0\0\0\0\0\0\0\0\0\0\0\xb7\x04\0\0\x01\0\0\0\x85\0\0\0\x02\0\0\0\
\x15\0\x01\0\0\0\0\0\x05\0\x61\0\0\0\0\0\xbf\xa2\0\0\0\0\0\0\x07\x02\0\0\xe0\
\xff\xff\xff\x18\x01\0\0\0\0\0\0\0\0\0\0\0\0\0\0\x85\0\0\0\x01\0\0\0\xbf\x09\0\
\0\0\0\0\0\x15\x09\x5a\0\0\0\0\0\x7b\x6a\xb8\xff\0\0\0\0\x7b\x6a\xf8\xff\0\0\0\
\0\xb4\x06\0\0\0\0\0\0\x63\x6a\xf4\xff\0\0\0\0\x63\x8a\xf0\xff\0\0\0\0\x79\xa1\
\xd8\xff\0\0\0\0\x15\x01\x15\0\0\0\0\0\x61\x91\x0c\0\0\0\0\0\x44\x01\0\0\x01\0\
\0\0\x63\x19\x0c\0\0\0\0\0\xbf\xa7\0\0\0\0\0\0\x07\x07\0\0\xf0\xff\xff\xff\x18\
\x01\0\0\0\0\0\0\0\0\0\0\0\0\0\0\xbf\x72\0\0\0\0\0\0\x85\0\0\0\x03\0\0\0\x63\
\x6a\xec\xff\0\0\0\0\x79\xa1\xc8\xff\0\0\0\0\x63\x1a\xe8\xff\0\0\0\0\x79\xa1\
\xd0\xff\0\0\0\0\x7b\x1a\xe0\xff\0\0\0\0\xbf\xa3\0\0\0\0\0\0\x07\x03\0\0\xe0\
\xff\xff\xff\x18\x01\0\0\0\0\0\0\0\0\0\0\0\0\0\0\xbf\x72\0\0\0\0\0\0\xb7\x04\0\
\0\0\0\0\0\x85\0\0\0\x02\0\0\0\xb7\x06\0\0\0\0\0\0\x18\x01\0\0\0\0\0\0\0\0\0\0\
\0\0\0\0\xb7\x02\0\0\0\x01\0\0\xb7\x03\0\0\0\0\0\0\x85\0\0\0\x83\0\0\0\xbf\x07\
\0\0\0\0\0\0\x55\x07\x04\0\0\0\0\0\x61\x91\x08\0\0\0\0\0\x04\x01\0\0\x01\0\0\0\
\x63\x19\x08\0\0\0\0\0\x05\0\x32\0\0\0\0\0\x63\x87\x08\0\0\0\0\0\xb7\x01\0\0\
\x01\0\0\0\x7b\x17\0\0\0\0\0\0\x18\x01\0\0\0\0\0\0\0\0\0\0\xff\xff\xff\xff\x7b\
\x17\x10\0\0\0\0\0\x7b\x17\x28\0\0\0\0\0\x79\xa1\xc0\xff\0\0\0\0\x63\x17\x0c\0\
\0\0\0\0\x7b\x67\x18\0\0\0\0\0\x7b\x67\x20\0\0\0\0\0\x7b\x67\x40\0\0\0\0\0\x7b\
\x67\x30\0\0\0\0\0\xb4\x08\0\0\0\0\0\0\x73\x87\x38\0\0\0\0\0\x85\0\0\0\x05\0\0\
\0\x7b\x07\x48\0\0\0\0\0\x7b\x67\x50\0\0\0\0\0\x7b\x67\x58\0\0\0\0\0\x79\x91\0\
\0\0\0\0\0\x07\x01\0\0\x01\0\0\0\x7b\x17\x40\0\0\0\0\0\x61\x92\x08\0\0\0\0\0\
\x63\x27\x20\0\0\0\0\0\x63\x89\x08\0\0\0\0\0\x7b\x19\0\0\0\0\0\0\xb4\x01\0\0\
\x01\0\0\0\x6b\x17\x02\0\0\0\0\0\x79\xa1\xb8\xff\0\0\0\0\x7b\x17\x50\0\0\0\0\0\
\x79\xa2\xc8\xff\0\0\0\0\x63\x27\x14\0\0\0\0\0\xc6\x02\x03\0\0\0\0\0\xbf\x71\0\
\0\0\0\0\0\x07\x01\0\0\x18\0\0\0\x63\x21\0\0\0\0\0\0\x79\xa1\xd8\xff\0\0\0\0\
\x79\xa2\xd0\xff\0\0\0\0\x15\x01\x06\0\0\0\0\0\x18\x01\0\0\xff\xff\xff\xff\0\0\
\0\0\0\0\0\0\xad\x12\x02\0\0\0\0\0\x18\x02\0\0\xff\xff\xff\xff\0\0\0\0\0\0\0\0\
\xbc\x28\0\0\0\0\0\0\x63\x87\x28\0\0\0\0\0\x63\x87\x24\0\0\0\0\0\xbf\x71\0\0\0\
\0\0\0\xb7\x02\0\0\0\0\0\0\x85\0\0\0\x84\0\0\0\xb4\0\0\0\0\0\0\0\x95\0\0\0\0\0\
\0\0\x79\x16\x08\0\0\0\0\0\x79\x17\0\0\0\0\0\0\x15\x07\x0b\0\0\0\0\0\x85\0\0\0\
\x0e\0\0\0\x63\x0a\xfc\xff\0\0\0\0\x7b\x7a\xf0\xff\0\0\0\0\xbf\xa2\0\0\0\0\0\0\
\x07\x02\0\0\xfc\xff\xff\xff\xbf\xa3\0\0\0\0\0\0\x07\x03\0\0\xf0\xff\xff\xff\
\x18\x01\0\0\0\0\0\0\0\0\0\0\0\0\0\0\xb7\x04\0\0\0\0\0\0\x85\0\0\0\x02\0\0\0\
\x07\x06\0\0\x01\0\0\0\xb4\x01\0\0\x01\0\0\0\x15\x06\x01\0\0\0\0\0\xb4\x01\0\0\
\0\0\0\0\xb7\x07\0\0\xff\xff\xff\xff\x56\x01\x01\0\0\0\0\0\xbf\x67\0\0\0\0\0\0\
\x85\0\0\0\x0e\0\0\0\x63\x0a\xfc\xff\0\0\0\0\x7b\x7a\xf0\xff\0\0\0\0\xbf\xa2\0\
\0\0\0\0\0\x07\x02\0\0\xfc\xff\xff\xff\xbf\xa3\0\0\0\0\0\0\x07\x03\0\0\xf0\xff\
\xff\xff\x18\x01\0\0\0\0\0\0\0\0\0\0\0\0\0\0\xb7\x04\0\0\0\0\0\0\x85\0\0\0\x02\
\0\0\0\xb4\0\0\0\0\0\0\0\x95\0\0\0\0\0\0\0\xbf\x17\0\0\0\0\0\0\x79\x71\0\0\0\0\
\0\0\x7b\x1a\xc0\xff\0\0\0\0\x85\0\0\0\x0e\0\0\0\x63\x0a\xf0\xff\0\0\0\0\xbf\
\xa2\0\0\0\0\0\0\x07\x02\0\0\xf0\xff\xff\xff\x18\x01\0\0\0\0\0\0\0\0\0\0\0\0\0\
\0\x85\0\0\0\x01\0\0\0\xbf\x09\0\0\0\0\0\0\xb7\x06\0\0\0\0\0\0\xb7\x01\0\0\0\0\
\0\0\x15\x09\x0a\0\0\0\0\0\x79\x98\0\0\0\0\0\0\xbf\xa2\0\0\0\0\0\0\x07\x02\0\0\
\xf0\xff\xff\xff\x18\x01\0\0\0\0\0\0\0\0\0\0\0\0\0\0\x85\0\0\0\x03\0\0\0\xb7\
\x01\0\0\xff\xff\xff\xff\x15\x08\x02\0\xff\xff\xff\xff\x07\x08\0\0\xff\xff\xff\
\xff\xbf\x81\0\0\0\0\0\0\x7b\x1a\xb0\xff\0\0\0\0\x7b\x9a\xb8\xff\0\0\0\0\x85\0\
\0\0\x0e\0\0\0\x63\x0a\xec\xff\0\0\0\0\xbf\xa2\0\0\0\0\0\0\x07\x02\0\0\xec\xff\
\xff\xff\x18\x01\0\0\0\0\0\0\0\0\0\0\0\0\0\0\x85\0\0\0\x01\0\0\0\x15\0\x06\0\0\
\0\0\0\x79\x06\0\0\0\0\0\0\xbf\xa2\0\0\0\0\0\0\x07\x02\0\0\xec\xff\xff\xff\x18\
\x01\0\0\0\0\0\0\0\0\0\0\0\0\0\0\x85\0\0\0\x03\0\0\0\x85\0\0\0\x0e\0\0\0\xbf\
\x08\0\0\0\0\0\0\xbf\x71\0\0\0\0\0\0\x18\x02\0\0\0\0\0\0\0\0\0\0\0\0\0\0\xb7\
\x03\0\0\0\x01\0\0\x85\0\0\0\x1b\0\0\0\xbf\x07\0\0\0\0\0\0\x7b\x8a\xa8\xff\0\0\
\0\0\x77\x08\0\0\x20\0\0\0\x63\x8a\xd8\xff\0\0\0\0\xbf\xa2\0\0\0\0\0\0\x07\x02\
\0\0\xd8\xff\xff\xff\x18\x01\0\0\0\0\0\0\0\0\0\0\0\0\0\0\x85\0\0\0\x01\0\0\0\
\xbf\x09\0\0\0\0\0\0\x15\x09\x01\0\0\0\0\0\x05\0\x14\0\0\0\0\0\xb7\x01\0\0\0\0\
\0\0\x7b\x1a\xf8\xff\0\0\0\0\x7b\x1a\xf0\xff\0\0\0\0\xbf\xa2\0\0\0\0\0\0\x07\
\x02\0\0\xd8\xff\xff\xff\xbf\xa3\0\0\0\0\0\0\x07\x03\0\0\xf0\xff\xff\xff\x18\
\x01\0\0\0\0\0\0\0\0\0\0\0\0\0\0\xb7\x04\0\0\x01\0\0\0\x85\0\0\0\x02\0\0\0\x15\
\0\x01\0\0\0\0\0\x05\0\x7b\0\0\0\0\0\xbf\xa2\0\0\0\0\0\0\x07\x02\0\0\xd8\xff\
\xff\xff\x18\x01\0\0\0\0\0\0\0\0\0\0\0\0\0\0\x85\0\0\0\x01\0\0\0\xbf\x09\0\0\0\
\0\0\0\x15\x09\x74\0\0\0\0\0\x79\xa2\xc0\xff\0\0\0\0\x7b\x2a\xf8\xff\0\0\0\0\
\xb4\x01\0\0\0\0\0\0\x63\x1a\xf4\xff\0\0\0\0\x63\x8a\xf0\xff\0\0\0\0\x7b\x6a\
\xe0\xff\0\0\0\0\x63\x1a\xdc\xff\0\0\0\0\x63\x8a\xd8\xff\0\0\0\0\x55\x02\x0b\0\
\0\0\0\0\x79\xa1\xb8\xff\0\0\0\0\x15\x01\x69\0\0\0\0\0\x79\xa1\xb0\xff\0\0\0\0\
\x55\x01\x67\0\0\0\0\0\x15\x06\x66\0\0\0\0\0\xbf\xa2\0\0\0\0\0\0\x07\x02\0\0\
\xd8\xff\xff\xff\x18\x01\0\0\0\0\0\0\0\0\0\0\0\0\0\0\x85\0\0\0\x03\0\0\0\x05\0\
\x60\0\0\0\0\0\x7b\x7a\xa0\xff\0\0\0\0\x15\x06\x07\0\0\0\0\0\x79\xa1\xc0\xff\0\
\0\0\0\x1d\x16\x05\0\0\0\0\0\xbf\xa2\0\0\0\0\0\0\x07\x02\0\0\xd8\xff\xff\xff\
\x18\x01\0\0\0\0\0\0\0\0\0\0\0\0\0\0\x85\0\0\0\x03\0\0\0\x79\xa1\xb8\xff\0\0\0\
\0\x15\x01\x16\0\0\0\0\0\x61\x91\x0c\0\0\0\0\0\x44\x01\0\0\x01\0\0\0\x63\x19\
\x0c\0\0\0\0\0\xbf\xa7\0\0\0\0\0\0\x07\x07\0\0\xf0\xff\xff\xff\x18\x01\0\0\0\0\
\0\0\0\0\0\0\0\0\0\0\xbf\x72\0\0\0\0\0\0\x85\0\0\0\x03\0\0\0\xb4\x01\0\0\0\0\0\
\0\x63\x1a\xd4\xff\0\0\0\0\x79\xa1\xa0\xff\0\0\0\0\x63\x1a\xd0\xff\0\0\0\0\x79\
\xa1\xb0\xff\0\0\0\0\x7b\x1a\xc8\xff\0\0\0\0\xbf\xa3\0\0\0\0\0\0\x07\x03\0\0\
\xc8\xff\xff\xff\x18\x01\0\0\0\0\0\0\0\0\0\0\0\0\0\0\xbf\x72\0\0\0\0\0\0\xb7\
\x04\0\0\0\0\0\0\x85\0\0\0\x02\0\0\0\xb7\x06\0\0\0\0\0\0\x18\x01\0\0\0\0\0\0\0\
\0\0\0\0\0\0\0\xb7\x02\0\0\0\x01\0\0\xb7\x03\0\0\0\0\0\0\x85\0\0\0\x83\0\0\0\
\xbf\x07\0\0\0\0\0\0\x55\x07\x04\0\0\0\0\0\x61\x91\x08\0\0\0\0\0\x04\x01\0\0\
\x01\0\0\0\x63\x19\x08\0\0\0\0\0\x05\0\x33\0\0\0\0\0\x63\x87\x08\0\0\0\0\0\xb7\
\x01\0\0\x01\0\0\0\x7b\x17\0\0\0\0\0\0\x18\x01\0\0\0\0\0\0\0\0\0\0\xff\xff\xff\
\xff\x7b\x17\x10\0\0\0\0\0\x7b\x17\x28\0\0\0\0\0\x79\xa1\xa8\xff\0\0\0\0\x63\
\x17\x0c\0\0\0\0\0\x7b\x67\x18\0\0\0\0\0\x7b\x67\x20\0\0\0\0\0\x7b\x67\x40\0\0\
\0\0\0\x7b\x67\x30\0\0\0\0\0\xb7\x08\0\0\0\0\0\0\xb4\x06\0\0\0\0\0\0\x73\x67\
\x38\0\0\0\0\0\x85\0\0\0\x05\0\0\0\x7b\x07\x48\0\0\0\0\0\x7b\x87\x50\0\0\0\0\0\
\x7b\x87\x58\0\0\0\0\0\x79\x91\0\0\0\0\0\0\x07\x01\0\0\x01\0\0\0\x7b\x17\x40\0\
\0\0\0\0\x61\x92\x08\0\0\0\0\0\x63\x27\x20\0\0\0\0\0\x63\x69\x08\0\0\0\0\0\x7b\
\x19\0\0\0\0\0\0\xb4\x01\0\0\x01\0\0\0\x6b\x17\x02\0\0\0\0\0\x79\xa1\xc0\xff\0\
\0\0\0\x7b\x17\x50\0\0\0\0\0\x79\xa2\xa0\xff\0\0\0\0\x63\x27\x14\0\0\0\0\0\xc6\
\x02\x03\0\0\0\0\0\xbf\x71\0\0\0\0\0\0\x07\x01\0\0\x18\0\0\0\x63\x21\0\0\0\0\0\
\0\x79\xa1\xb8\xff\0\0\0\0\x79\xa2\xb0\xff\0\0\0\0\x15\x01\x06\0\0\0\0\0\x18\
\x01\0\0\xff\xff\xff\xff\0\0\0\0\0\0\0\0\xad\x12\x02\0\0\0\0\0\x18\x02\0\0\xff\
\xff\xff\xff\0\0\0\0\0\0\0\0\xbc\x26\0\0\0\0\0\0\x63\x67\x28\0\0\0\0\0\x63\x67\
\x24\0\0\0\0\0\xbf\x71\0\0\0\0\0\0\xb7\x02\0\0\0\0\0\0\x85\0\0\0\x84\0\0\0\xb4\
\0\0\0\0\0\0\0\x95\0\0\0\0\0\0\0\x79\x16\0\0\0\0\0\0\x15\x06\x9b\0\0\0\0\0\x7b\
\x1a\xd0\xff\0\0\0\0\x85\0\0\0\x0e\0\0\0\xbf\x07\0\0\0\0\0\0\x7b\x6a\xe0\xff\0\
\0\0\0\xb4\x08\0\0\0\0\0\0\x63\x8a\xdc\xff\0\0\0\0\x7b\x7a\xc0\xff\0\0\0\0\x77\
\x07\0\0\x20\0\0\0\x63\x7a\xd8\xff\0\0\0\0\xbf\xa9\0\0\0\0\0\0\x07\x09\0\0\xd8\
\xff\xff\xff\x18\x01\0\0\0\0\0\0\0\0\0\0\0\0\0\0\xbf\x92\0\0\0\0\0\0\x85\0\0\0\
\x01\0\0\0\xbf\x06\0\0\0\0\0\0\x18\x01\0\0\0\0\0\0\0\0\0\0\0\0\0\0\xbf\x92\0\0\
\0\0\0\0\x85\0\0\0\x01\0\0\0\xbf\x61\0\0\0\0\0\0\x55\x06\x06\0\0\0\0\0\xb4\x08\
\0\0\x01\0\0\0\xb4\x03\0\0\x02\0\0\0\xb4\x09\0\0\xff\xff\xff\xff\xb7\x02\0\0\0\
\0\0\0\xbf\x01\0\0\0\0\0\0\x15\0\x03\0\0\0\0\0\x61\x19\x08\0\0\0\0\0\x79\x12\0\
\0\0\0\0\0\xbc\x83\0\0\0\0\0\0\x63\x3a\xb8\xff\0\0\0\0\x7b\x2a\xc8\xff\0\0\0\0\
\x63\x7a\xfc\xff\0\0\0\0\xbf\xa2\0\0\0\0\0\0\x07\x02\0\0\xfc\xff\xff\xff\x18\
\x01\0\0\0\0\0\0\0\0\0\0\0\0\0\0\x85\0\0\0\x01\0\0\0\x15\0\x01\0\0\0\0\0\x05\0\
\x13\0\0\0\0\0\xb7\x01\0\0\0\0\0\0\x7b\x1a\xf0\xff\0\0\0\0\x7b\x1a\xe8\xff\0\0\
\0\0\xbf\xa2\0\0\0\0\0\0\x07\x02\0\0\xfc\xff\xff\xff\xbf\xa3\0\0\0\0\0\0\x07\
\x03\0\0\xe8\xff\xff\xff\x18\x01\0\0\0\0\0\0\0\0\0\0\0\0\0\0\xb7\x04\0\0\x01\0\
\0\0\x85\0\0\0\x02\0\0\0\x15\0\x01\0\0\0\0\0\x05\0\x65\0\0\0\0\0\xbf\xa2\0\0\0\
\0\0\0\x07\x02\0\0\xfc\xff\xff\xff\x18\x01\0\0\0\0\0\0\0\0\0\0\0\0\0\0\x85\0\0\
\0\x01\0\0\0\x15\0\x5f\0\0\0\0\0\x61\x01\x0c\0\0\0\0\0\x54\x01\0\0\x01\0\0\0\
\x16\x01\x5c\0\0\0\0\0\x63\x9a\xa8\xff\0\0\0\0\x7b\x0a\xb0\xff\0\0\0\0\x79\xa1\
\xd0\xff\0\0\0\0\x18\x02\0\0\0\0\0\0\0\0\0\0\0\0\0\0\xb7\x03\0\0\0\x01\0\0\x85\
\0\0\0\x1b\0\0\0\x7b\x0a\xd0\xff\0\0\0\0\xb7\x09\0\0\0\0\0\0\x18\x01\0\0\0\0\0\
\0\0\0\0\0\0\0\0\0\xb7\x02\0\0\0\x01\0\0\xb7\x03\0\0\0\0\0\0\x85\0\0\0\x83\0\0\
\0\xbf\x08\0\0\0\0\0\0\x55\x08\x05\0\0\0\0\0\x79\xa1\xb0\xff\0\0\0\0\x61\x12\
\x08\0\0\0\0\0\x04\x02\0\0\x01\0\0\0\x63\x21\x08\0\0\0\0\0\x05\0\x47\0\0\0\0\0\
\x63\x78\x08\0\0\0\0\0\xb7\x01\0\0\x01\0\0\0\x7b\x18\0\0\0\0\0\0\x18\x01\0\0\0\
\0\0\0\0\0\0\0\xff\xff\xff\xff\x7b\x18\x10\0\0\0\0\0\x7b\x18\x28\0\0\0\0\0\x79\
\xa1\xc0\xff\0\0\0\0\x63\x18\x0c\0\0\0\0\0\x7b\x98\x18\0\0\0\0\0\x7b\x98\x20\0\
\0\0\0\0\x7b\x98\x40\0\0\0\0\0\x7b\x98\x30\0\0\0\0\0\xb4\x07\0\0\0\0\0\0\x73\
\x78\x38\0\0\0\0\0\x85\0\0\0\x05\0\0\0\x7b\x08\x48\0\0\0\0\0\x7b\x98\x50\0\0\0\
\0\0\x7b\x98\x58\0\0\0\0\0\x79\xa1\xb0\xff\0\0\0\0\x79\x12\0\0\0\0\0\0\x07\x02\
\0\0\x01\0\0\0\x7b\x28\x40\0\0\0\0\0\x61\x13\x08\0\0\0\0\0\x63\x38\x20\0\0\0\0\
\0\x63\x71\x08\0\0\0\0\0\x7b\x21\0\0\0\0\0\0\xb4\x01\0\0\x02\0\0\0\x6b\x18\x02\
\0\0\0\0\0\x79\xa1\xe0\xff\0\0\0\0\x7b\x18\x50\0\0\0\0\0\x79\xa2\xd0\xff\0\0\0\
\0\x63\x28\x14\0\0\0\0\0\xc6\x02\x03\0\0\0\0\0\xbf\x81\0\0\0\0\0\0\x07\x01\0\0\
\x18\0\0\0\x63\x21\0\0\0\0\0\0\x61\xa1\xb8\xff\0\0\0\0\x63\x18\x34\0\0\0\0\0\
\x18\x01\0\0\xff\xff\xff\xff\0\0\0\0\0\0\0\0\x61\xa2\xa8\xff\0\0\0\0\x79\xa3\
\xc8\xff\0\0\0\0\xad\x13\x02\0\0\0\0\0\x18\x03\0\0\xff\xff\xff\xff\0\0\0\0\0\0\
\0\0\x63\x38\x28\0\0\0\0\0\xc6\x02\x02\0\0\0\0\0\x04\x02\0\0\x01\0\0\0\x63\x28\
\x10\0\0\0\0\0\x15\x06\x11\0\0\0\0\0\x79\x61\x08\0\0\0\0\0\x7b\x1a\xf0\xff\0\0\
\0\0\x79\x61\0\0\0\0\0\0\x7b\x1a\xe8\xff\0\0\0\0\xbf\xa6\0\0\0\0\0\0\x07\x06\0\
\0\xd8\xff\xff\xff\x18\x01\0\0\0\0\0\0\0\0\0\0\0\0\0\0\xbf\x62\0\0\0\0\0\0\x85\
\0\0\0\x03\0\0\0\xbf\xa3\0\0\0\0\0\0\x07\x03\0\0\xe8\xff\xff\xff\x18\x01\0\0\0\
\0\0\0\0\0\0\0\0\0\0\0\xbf\x62\0\0\0\0\0\0\xb7\x04\0\0\0\0\0\0\x85\0\0\0\x02\0\
\0\0\xbf\x81\0\0\0\0\0\0\xb7\x02\0\0\0\0\0\0\x85\0\0\0\x84\0\0\0\xb4\0\0\0\0\0\
\0\0\x95\0\0\0\0\0\0\0\x44\x75\x61\x6c\x20\x42\x53\x44\x2f\x47\x50\x4c\0\0\0\0\
\0\0\0\0\0\0\0\0\0\0\0\0\0\0\0\0\0\0\0\0\0\0\0\0\0\0\0\0\0\0\0\0\0\0\0\0\0\0\0\
\0\0\0\0\0\0\0\0\0\0\0\0\0\0\0\0\0\0\0\0\0\0\0\0\0\0\0\0\0\0\0\0\0\0\0\0\0\0\0\
\0\0\0\0\0\0\0\0\0\0\0\0\0\0\0\0\0\0\0\0\0\0\0\0\0\0\0\0\0\0\0\0\0\0\0\0\0\0\0\
\0\0\0\0\0\0\0\0\0\0\0\0\0\0\0\0\0\0\0\0\0\0\0\0\0\0\0\0\0\0\0\0\0\0\0\0\0\0\0\
\0\0\0\0\0\0\0\0\0\0\0\0\0\0\0\0\0\0\0\0\0\0\0\0\0\0\0\0\0\0\0\0\0\0\0\0\0\0\0\
\0\0\0\0\0\0\0\0\0\0\0\0\0\x2f\x07\0\0\x05\0\x08\0\x64\0\0\0\x90\x01\0\0\x96\
\x01\0\0\x9c\x01\0\0\xa4\x01\0\0\xac\x01\0\0\xb6\x01\0\0\xc4\x01\0\0\xcd\x01\0\
\0\xd5\x01\0\0\xee\x01\0\0\xf7\x01\0\0\0\x02\0\0\x12\x02\0\0\x1c\x02\0\0\x2d\
\x02\0\0\x38\x02\0\0\x42\x02\0\0\x54\x02\0\0\x76\x02\0\0\x8e\x02\0\0\x98\x02\0\
\0\xaa\x02\0\0\xb4\x02\0\0\xba\x02\0\0\xc0\x02\0\0\xc9\x02\0\0\xd1\x02\0\0\xda\
\x02\0\0\x02\x03\0\0\x1c\x03\0\0\x2d\x03\0\0\x35\x03\0\0\x5e\x03\0\0\x72\x03\0\
\0\x7c\x03\0\0\x86\x03\0\0\x90\x03\0\0\x9a\x03\0\0\xa4\x03\0\0\xb2\x03\0\0\xbb\
\x03\0\0\xc3\x03\0\0\xdc\x03\0\0\xe5\x03\0\0\xee\x03\0\0\0\x04\0\0\x0a\x04\0\0\
\x1b\x04\0\0\x26\x04\0\0\x30\x04\0\0\x42\x04\0\0\x64\x04\0\0\x7c\x04\0\0\x86\
\x04\0\0\x98\x04\0\0\xa2\x04\0\0\xa8\x04\0\0\xae\x04\0\0\xb6\x04\0\0\xbf\x04\0\
\0\xc7\x04\0\0\xd5\x04\0\0\xde\x04\0\0\xed\x04\0\0\x06\x05\0\0\x11\x05\0\0\x1a\
\x05\0\0\x23\x05\0\0\x2d\x05\0\0\x37\x05\0\0\x49\x05\0\0\x53\x05\0\0\x64\x05\0\
\0\x6f\x05\0\0\x79\x05\0\0\x8b\x05\0\0\xad\x05\0\0\xc5\x05\0\0\xcf\x05\0\0\xe1\
\x05\0\0\xeb\x05\0\0\xf1\x05\0\0\xf7\x05\0\0\0\x06\0\0\x0f\x06\0\0\x18\x06\0\0\
\x22\x06\0\0\x2c\x06\0\0\x46\x06\0\0\x60\x06\0\0\x73\x06\0\0\x88\x06\0\0\x99\
\x06\0\0\xa3\x06\0\0\xb5\x06\0\0\xc7\x06\0\0\xe9\x06\0\0\x01\x07\0\0\x0b\x07\0\
\0\x1d\x07\0\0\x03\x08\x08\x01\x51\0\x03\x08\x08\x01\x51\0\x01\x08\x04\x08\x10\
\x01\x51\0\x01\x08\x04\x08\x10\x01\x51\0\x01\x08\x04\x40\xa8\x01\x02\x7a\0\0\
\x01\x0b\x04\0\x08\x01\x51\x04\x08\xe8\x04\x01\x57\0\x01\x0b\x04\x08\xe8\x04\
\x01\x57\0\x01\x0b\x04\x10\x70\x01\x56\0\x01\x0b\x04\x10\xb8\x01\x02\x30\x9f\
\x04\xb8\x01\xc8\x01\x01\x51\x04\xc8\x01\xe0\x09\x02\x7a\x18\0\x01\x0b\x04\x50\
\xa8\x01\x01\x59\0\x01\x0b\x04\x70\xa8\x01\x01\x56\0\x01\x0b\x04\xe8\x01\xa0\
\x02\x01\x58\x04\xa0\x02\xe0\x09\x02\x7a\x08\0\x01\x0b\x04\xa8\x02\xc0\x07\x01\
\x58\0\x01\x0b\x04\xe0\x02\xe8\x02\x01\x59\x04\xf0\x02\x88\x04\x01\x59\0\x01\
\x0b\x04\x90\x04\xe0\x09\x02\x7a\x10\0\x01\x0b\x04\x88\x04\x90\x04\x01\x59\0\
\x01\x0b\x04\xf0\x05\x90\x07\x02\x7a\x08\x04\x90\x07\xd0\x07\x01\x51\0\x01\x0b\
\x04\xf0\x05\xd0\x06\x12\x7a\x08\x94\x08\x10\x20\x25\xa8\xaf\x80\x80\0\xa8\xb3\
\x80\x80\0\x9f\x04\xd0\x06\xc0\x07\x01\x58\0\x01\x0b\x04\xf0\x05\xd0\x06\x0f\
\x7a\x08\x94\x08\xa8\xaf\x80\x80\0\xa8\xb3\x80\x80\0\x9f\0\x01\x0b\x04\xa8\x06\
\xd8\x08\x01\x57\0\x01\x0b\x04\xc8\x06\xd0\x06\x02\x30\x9f\x04\xa8\x08\xe0\x09\
\x01\x57\0\x01\x0b\x04\xf8\x07\xa8\x08\x01\x51\0\x03\x12\x10\x01\x51\0\x03\x12\
\x10\x01\x51\0\x01\x12\x04\x08\x80\x01\x01\x52\0\x01\x12\x04\x10\x78\x01\x51\0\
\x01\x12\x04\x20\x80\x01\x01\x52\0\x01\x12\x04\x20\x68\x10\x72\0\x10\x20\x25\
\xa8\xaf\x80\x80\0\xa8\xb3\x80\x80\0\x9f\x04\x68\x70\x0d\x75\0\xa8\xaf\x80\x80\
\0\xa8\xb3\x80\x80\0\x9f\0\x01\x12\x04\x20\x78\x0d\x72\0\xa8\xaf\x80\x80\0\xa8\
\xb3\x80\x80\0\x9f\x04\x78\x80\x01\x01\x52\0\x01\x12\x04\x20\x80\x02\x02\x30\
\x9f\x04\x80\x02\x88\x02\x01\x51\0\x01\x12\x04\x20\x78\x01\x51\0\x01\x12\x04\
\x20\x78\x10\x71\0\x10\x20\x25\xa8\xaf\x80\x80\0\xa8\xb3\x80\x80\0\x9f\x04\x78\
\xb0\x01\x0d\x71\0\xa8\xaf\x80\x80\0\xa8\xb3\x80\x80\0\x9f\0\x01\x12\x04\x20\
\x78\x0d\x71\0\xa8\xaf\x80\x80\0\xa8\xb3\x80\x80\0\x9f\0\x01\x12\x04\xa0\x01\
\xc8\x01\x01\x54\0\x01\x12\x04\xc0\x01\xe0\x01\x01\x52\0\x01\x12\x04\xc8\x01\
\xf8\x01\x01\x54\0\x01\x12\x04\xf0\x01\xf8\x01\x01\x51\0\x01\x12\x04\x80\x02\
\x88\x02\x01\x51\0\x01\x16\x04\0\x08\x01\x51\x04\x08\xe8\x04\x01\x57\0\x01\x16\
\x04\x08\xe8\x04\x01\x57\0\x01\x16\x04\x10\x70\x01\x56\0\x01\x16\x04\x10\xb8\
\x01\x02\x30\x9f\x04\xb8\x01\xc8\x01\x01\x51\x04\xc8\x01\xe0\x09\x02\x7a\x18\0\
\x01\x16\x04\x50\xa8\x01\x01\x59\0\x01\x16\x04\x70\xa8\x01\x01\x56\0\x01\x16\
\x04\xe8\x01\xa0\x02\x01\x58\x04\xa0\x02\xe0\x09\x02\x7a\x08\0\x01\x16\x04\xa8\
\x02\xc0\x07\x01\x58\0\x01\x16\x04\xe0\x02\xe8\x02\x01\x59\x04\xf0\x02\x88\x04\
\x01\x59\0\x01\x16\x04\x90\x04\xe0\x09\x02\x7a\x10\0\x01\x16\x04\x88\x04\x90\
\x04\x01\x59\0\x01\x16\x04\xf0\x05\x90\x07\x02\x7a\x08\x04\x90\x07\xd0\x07\x01\
\x51\0\x01\x16\x04\xf0\x05\xd0\x06\x12\x7a\x08\x94\x08\x10\x20\x25\xa8\xaf\x80\
\x80\0\xa8\xb3\x80\x80\0\x9f\x04\xd0\x06\xc0\x07\x01\x58\0\x01\x16\x04\xf0\x05\
\xd0\x06\x0f\x7a\x08\x94\x08\xa8\xaf\x80\x80\0\xa8\xb3\x80\x80\0\x9f\0\x01\x16\
\x04\xa8\x06\xd8\x08\x01\x57\0\x01\x16\x04\xc8\x06\xd0\x06\x02\x30\x9f\x04\xa8\
\x08\xe0\x09\x01\x57\0\x01\x16\x04\xf8\x07\xa8\x08\x01\x51\0\x03\x1d\x20\x01\
\x51\0\x03\x1d\x20\x01\x51\0\x01\x1d\x04\x08\x78\x01\x56\0\x01\x1d\x04\x10\x98\
\x01\x01\x57\0\x01\x1d\x04\x70\x78\x01\x56\0\x01\x21\x04\0\x08\x01\x51\x04\x08\
\x80\x03\x01\x57\0\x01\x21\x04\x08\x80\x03\x01\x57\0\x01\x21\x04\x10\x18\x01\
\x51\x04\x18\x98\x0c\x02\x7a\x20\0\x01\x21\x04\x10\xc0\x01\x02\x30\x9f\x04\xc0\
\x01\xc8\x01\x01\x51\x04\xc8\x01\x98\x0c\x02\x7a\x10\0\x01\x21\x04\x18\xb0\x01\
\x03\x7a\xd0\0\0\x01\x21\x04\x58\xb0\x01\x01\x59\0\x01\x21\x04\x78\xb0\x01\x01\
\x58\0\x01\x21\x04\x88\x02\xc0\x02\x01\x50\0\x01\x21\x04\x98\x02\xc0\x02\x01\
\x56\0\x01\x21\x04\xd0\x02\x88\x03\x01\x58\x04\x88\x03\x98\x0c\x02\x7a\x08\0\
\x01\x21\x04\x90\x03\xf0\x09\x01\x58\0\x01\x21\x04\xc8\x03\xd0\x03\x01\x59\x04\
\xd8\x03\xf0\x04\x01\x59\0\x01\x21\x04\xe0\x06\x98\x0c\x02\x7a\0\0\x01\x21\x04\
\xf0\x04\xf8\x04\x01\x59\0\x01\x21\x04\xa0\x08\xc0\x09\x02\x7a\x08\x04\xc0\x09\
\x88\x0a\x01\x51\0\x01\x21\x04\xa0\x08\x80\x09\x12\x7a\x08\x94\x08\x10\x20\x25\
\xa8\xaf\x80\x80\0\xa8\xb3\x80\x80\0\x9f\x04\x80\x09\xf0\x09\x01\x58\0\x01\x21\
\x04\xa0\x08\x80\x09\x0f\x7a\x08\x94\x08\xa8\xaf\x80\x80\0\xa8\xb3\x80\x80\0\
\x9f\0\x01\x21\x04\xd8\x08\x90\x0b\x01\x57\0\x01\x21\x04\xf8\x08\x80\x09\x02\
\x30\x9f\x04\xe0\x0a\x98\x0c\x01\x57\0\x01\x21\x04\xb0\x0a\xe0\x0a\x01\x51\0\
\x03\x29\x20\x01\x51\0\x03\x29\x20\x01\x51\0\x01\x29\x04\x08\x90\x01\x01\x56\0\
\x01\x29\x04\x28\x48\x01\x57\x04\x48\xe8\x09\x02\x7a\x18\0\x01\x29\x04\x50\xa0\
\x06\x01\x57\0\x01\x29\x04\x90\x01\xf0\x08\x01\x56\0\x01\x29\x04\xb0\x01\xc8\
\x02\x01\x50\0\x01\x29\x04\xb0\x01\x88\x02\x02\x30\x9f\x04\x88\x02\x90\x02\x01\
\x53\x04\x90\x02\xe8\x09\x02\x7a\x10\0\x01\x29\x04\xb0\x01\x88\x02\x02\x30\x9f\
\x04\x88\x02\x98\x02\x01\x52\x04\x98\x02\xe8\x09\x02\x7a\x20\0\x01\x29\x04\xb0\
\x01\x88\x02\x03\x30\x20\x9f\x04\x88\x02\xd0\x04\x01\x59\0\x01\x29\x04\xd8\x02\
\xb8\x03\x03\x7a\xc0\0\x04\xc0\x03\xf0\x03\x03\x7a\xc0\0\0\x01\x29\x04\xc8\x02\
\xd0\x02\x01\x50\x04\xd8\x02\xb0\x03\x01\x50\0\x01\x29\x04\xe8\x03\xf0\x03\x01\
\x50\0\x01\x29\x04\xb0\x05\xb0\x07\x02\x7a\x28\x04\xb0\x07\x80\x08\x01\x52\0\
\x01\x29\x04\xc8\x04\xf0\x05\x02\x7a\x18\x04\xf0\x05\xb0\x06\x01\x51\0\x01\x29\
\x04\xc8\x04\xb0\x05\x12\x7a\x18\x94\x08\x10\x20\x25\xa8\xaf\x80\x80\0\xa8\xb3\
\x80\x80\0\x9f\x04\xb0\x05\xa0\x06\x01\x57\0\x01\x29\x04\xc8\x04\xb0\x05\x0f\
\x7a\x18\x94\x08\xa8\xaf\x80\x80\0\xa8\xb3\x80\x80\0\x9f\0\x01\x29\x04\x80\x05\
\xc0\x07\x01\x58\0\x01\x29\x04\xa8\x05\xb0\x05\x02\x30\x9f\x04\x90\x07\xe8\x09\
\x01\x58\0\x01\x29\x04\xe0\x06\xb0\x07\x01\x52\0\x01\x11\x01\x25\x25\x13\x05\
\x03\x25\x72\x17\x10\x17\x1b\x25\x11\x01\x55\x23\x73\x17\x74\x17\x8c\x01\x17\0\
\0\x02\x24\0\x03\x25\x3e\x0b\x0b\x0b\0\0\x03\x34\0\x03\x25\x49\x13\x3f\x19\x3a\
\x0b\x3b\x0b\x02\x18\0\0\x04\x01\x01\x49\x13\0\0\x05\x21\0\x49\x13\x37\x0b\0\0\
\x06\x24\0\x03\x25\x0b\x0b\x3e\x0b\0\0\x07\x13\x01\x0b\x0b\x3a\x0b\x3b\x0b\0\0\
\x08\x0d\0\x03\x25\x49\x13\x3a\x0b\x3b\x0b\x38\x0b\0\0\x09\x0f\0\x49\x13\0\0\
\x0a\x21\0\x49\x13\x37\x06\0\0\x0b\x13\x01\x03\x25\x0b\x0b\x3a\x0b\x3b\x0b\0\0\
\x0c\x16\0\x49\x13\x03\x25\x3a\x0b\x3b\x0b\0\0\x0d\x21\0\x49\x13\x37\x05\0\0\
\x0e\x34\0\x03\x25\x49\x13\x3a\x0b\x3b\x0b\0\0\x0f\x26\0\x49\x13\0\0\x10\x15\
\x01\x49\x13\x27\x19\0\0\x11\x05\0\x49\x13\0\0\x12\x0f\0\0\0\x13\x26\0\0\0\x14\
\x34\0\x03\x25\x49\x13\x3a\x0b\x3b\x05\0\0\x15\x15\0\x49\x13\x27\x19\0\0\x16\
\x15\x01\x27\x19\0\0\x17\x04\x01\x49\x13\x0b\x0b\x3a\x0b\x3b\x05\0\0\x18\x28\0\
\x03\x25\x1c\x0f\0\0\x19\x04\x01\x49\x13\x03\x25\x0b\x0b\x3a\x0b\x3b\x0b\0\0\
\x1a\x13\x01\x03\x25\x0b\x05\x3a\x0b\x3b\x05\0\0\x1b\x0d\0\x03\x25\x49\x13\x3a\
\x0b\x3b\x05\x38\x0b\0\0\x1c\x0d\0\x03\x25\x49\x13\x3a\x0b\x3b\x05\x38\x05\0\0\
\x1d\x2e\x01\x03\x25\x3a\x0b\x3b\x0b\x27\x19\x49\x13\x20\x21\x01\0\0\x1e\x05\0\
\x03\x25\x3a\x0b\x3b\x0b\x49\x13\0\0\x1f\x34\0\x03\x25\x3a\x0b\x3b\x0b\x49\x13\
\0\0\x20\x0d\0\x49\x13\x3a\x0b\x3b\x05\x38\x0b\0\0\x21\x17\x01\x0b\x05\x3a\x0b\
\x3b\x05\0\0\x22\x13\x01\x0b\x05\x3a\x0b\x3b\x05\0\0\x23\x2e\x01\x03\x25\x3a\
\x0b\x3b\x0b\x27\x19\x20\x21\x01\0\0\x24\x2e\0\x03\x25\x3a\x0b\x3b\x0b\x27\x19\
\x49\x13\x20\x21\x01\0\0\x25\x2e\x01\x11\x1b\x12\x06\x40\x18\x7a\x19\x03\x25\
\x3a\x0b\x3b\x0b\x27\x19\x49\x13\x3f\x19\0\0\x26\x05\0\x02\x22\x03\x25\x3a\x0b\
\x3b\x0b\x49\x13\0\0\x27\x1d\x01\x31\x13\x11\x1b\x12\x06\x58\x0b\x59\x0b\x57\
\x0b\0\0\x28\x05\0\x02\x22\x31\x13\0\0\x29\x34\0\x02\x22\x31\x13\0\0\x2a\x34\0\
\x02\x18\x31\x13\0\0\x2b\x1d\0\x31\x13\x11\x1b\x12\x06\x58\x0b\x59\x0b\x57\x0b\
\0\0\x2c\x0b\x01\0\0\x2d\x13\x01\x03\x25\x0b\x05\x3a\x0b\x3b\x0b\0\0\x2e\x1d\
\x01\x31\x13\x55\x23\x58\x0b\x59\x0b\x57\x0b\0\0\x2f\x05\0\x02\x18\x31\x13\0\0\
\x30\x0b\x01\x11\x1b\x12\x06\x31\x13\0\0\x31\x2e\x01\x03\x25\x3a\x0b\x3b\x05\
\x27\x19\x49\x13\x20\x21\x01\0\0\x32\x05\0\x03\x25\x3a\x0b\x3b\x05\x49\x13\0\0\
\x33\x34\0\x03\x25\x3a\x0b\x3b\x05\x49\x13\0\0\x34\x2e\x01\x11\x1b\x12\x06\x40\
\x18\x7a\x19\x03\x25\x3a\x0b\x3b\x05\x27\x19\x49\x13\x3f\x19\0\0\x35\x05\0\x02\
\x22\x03\x25\x3a\x0b\x3b\x05\x49\x13\0\0\x36\x1d\x01\x31\x13\x11\x1b\x12\x06\
\x58\x0b\x59\x05\x57\x0b\0\0\x37\x1d\x01\x31\x13\x55\x23\x58\x0b\x59\x05\x57\
\x0b\0\0\x38\x1d\0\x31\x13\x11\x1b\x12\x06\x58\x0b\x59\x05\x57\x0b\0\0\x39\x0b\
\x01\x55\x23\x31\x13\0\0\0\x73\x11\0\0\x05\0\x01\x08\0\0\0\0\x01\0\x1d\0\x01\
\x08\0\0\0\0\0\0\0\x02\0\0\0\0\0\0\0\0\x09\x08\0\0\0\x0c\0\0\0\x0c\0\0\0\x02\
\xb8\x07\x08\x02\xb7\x07\x04\x03\x03\x42\0\0\0\0\x0a\x02\xa1\0\x04\x4e\0\0\0\
\x05\x52\0\0\0\x0d\0\x02\x04\x06\x01\x06\x05\x08\x07\x03\x06\x61\0\0\0\0\x16\
\x02\xa1\x01\x07\x20\0\x11\x08\x07\x8a\0\0\0\0\x12\0\x08\x09\x9f\0\0\0\0\x13\
\x08\x08\x0a\xb3\0\0\0\0\x14\x10\x08\x12\xe8\0\0\0\0\x15\x18\0\x09\x8f\0\0\0\
\x04\x9b\0\0\0\x05\x52\0\0\0\x09\0\x02\x08\x05\x04\x09\xa4\0\0\0\x04\x9b\0\0\0\
\x0a\x52\0\0\0\0\0\x01\0\0\x09\xb8\0\0\0\x0b\x11\x10\x02\x77\x08\x0b\xd0\0\0\0\
\x02\x78\0\x08\x0e\xdc\0\0\0\x02\x79\x08\0\x0c\xd8\0\0\0\x0d\x01\x0e\x02\x0c\
\x07\x04\x0c\xe4\0\0\0\x10\x01\x10\x02\x0f\x07\x08\x09\xed\0\0\0\x0b\x17\x10\
\x02\x7c\x08\x13\xdc\0\0\0\x02\x7d\0\x08\x14\x0e\x01\0\0\x02\x7e\x08\x08\x16\
\x0e\x01\0\0\x02\x7f\x0c\0\x0c\x9b\0\0\0\x15\x01\x0f\x03\x18\x21\x01\0\0\0\x1e\
\x02\xa1\x02\x07\x20\0\x19\x08\x07\x8a\0\0\0\0\x1a\0\x08\x09\x9f\0\0\0\0\x1b\
\x08\x08\x0a\xb3\0\0\0\0\x1c\x10\x08\x12\xe8\0\0\0\0\x1d\x18\0\x03\x19\x55\x01\
\0\0\0\x26\x02\xa1\x03\x07\x20\0\x21\x08\x07\x7e\x01\0\0\0\x22\0\x08\x09\x8f\
\x01\0\0\0\x23\x08\x08\x0a\xa1\x01\0\0\0\x24\x10\x08\x12\xa6\x01\0\0\0\x25\x18\
\0\x09\x83\x01\0\0\x04\x9b\0\0\0\x05\x52\0\0\0\x01\0\x09\x94\x01\0\0\x04\x9b\0\
\0\0\x0d\x52\0\0\0\0\x20\0\x09\xd0\0\0\0\x09\xdc\0\0\0\x03\x1a\xb6\x01\0\0\0\
\x2e\x02\xa1\x04\x07\x20\0\x29\x08\x07\x7e\x01\0\0\0\x2a\0\x08\x09\x8f\x01\0\0\
\0\x2b\x08\x08\x0a\xa1\x01\0\0\0\x2c\x10\x08\x12\xa6\x01\0\0\0\x2d\x18\0\x03\
\x1b\xea\x01\0\0\0\x34\x02\xa1\x05\x07\x10\0\x31\x08\x07\x01\x02\0\0\0\x32\0\
\x08\x09\x12\x02\0\0\0\x33\x08\0\x09\x06\x02\0\0\x04\x9b\0\0\0\x05\x52\0\0\0\
\x1b\0\x09\x17\x02\0\0\x04\x9b\0\0\0\x0a\x52\0\0\0\0\0\x80\0\0\x03\x1c\x31\x02\
\0\0\0\x3c\x02\xa1\x06\x07\x20\0\x37\x08\x07\x7e\x01\0\0\0\x38\0\x08\x09\x5a\
\x02\0\0\0\x39\x08\x08\x0a\xa1\x01\0\0\0\x3a\x10\x08\x12\x6c\x02\0\0\0\x3b\x18\
\0\x09\x5f\x02\0\0\x04\x9b\0\0\0\x0d\x52\0\0\0\0\x80\0\x09\x71\x02\0\0\x0b\x20\
\x10\x02\x6e\x08\x1d\xdc\0\0\0\x02\x6f\0\x08\x1e\xd0\0\0\0\x02\x70\x08\x08\x1f\
\xd0\0\0\0\x02\x71\x0c\0\x03\x21\x9d\x02\0\0\0\x47\x02\xa1\x07\x07\x20\0\x42\
\x08\x07\xc6\x02\0\0\0\x43\0\x08\x22\xd7\x02\0\0\0\x44\x08\x08\x23\xe8\x02\0\0\
\0\x45\x10\x08\x09\xfa\x02\0\0\0\x46\x18\0\x09\xcb\x02\0\0\x04\x9b\0\0\0\x05\
\x52\0\0\0\x07\0\x09\xdc\x02\0\0\x04\x9b\0\0\0\x05\x52\0\0\0\x04\0\x09\xed\x02\
\0\0\x04\x9b\0\0\0\x0d\x52\0\0\0\xf8\x03\0\x09\xff\x02\0\0\x04\x9b\0\0\0\x0d\
\x52\0\0\0\0\x08\0\x0e\x24\x14\x03\0\0\x04\x4e\x0f\x19\x03\0\0\x09\x1e\x03\0\0\
\x10\x38\x03\0\0\x11\x3c\x03\0\0\x11\x3d\x03\0\0\x11\x3d\x03\0\0\x11\x43\x03\0\
\0\0\x02\x25\x05\x08\x12\x09\x42\x03\0\0\x13\x0c\xe4\0\0\0\x10\x03\x16\x14\x26\
\x54\x03\0\0\x04\x72\x01\x0f\x59\x03\0\0\x09\x5e\x03\0\0\x15\x43\x03\0\0\x14\
\x27\x6c\x03\0\0\x04\xfd\x02\x0f\x71\x03\0\0\x09\x76\x03\0\0\x10\x38\x03\0\0\
\x11\x3c\x03\0\0\x11\x3c\x03\0\0\x11\x43\x03\0\0\0\x0e\x28\x93\x03\0\0\x04\x58\
\x0f\x98\x03\0\0\x09\x9d\x03\0\0\x10\x38\x03\0\0\x11\x3c\x03\0\0\x11\x3d\x03\0\
\0\0\x0e\x29\xb5\x03\0\0\x04\x38\x0f\xba\x03\0\0\x09\xbf\x03\0\0\x10\x3c\x03\0\
\0\x11\x3c\x03\0\0\x11\x3d\x03\0\0\0\x14\x2a\xd8\x03\0\0\x04\x68\x0c\x0f\xdd\
\x03\0\0\x09\xe2\x03\0\0\x10\x3c\x03\0\0\x11\x3c\x03\0\0\x11\x43\x03\0\0\x11\
\x43\x03\0\0\0\x0e\x2b\x54\x03\0\0\x04\x72\x14\x2c\x08\x04\0\0\x04\x7a\x0c\x0f\
\x0d\x04\0\0\x09\x12\x04\0\0\x16\x11\x3c\x03\0\0\x11\x43\x03\0\0\0\x17\xd8\0\0\
\0\x04\x03\xaf\x7b\x18\x2d\0\x18\x2e\x01\x18\x2f\x02\x18\x30\x04\0\x17\xd8\0\0\
\0\x04\x03\x44\x8a\x18\x31\xff\x01\x18\x32\x80\x02\x18\x33\x80\x04\x18\x34\x80\
\x08\x18\x35\x80\x10\0\x19\xd8\0\0\0\x4e\x04\x02\x17\x18\x36\x01\x18\x37\x02\
\x18\x38\x03\x18\x39\x04\x18\x3a\x05\x18\x3b\x06\x18\x3c\x07\x18\x3d\x08\x18\
\x3e\x09\x18\x3f\x0a\x18\x40\x0b\x18\x41\x0c\x18\x42\x0d\x18\x43\x0e\x18\x44\
\x0f\x18\x45\x10\x18\x46\x14\x18\x47\x15\x18\x48\x16\x18\x49\x17\x18\x4a\x1e\
\x18\x4b\x1f\x18\x4c\x28\x18\x4d\x32\0\x19\xd8\0\0\0\x55\x04\x02\x33\x18\x4f\0\
\x18\x50\x01\x18\x51\x02\x18\x52\x03\x18\x53\x04\x18\x54\x05\0\x19\xd8\0\0\0\
\x59\x04\x02\x47\x18\x56\0\x18\x57\x01\x18\x58\x02\0\x09\xd8\x04\0\0\x0f\xdd\
\x04\0\0\x1a\x5e\x10\x01\x03\xb8\x04\x1b\x5a\x0f\x05\0\0\x03\xb9\x04\0\x1b\x5b\
\x43\x03\0\0\x03\xba\x04\xf8\x1c\x5c\x43\x03\0\0\x03\xbb\x04\0\x01\x1c\x5d\x43\
\x03\0\0\x03\xbc\x04\x08\x01\0\x04\x43\x03\0\0\x05\x52\0\0\0\x1f\0\x0f\x0f\x05\
\0\0\x1d\x5f\0\xca\x9b\0\0\0\x1e\x60\0\xca\x39\x05\0\0\x1f\x13\0\xcc\xdc\0\0\0\
\0\x09\x3e\x05\0\0\x1a\x6d\x50\x01\x03\xbf\x04\x20\x4e\x05\0\0\x03\xc0\x04\0\
\x21\x10\x01\x03\xc0\x04\x1b\x61\xdd\x04\0\0\x03\xc1\x04\0\x20\x67\x05\0\0\x03\
\xc2\x04\0\x22\x10\x01\x03\xc2\x04\x1b\x5a\xf2\x05\0\0\x03\xc3\x04\0\x1b\x5b\
\xfe\x05\0\0\x03\xc4\x04\xf8\x1c\x5c\xfe\x05\0\0\x03\xc5\x04\0\x01\x1c\x5d\xfe\
\x05\0\0\x03\xc6\x04\x08\x01\0\0\x1c\x63\xfe\x05\0\0\x03\xc9\x04\x10\x01\x1c\
\x64\x06\x06\0\0\x03\xca\x04\x18\x01\x1c\x66\x16\x06\0\0\x03\xcb\x04\x1c\x01\
\x1c\x68\xfe\x05\0\0\x03\xcc\x04\x20\x01\x1c\x69\xfe\x05\0\0\x03\xcd\x04\x28\
\x01\x1c\x6a\x26\x06\0\0\x03\xce\x04\x30\x01\x1c\x6b\xfe\x05\0\0\x03\xcf\x04\
\x40\x01\x1c\x6c\xfe\x05\0\0\x03\xd0\x04\x48\x01\0\x04\xfe\x05\0\0\x05\x52\0\0\
\0\x1f\0\x0c\x43\x03\0\0\x62\x03\x26\x0c\x0e\x06\0\0\x65\x03\x20\x0c\x9b\0\0\0\
\x15\x03\x10\x0c\x1e\x06\0\0\x67\x03\x22\x0c\xd8\0\0\0\x0d\x03\x12\x04\xfe\x05\
\0\0\x05\x52\0\0\0\x02\0\x23\x6e\0\x98\x1e\x6f\0\x98\xdc\0\0\0\x1f\x70\0\x9a\
\xd0\0\0\0\x1f\x71\0\x9b\xdc\0\0\0\0\x24\x72\0\x93\xd0\0\0\0\x25\x08\xa8\0\0\0\
\x01\x5a\xb9\0\xca\x9b\0\0\0\x26\0\x60\0\xca\x39\x05\0\0\x27\x20\x05\0\0\x08\
\x98\0\0\0\0\xca\x05\x28\x01\x28\x05\0\0\x29\x02\x30\x05\0\0\x27\x32\x06\0\0\
\x09\x90\0\0\0\0\xcd\x05\x28\x03\x36\x06\0\0\x2a\x02\x91\x0c\x3e\x06\0\0\x29\
\x04\x46\x06\0\0\x2b\x4f\x06\0\0\x0a\x08\0\0\0\0\x9a\x11\0\0\0\x1d\x73\0\xd2\
\x9b\0\0\0\x1e\x60\0\xd2\x39\x05\0\0\x1f\x0a\0\xe2\xb8\0\0\0\x1f\x74\0\xd4\x3c\
\x03\0\0\x1f\x13\0\xd5\xdc\0\0\0\x1f\x75\0\xda\xdc\0\0\0\x1f\x0b\0\xdb\xd0\0\0\
\0\x1f\x76\0\xdc\x9b\0\0\0\x1f\x77\0\xde\x6c\x02\0\0\x1f\x78\0\xf1\x1c\x07\0\0\
\x1f\x90\0\xd6\x69\x08\0\0\x2c\x1f\x92\0\xea\xed\0\0\0\0\0\x09\x21\x07\0\0\x2d\
\x8f\0\x01\x02\x54\x08\x79\xf7\x07\0\0\x02\x55\0\x08\x07\xf7\x07\0\0\x02\x56\
\x02\x08\x1f\xf7\x07\0\0\x02\x57\x04\x08\x7c\xf7\x07\0\0\x02\x58\x06\x08\x0b\
\xd0\0\0\0\x02\x59\x08\x08\x70\xd0\0\0\0\x02\x5a\x0c\x08\x7d\xd0\0\0\0\x02\x5b\
\x10\x08\x76\x0e\x01\0\0\x02\x5c\x14\x08\x7e\xd0\0\0\0\x02\x5d\x18\x08\x7f\xd0\
\0\0\0\x02\x5e\x1c\x08\x80\xd0\0\0\0\x02\x5f\x20\x08\x81\xd0\0\0\0\x02\x60\x24\
\x08\x82\xd0\0\0\0\x02\x61\x28\x08\x83\x0e\x01\0\0\x02\x62\x2c\x08\x84\x0e\x01\
\0\0\x02\x63\x30\x08\x85\x0e\x01\0\0\x02\x64\x34\x08\x86\x03\x08\0\0\x02\x65\
\x38\x08\x89\x0f\x08\0\0\x02\x66\x39\x08\x1d\xdc\0\0\0\x02\x67\x40\x08\x8a\xdc\
\0\0\0\x02\x68\x48\x08\x0e\xdc\0\0\0\x02\x69\x50\x08\x8b\xdc\0\0\0\x02\x6a\x58\
\x08\x8c\x1b\x08\0\0\x02\x6b\x60\0\x0c\xff\x07\0\0\x7b\x01\x0c\x02\x7a\x07\x02\
\x0c\x0b\x08\0\0\x88\x01\x0a\x02\x87\x08\x01\x04\x03\x08\0\0\x05\x52\0\0\0\x07\
\0\x04\x27\x08\0\0\x05\x52\0\0\0\x04\0\x0b\x8e\x28\x02\x4d\x08\x0a\x03\x08\0\0\
\x02\x4e\0\x08\x81\x03\x08\0\0\x02\x4f\x01\x08\x89\x51\x08\0\0\x02\x50\x02\x08\
\x8d\x5d\x08\0\0\x02\x51\x08\0\x04\x03\x08\0\0\x05\x52\0\0\0\x06\0\x04\x03\x08\
\0\0\x05\x52\0\0\0\x20\0\x02\x91\x02\x01\x1d\x93\0\x9f\x69\x08\0\0\x1e\x94\0\
\x9f\xa6\x01\0\0\x1f\x70\0\xa1\xd0\0\0\0\x1f\x95\0\xa2\xa6\x01\0\0\x1f\x71\0\
\xa5\xdc\0\0\0\0\x1d\x96\0\x51\x6c\x02\0\0\x1e\x0b\0\x51\xd0\0\0\0\x1f\x77\0\
\x53\x6c\x02\0\0\x2c\x1f\x97\0\x55\x71\x02\0\0\0\0\x1d\x98\0\x5c\x1c\x07\0\0\
\x1e\x77\0\x5c\x6c\x02\0\0\x1e\x75\0\x5c\xdc\0\0\0\x1f\x0b\0\x61\xd0\0\0\0\x1f\
\x70\0\x62\xd0\0\0\0\x1f\x78\0\x64\x1c\x07\0\0\x1f\x1d\0\x80\xdc\0\0\0\0\x1d\
\x99\0\x8e\xd0\0\0\0\x1e\x12\0\x8e\xdc\0\0\0\0\x23\x9a\0\x88\x1e\x78\0\x88\x1c\
\x07\0\0\0\x25\x0b\xf0\x04\0\0\x01\x5a\xba\0\xd2\x9b\0\0\0\x26\x05\x60\0\xd2\
\x39\x05\0\0\x27\xb9\x06\0\0\x0c\xd8\x04\0\0\0\xd2\x05\x28\x06\xc1\x06\0\0\x2a\
\x02\x91\x38\xc9\x06\0\0\x29\x07\xd1\x06\0\0\x29\x08\xd9\x06\0\0\x29\x0b\xe1\
\x06\0\0\x29\x0c\xe9\x06\0\0\x29\x0e\xf1\x06\0\0\x29\x0f\xf9\x06\0\0\x29\x14\
\x01\x07\0\0\x27\x6d\x08\0\0\x0d\x98\0\0\0\0\xd6\x16\x2a\x02\x91\x38\x7d\x08\0\
\0\x29\x09\x85\x08\0\0\x29\x0a\x8d\x08\0\0\x2b\x4f\x06\0\0\x0d\x08\0\0\0\0\xa1\
\x11\0\x2e\x96\x08\0\0\0\0\xde\x24\x2f\x02\x91\x28\x9e\x08\0\0\x29\x0d\xa6\x08\
\0\0\x30\x0e\x90\0\0\0\xae\x08\0\0\x2a\x02\x91\x38\xaf\x08\0\0\0\0\x30\x0f\xa8\
\0\0\0\x11\x07\0\0\x2a\x02\x91\x28\x12\x07\0\0\0\x2e\xb9\x08\0\0\x01\0\xf1\x25\
\x2f\x01\x59\xc1\x08\0\0\x28\x10\xc9\x08\0\0\x29\x11\xd1\x08\0\0\x29\x12\xd9\
\x08\0\0\x29\x13\xe1\x08\0\0\x29\x15\xe9\x08\0\0\0\x27\xf2\x08\0\0\x10\x08\0\0\
\0\0\xfa\x1c\x2f\x01\x52\xfa\x08\0\0\0\x27\x03\x09\0\0\x11\x18\0\0\0\0\xfd\x05\
\x2f\x01\x57\x07\x09\0\0\0\0\0\x31\x9b\0\x02\x01\x9b\0\0\0\x32\x60\0\x02\x01\
\x39\x05\0\0\x33\x13\0\x05\x01\xdc\0\0\0\x33\x9c\0\x04\x01\xdc\0\0\0\x33\x9d\0\
\x06\x01\xdc\0\0\0\0\x1d\x9e\0\xaf\x9b\0\0\0\x1e\x9f\0\xaf\xdc\0\0\0\x1e\xa0\0\
\xaf\xdc\0\0\0\x1e\x94\0\xaf\xa6\x01\0\0\x1f\xa1\0\xb2\xd0\0\0\0\x1f\xa2\0\xb2\
\xd0\0\0\0\x1f\xa3\0\xb1\xd0\0\0\0\x1f\xa4\0\xb1\xd0\0\0\0\x1f\xa5\0\xb7\xdc\0\
\0\0\x1f\xa6\0\xbb\xdc\0\0\0\x1f\xa7\0\xbc\xdc\0\0\0\x1f\xa8\0\xbd\xdc\0\0\0\0\
\x34\x12\xa0\x01\0\0\x01\x5a\xbb\0\x02\x01\x9b\0\0\0\x35\x16\x60\0\x02\x01\x39\
\x05\0\0\x36\x35\x0a\0\0\x12\x90\x01\0\0\0\x02\x01\x05\x28\x17\x3e\x0a\0\0\x29\
\x18\x47\x0a\0\0\x29\x19\x50\x0a\0\0\x29\x1d\x59\x0a\0\0\x36\x63\x0a\0\0\x13\
\xd8\0\0\0\0\x07\x01\x09\x28\x1e\x6b\x0a\0\0\x28\x1a\x73\x0a\0\0\x29\x1b\x83\
\x0a\0\0\x29\x1c\x8b\x0a\0\0\x29\x1f\x93\x0a\0\0\x29\x20\x9b\x0a\0\0\x29\x21\
\xa3\x0a\0\0\x29\x22\xab\x0a\0\0\x29\x23\xb3\x0a\0\0\x29\x24\xbb\x0a\0\0\0\x36\
\x32\x06\0\0\x14\x90\0\0\0\0\x09\x01\x05\x28\x25\x36\x06\0\0\x2a\x02\x91\x0c\
\x3e\x06\0\0\x2a\x02\x91\0\x46\x06\0\0\x2b\x4f\x06\0\0\x15\x08\0\0\0\0\x9a\x11\
\0\0\0\x31\xa9\0\x0e\x01\x9b\0\0\0\x32\x60\0\x0e\x01\x39\x05\0\0\x33\x0a\0\x1e\
\x01\xb8\0\0\0\x33\x74\0\x10\x01\x3c\x03\0\0\x33\x13\0\x11\x01\xdc\0\0\0\x33\
\x75\0\x16\x01\xdc\0\0\0\x33\x0b\0\x17\x01\xd0\0\0\0\x33\x76\0\x18\x01\x9b\0\0\
\0\x33\x77\0\x1a\x01\x6c\x02\0\0\x33\x78\0\x2d\x01\x1c\x07\0\0\x33\x90\0\x12\
\x01\x69\x08\0\0\x2c\x33\x92\0\x26\x01\xed\0\0\0\0\0\x34\x16\xf0\x04\0\0\x01\
\x5a\xbc\0\x0e\x01\x9b\0\0\0\x35\x26\x60\0\x0e\x01\x39\x05\0\0\x36\x83\x0b\0\0\
\x17\xd8\x04\0\0\0\x0e\x01\x05\x28\x27\x8c\x0b\0\0\x2a\x02\x91\x38\x95\x0b\0\0\
\x29\x28\x9e\x0b\0\0\x29\x29\xa7\x0b\0\0\x29\x2c\xb0\x0b\0\0\x29\x2d\xb9\x0b\0\
\0\x29\x2f\xc2\x0b\0\0\x29\x30\xcb\x0b\0\0\x29\x35\xd4\x0b\0\0\x36\x6d\x08\0\0\
\x18\x98\0\0\0\0\x12\x01\x16\x2a\x02\x91\x38\x7d\x08\0\0\x29\x2a\x85\x08\0\0\
\x29\x2b\x8d\x08\0\0\x2b\x4f\x06\0\0\x18\x08\0\0\0\0\xa1\x11\0\x37\x96\x08\0\0\
\x02\0\x1a\x01\x24\x2f\x02\x91\x28\x9e\x08\0\0\x29\x2e\xa6\x08\0\0\x30\x19\x90\
\0\0\0\xae\x08\0\0\x2a\x02\x91\x38\xaf\x08\0\0\0\0\x30\x1a\xa8\0\0\0\xe6\x0b\0\
\0\x2a\x02\x91\x28\xe7\x0b\0\0\0\x37\xb9\x08\0\0\x03\0\x2d\x01\x25\x2f\x01\x59\
\xc1\x08\0\0\x28\x31\xc9\x08\0\0\x29\x32\xd1\x08\0\0\x29\x33\xd9\x08\0\0\x29\
\x34\xe1\x08\0\0\x29\x36\xe9\x08\0\0\0\x36\xf2\x08\0\0\x1b\x08\0\0\0\0\x36\x01\
\x1c\x2f\x01\x52\xfa\x08\0\0\0\x36\x03\x09\0\0\x1c\x18\0\0\0\0\x39\x01\x05\x2f\
\x01\x57\x07\x09\0\0\0\0\0\x31\xaa\0\x3e\x01\x9b\0\0\0\x32\x60\0\x3e\x01\x39\
\x05\0\0\x33\xab\0\x41\x01\xdc\0\0\0\x33\xac\0\x40\x01\x3c\x03\0\0\x2c\x33\x70\
\0\x43\x01\xd0\0\0\0\x33\x0e\0\x44\x01\xdc\0\0\0\0\0\x34\x1d\x10\x01\0\0\x01\
\x5a\xbd\0\x3e\x01\x9b\0\0\0\x35\x37\x60\0\x3e\x01\x39\x05\0\0\x36\x1f\x0d\0\0\
\x1d\0\x01\0\0\0\x3e\x01\x05\x28\x38\x28\x0d\0\0\x29\x39\x31\x0d\0\0\x29\x3a\
\x3a\x0d\0\0\x30\x1e\x58\0\0\0\x43\x0d\0\0\x2a\x02\x91\x0c\x44\x0d\0\0\x2a\x02\
\x91\0\x4d\x0d\0\0\x38\x4f\x06\0\0\x1e\x08\0\0\0\0\x43\x01\x15\0\x36\x32\x06\0\
\0\x1f\x90\0\0\0\0\x47\x01\x05\x28\x3b\x36\x06\0\0\x2a\x02\x91\x0c\x3e\x06\0\0\
\x2a\x02\x91\0\x46\x06\0\0\x2b\x4f\x06\0\0\x20\x08\0\0\0\0\x9a\x11\0\0\0\x31\
\xad\0\x4c\x01\x9b\0\0\0\x32\x60\0\x4c\x01\x39\x05\0\0\x33\x70\0\x51\x01\xd0\0\
\0\0\x33\xae\0\x5f\x01\xb8\0\0\0\x33\xaf\0\x63\x01\xb8\0\0\0\x33\x74\0\x4e\x01\
\x3c\x03\0\0\x33\x13\0\x4f\x01\xdc\0\0\0\x33\xb0\0\x52\x01\xa6\x01\0\0\x33\xb1\
\0\x53\x01\xdc\0\0\0\x33\x75\0\x57\x01\xdc\0\0\0\x33\x0b\0\x58\x01\xd0\0\0\0\
\x33\x76\0\x59\x01\x9b\0\0\0\x33\x77\0\x5b\x01\x6c\x02\0\0\x33\x78\0\x7b\x01\
\x1c\x07\0\0\x33\x90\0\x50\x01\x69\x08\0\0\x2c\x33\x92\0\x74\x01\xed\0\0\0\0\0\
\x34\x21\x28\x06\0\0\x01\x5a\xbe\0\x4c\x01\x9b\0\0\0\x35\x3c\x60\0\x4c\x01\x39\
\x05\0\0\x36\xef\x0d\0\0\x22\x10\x06\0\0\0\x4c\x01\x05\x28\x3d\xf8\x0d\0\0\x2a\
\x03\x91\xcc\0\x01\x0e\0\0\x2a\x03\x91\xd0\0\x0a\x0e\0\0\x2a\x02\x91\x38\x13\
\x0e\0\0\x29\x3e\x1c\x0e\0\0\x29\x3f\x25\x0e\0\0\x29\x43\x2e\x0e\0\0\x29\x44\
\x37\x0e\0\0\x29\x45\x40\x0e\0\0\x29\x46\x49\x0e\0\0\x29\x48\x52\x0e\0\0\x29\
\x49\x5b\x0e\0\0\x29\x4e\x64\x0e\0\0\x36\x6d\x08\0\0\x23\xa0\0\0\0\0\x50\x01\
\x16\x29\x40\x7d\x08\0\0\x29\x41\x85\x08\0\0\x29\x42\x8d\x08\0\0\x2b\x4f\x06\0\
\0\x23\x10\0\0\0\0\xa1\x11\0\x38\x4f\x06\0\0\x24\x08\0\0\0\0\x51\x01\x11\x37\
\x96\x08\0\0\x04\0\x5b\x01\x24\x2f\x02\x91\x38\x9e\x08\0\0\x29\x47\xa6\x08\0\0\
\x30\x25\x90\0\0\0\xae\x08\0\0\x2a\x03\x91\xd0\0\xaf\x08\0\0\0\0\x30\x26\xb0\0\
\0\0\x76\x0e\0\0\x2a\x02\x91\x28\x77\x0e\0\0\0\x37\xb9\x08\0\0\x05\0\x7b\x01\
\x25\x2f\x01\x59\xc1\x08\0\0\x28\x4a\xc9\x08\0\0\x29\x4b\xd1\x08\0\0\x29\x4c\
\xd9\x08\0\0\x29\x4d\xe1\x08\0\0\x29\x4f\xe9\x08\0\0\0\x36\xf2\x08\0\0\x27\x08\
\0\0\0\0\x84\x01\x1c\x2f\x01\x52\xfa\x08\0\0\0\x36\x03\x09\0\0\x28\x18\0\0\0\0\
\x87\x01\x05\x2f\x01\x57\x07\x09\0\0\0\0\0\x31\xb2\0\x8c\x01\x9b\0\0\0\x32\x60\
\0\x8c\x01\x39\x05\0\0\x33\x0a\0\x95\x01\xb8\0\0\0\x33\x95\0\x8e\x01\x3c\x03\0\
\0\x33\x75\0\x92\x01\xdc\0\0\0\x33\x0b\0\x93\x01\xd0\0\0\0\x33\x92\0\x9a\x01\
\xe8\0\0\0\x33\xb3\0\x9b\x01\xe8\0\0\0\x33\xb4\0\x9d\x01\x03\x08\0\0\x33\x13\0\
\x9e\x01\xdc\0\0\0\x33\xb5\0\x9f\x01\x0e\x01\0\0\x33\x77\0\xae\x01\x6c\x02\0\0\
\x33\x76\0\xb5\x01\x9b\0\0\0\x33\x78\0\xb7\x01\x1c\x07\0\0\x2c\x33\xb6\0\xc7\
\x01\xed\0\0\0\0\0\x34\x29\xf8\x04\0\0\x01\x5a\xbf\0\x8c\x01\x9b\0\0\0\x35\x50\
\x60\0\x8c\x01\x39\x05\0\0\x36\xda\x0f\0\0\x29\xe8\x04\0\0\0\x8c\x01\x05\x28\
\x51\xe3\x0f\0\0\x2a\x02\x91\x30\xec\x0f\0\0\x29\x52\xf5\x0f\0\0\x29\x53\xfe\
\x0f\0\0\x29\x54\x07\x10\0\0\x29\x55\x10\x10\0\0\x29\x56\x19\x10\0\0\x29\x57\
\x22\x10\0\0\x29\x58\x2b\x10\0\0\x29\x59\x34\x10\0\0\x29\x5c\x3d\x10\0\0\x29\
\x5d\x46\x10\0\0\x29\x62\x4f\x10\0\0\x37\x96\x08\0\0\x06\0\xae\x01\x24\x2f\x03\
\x91\xd4\0\x9e\x08\0\0\x29\x5b\xa6\x08\0\0\x39\x07\xae\x08\0\0\x29\x5a\xaf\x08\
\0\0\0\0\x37\xb9\x08\0\0\x08\0\xb7\x01\x25\x2f\x02\x91\x08\xc1\x08\0\0\x28\x5e\
\xc9\x08\0\0\x29\x5f\xd1\x08\0\0\x29\x60\xd9\x08\0\0\x29\x61\xe1\x08\0\0\x29\
\x63\xe9\x08\0\0\0\x36\xf2\x08\0\0\x2a\x08\0\0\0\0\xc0\x01\x17\x2f\x01\x53\xfa\
\x08\0\0\0\x30\x2b\x88\0\0\0\x58\x10\0\0\x2a\x03\x91\xc0\0\x59\x10\0\0\0\x36\
\x03\x09\0\0\x2c\x18\0\0\0\0\xcc\x01\x05\x2f\x01\x58\x07\x09\0\0\0\0\0\0\xc7\0\
\0\0\x05\0\x08\0\x0a\0\0\0\x28\0\0\0\x35\0\0\0\x42\0\0\0\x4f\0\0\0\x5c\0\0\0\
\x69\0\0\0\x76\0\0\0\x88\0\0\0\x95\0\0\0\xa2\0\0\0\x01\x0b\x04\xc0\x02\xe8\x02\
\x04\xf8\x02\x88\x04\0\x01\x0b\x04\xf8\x05\xc8\x06\x04\xd0\x06\xa8\x08\0\x01\
\x16\x04\xc0\x02\xe8\x02\x04\xf8\x02\x88\x04\0\x01\x16\x04\xf8\x05\xc8\x06\x04\
\xd0\x06\xa8\x08\0\x01\x21\x04\xa8\x03\xd0\x03\x04\xe0\x03\xf0\x04\0\x01\x21\
\x04\xa8\x08\xf8\x08\x04\x80\x09\xe0\x0a\0\x01\x29\x04\xb0\x02\xd0\x02\x04\xe0\
\x02\xb8\x03\x04\xd0\x03\xe8\x03\0\x01\x29\x04\xe0\x02\xb8\x03\x04\xd0\x03\xe8\
\x03\0\x01\x29\x04\xd0\x04\xa8\x05\x04\xb0\x05\x90\x07\0\x03\x08\xa8\x01\x03\
\x0b\xf0\x09\x03\x12\xa0\x03\x03\x16\xf0\x09\x03\x1d\x90\x02\x03\x21\xa8\x0c\
\x03\x29\xf8\x09\0\x04\x03\0\0\x05\0\0\0\0\0\0\0\x1e\0\0\0\x31\0\0\0\x75\0\0\0\
\x7d\0\0\0\x82\0\0\0\x96\0\0\0\x9d\0\0\0\xa2\0\0\0\xa6\0\0\0\xb2\0\0\0\xb6\0\0\
\0\xba\0\0\0\xc7\0\0\0\xcd\0\0\0\xd2\0\0\0\xe5\0\0\0\xeb\0\0\0\xf8\0\0\0\xfe\0\
\0\0\x03\x01\0\0\x12\x01\0\0\x18\x01\0\0\x1d\x01\0\0\x2b\x01\0\0\x31\x01\0\0\
\x39\x01\0\0\x45\x01\0\0\x55\x01\0\0\x64\x01\0\0\x68\x01\0\0\x6e\x01\0\0\x74\
\x01\0\0\x86\x01\0\0\x8e\x01\0\0\x97\x01\0\0\xa2\x01\0\0\xb6\x01\0\0\xbb\x01\0\
\0\xd4\x01\0\0\xe4\x01\0\0\xf8\x01\0\0\x0c\x02\0\0\x20\x02\0\0\x31\x02\0\0\x44\
\x02\0\0\x4c\x02\0\0\x58\x02\0\0\x62\x02\0\0\x6d\x02\0\0\x83\x02\0\0\x94\x02\0\
\0\xa9\x02\0\0\xbd\x02\0\0\xd1\x02\0\0\xe9\x02\0\0\xff\x02\0\0\x15\x03\0\0\x2d\
\x03\0\0\x45\x03\0\0\x5e\x03\0\0\x76\x03\0\0\x8e\x03\0\0\xa4\x03\0\0\xbb\x03\0\
\0\xd1\x03\0\0\xe7\x03\0\0\xfc\x03\0\0\x12\x04\0\0\x2d\x04\0\0\x4a\x04\0\0\x64\
\x04\0\0\x7e\x04\0\0\x9a\x04\0\0\xb6\x04\0\0\xd4\x04\0\0\xf2\x04\0\0\x0c\x05\0\
\0\x28\x05\0\0\x39\x05\0\0\x4f\x05\0\0\x66\x05\0\0\x80\x05\0\0\x9a\x05\0\0\xb1\
\x05\0\0\xc7\x05\0\0\xdd\x05\0\0\xf1\x05\0\0\x09\x06\0\0\x22\x06\0\0\x3a\x06\0\
\0\x3f\x06\0\0\x42\x06\0\0\x45\x06\0\0\x4c\x06\0\0\x59\x06\0\0\x6c\x06\0\0\x70\
\x06\0\0\x7a\x06\0\0\x7e\x06\0\0\x86\x06\0\0\x90\x06\0\0\x94\x06\0\0\x9c\x06\0\
\0\xa0\x06\0\0\xab\x06\0\0\xb4\x06\0\0\xbf\x06\0\0\xd0\x06\0\0\xd9\x06\0\0\xe1\
\x06\0\0\xef\x06\0\0\xf2\x06\0\0\xf6\x06\0\0\xfa\x06\0\0\x02\x07\0\0\x14\x07\0\
\0\x18\x07\0\0\x21\x07\0\0\x2a\x07\0\0\x2d\x07\0\0\x31\x07\0\0\x39\x07\0\0\x48\
\x07\0\0\x4e\x07\0\0\x58\x07\0\0\x60\x07\0\0\x69\x07\0\0\x76\x07\0\0\x81\x07\0\
\0\x85\x07\0\0\x90\x07\0\0\x93\x07\0\0\x9d\x07\0\0\xa8\x07\0\0\xb4\x07\0\0\xc2\
\x07\0\0\xc7\x07\0\0\xd0\x07\0\0\xd6\x07\0\0\xe0\x07\0\0\xe6\x07\0\0\xeb\x07\0\
\0\xfd\x07\0\0\x0f\x08\0\0\x19\x08\0\0\x1f\x08\0\0\x24\x08\0\0\x36\x08\0\0\x3a\
\x08\0\0\x3c\x08\0\0\x4f\x08\0\0\x54\x08\0\0\x6b\x08\0\0\x78\x08\0\0\x8e\x08\0\
\0\xa1\x08\0\0\xa7\x08\0\0\xad\x08\0\0\xbe\x08\0\0\xc0\x08\0\0\xc2\x08\0\0\xc5\
\x08\0\0\xc8\x08\0\0\xcb\x08\0\0\xce\x08\0\0\xd2\x08\0\0\xd6\x08\0\0\xdb\x08\0\
\0\xdf\x08\0\0\xf1\x08\0\0\x05\x09\0\0\x0c\x09\0\0\x11\x09\0\0\x24\x09\0\0\x2c\
\x09\0\0\x34\x09\0\0\x39\x09\0\0\x3d\x09\0\0\x4e\x09\0\0\x53\x09\0\0\x5a\x09\0\
\0\x66\x09\0\0\x6f\x09\0\0\x82\x09\0\0\x95\x09\0\0\xa4\x09\0\0\xb2\x09\0\0\xc1\
\x09\0\0\xcf\x09\0\0\xdf\x09\0\0\xee\x09\0\0\x48\x6f\x6d\x65\x62\x72\x65\x77\
\x20\x63\x6c\x61\x6e\x67\x20\x76\x65\x72\x73\x69\x6f\x6e\x20\x32\x31\x2e\x31\
\x2e\x31\0\x68\x65\x61\x70\x5f\x74\x72\x61\x63\x6b\x65\x72\x2e\x62\x70\x66\x2e\
\x63\0\x2f\x55\x73\x65\x72\x73\x2f\x61\x64\x69\x74\x68\x79\x61\x73\x72\x69\x6e\
\x69\x76\x61\x73\x61\x6e\x2f\x50\x72\x6f\x6a\x65\x63\x74\x73\x2f\x61\x69\x2d\
\x63\x6f\x6d\x70\x69\x6c\x65\x72\x2f\x72\x65\x63\x6f\x6d\x70\x69\x6c\x65\x2f\
\x72\x75\x6e\x74\x69\x6d\x65\x2f\x62\x70\x66\0\x4c\x49\x43\x45\x4e\x53\x45\0\
\x63\x68\x61\x72\0\x5f\x5f\x41\x52\x52\x41\x59\x5f\x53\x49\x5a\x45\x5f\x54\x59\
\x50\x45\x5f\x5f\0\x61\x6c\x6c\x6f\x63\x73\0\x74\x79\x70\x65\0\x69\x6e\x74\0\
\x6d\x61\x78\x5f\x65\x6e\x74\x72\x69\x65\x73\0\x6b\x65\x79\0\x70\x69\x64\0\x75\
\x6e\x73\x69\x67\x6e\x65\x64\x20\x69\x6e\x74\0\x5f\x5f\x75\x33\x32\0\x61\x64\
\x64\x72\0\x75\x6e\x73\x69\x67\x6e\x65\x64\x20\x6c\x6f\x6e\x67\x20\x6c\x6f\x6e\
\x67\0\x5f\x5f\x75\x36\x34\0\x72\x65\x5f\x61\x6c\x6c\x6f\x63\x5f\x6b\x65\x79\0\
\x76\x61\x6c\x75\x65\0\x73\x69\x7a\x65\0\x61\x6c\x6c\x6f\x63\x5f\x73\x74\x61\
\x63\x6b\x5f\x69\x64\0\x5f\x5f\x73\x33\x32\0\x5f\x70\x61\x64\0\x72\x65\x5f\x61\
\x6c\x6c\x6f\x63\x5f\x69\x6e\x66\x6f\0\x66\x72\x65\x65\x64\0\x70\x65\x6e\x64\
\x69\x6e\x67\0\x72\x65\x61\x6c\x6c\x6f\x63\x5f\x6f\x6c\x64\0\x73\x65\x6e\x74\
\x69\x6e\x65\x6c\x5f\x65\x76\x65\x6e\x74\x73\0\x73\x65\x6e\x74\x69\x6e\x65\x6c\
\x5f\x73\x74\x61\x74\x65\0\x73\x65\x71\0\x64\x72\x6f\x70\x73\0\x66\x6c\x61\x67\
\x73\0\x72\x65\x5f\x73\x65\x6e\x74\x69\x6e\x65\x6c\x5f\x73\x74\x61\x74\x65\0\
\x75\x73\x74\x61\x63\x6b\x73\0\x6b\x65\x79\x5f\x73\x69\x7a\x65\0\x76\x61\x6c\
\x75\x65\x5f\x73\x69\x7a\x65\0\x62\x70\x66\x5f\x6d\x61\x70\x5f\x75\x70\x64\x61\
\x74\x65\x5f\x65\x6c\x65\x6d\0\x6c\x6f\x6e\x67\0\x62\x70\x66\x5f\x67\x65\x74\
\x5f\x63\x75\x72\x72\x65\x6e\x74\x5f\x70\x69\x64\x5f\x74\x67\x69\x64\0\x62\x70\
\x66\x5f\x67\x65\x74\x5f\x73\x74\x61\x63\x6b\x69\x64\0\x62\x70\x66\x5f\x6d\x61\
\x70\x5f\x64\x65\x6c\x65\x74\x65\x5f\x65\x6c\x65\x6d\0\x62\x70\x66\x5f\x6d\x61\
\x70\x5f\x6c\x6f\x6f\x6b\x75\x70\x5f\x65\x6c\x65\x6d\0\x62\x70\x66\x5f\x72\x69\
\x6e\x67\x62\x75\x66\x5f\x72\x65\x73\x65\x72\x76\x65\0\x62\x70\x66\x5f\x6b\x74\
\x69\x6d\x65\x5f\x67\x65\x74\x5f\x6e\x73\0\x62\x70\x66\x5f\x72\x69\x6e\x67\x62\
\x75\x66\x5f\x73\x75\x62\x6d\x69\x74\0\x42\x50\x46\x5f\x41\x4e\x59\0\x42\x50\
\x46\x5f\x4e\x4f\x45\x58\x49\x53\x54\0\x42\x50\x46\x5f\x45\x58\x49\x53\x54\0\
\x42\x50\x46\x5f\x46\x5f\x4c\x4f\x43\x4b\0\x42\x50\x46\x5f\x46\x5f\x53\x4b\x49\
\x50\x5f\x46\x49\x45\x4c\x44\x5f\x4d\x41\x53\x4b\0\x42\x50\x46\x5f\x46\x5f\x55\
\x53\x45\x52\x5f\x53\x54\x41\x43\x4b\0\x42\x50\x46\x5f\x46\x5f\x46\x41\x53\x54\
\x5f\x53\x54\x41\x43\x4b\x5f\x43\x4d\x50\0\x42\x50\x46\x5f\x46\x5f\x52\x45\x55\
\x53\x45\x5f\x53\x54\x41\x43\x4b\x49\x44\0\x42\x50\x46\x5f\x46\x5f\x55\x53\x45\
\x52\x5f\x42\x55\x49\x4c\x44\x5f\x49\x44\0\x52\x45\x5f\x53\x45\x4e\x54\x49\x4e\
\x45\x4c\x5f\x54\x59\x50\x45\x5f\x4d\x41\x4c\x4c\x4f\x43\0\x52\x45\x5f\x53\x45\
\x4e\x54\x49\x4e\x45\x4c\x5f\x54\x59\x50\x45\x5f\x46\x52\x45\x45\0\x52\x45\x5f\
\x53\x45\x4e\x54\x49\x4e\x45\x4c\x5f\x54\x59\x50\x45\x5f\x4d\x4d\x41\x50\0\x52\
\x45\x5f\x53\x45\x4e\x54\x49\x4e\x45\x4c\x5f\x54\x59\x50\x45\x5f\x4d\x55\x4e\
\x4d\x41\x50\0\x52\x45\x5f\x53\x45\x4e\x54\x49\x4e\x45\x4c\x5f\x54\x59\x50\x45\
\x5f\x4d\x45\x4d\x43\x50\x59\0\x52\x45\x5f\x53\x45\x4e\x54\x49\x4e\x45\x4c\x5f\
\x54\x59\x50\x45\x5f\x4d\x45\x4d\x4d\x4f\x56\x45\0\x52\x45\x5f\x53\x45\x4e\x54\
\x49\x4e\x45\x4c\x5f\x54\x59\x50\x45\x5f\x53\x54\x52\x43\x50\x59\0\x52\x45\x5f\
\x53\x45\x4e\x54\x49\x4e\x45\x4c\x5f\x54\x59\x50\x45\x5f\x53\x54\x52\x4c\x45\
\x4e\0\x52\x45\x5f\x53\x45\x4e\x54\x49\x4e\x45\x4c\x5f\x54\x59\x50\x45\x5f\x52\
\x45\x41\x44\0\x52\x45\x5f\x53\x45\x4e\x54\x49\x4e\x45\x4c\x5f\x54\x59\x50\x45\
\x5f\x57\x52\x49\x54\x45\0\x52\x45\x5f\x53\x45\x4e\x54\x49\x4e\x45\x4c\x5f\x54\
\x59\x50\x45\x5f\x53\x45\x4e\x44\0\x52\x45\x5f\x53\x45\x4e\x54\x49\x4e\x45\x4c\
\x5f\x54\x59\x50\x45\x5f\x52\x45\x43\x56\0\x52\x45\x5f\x53\x45\x4e\x54\x49\x4e\
\x45\x4c\x5f\x54\x59\x50\x45\x5f\x44\x55\x50\0\x52\x45\x5f\x53\x45\x4e\x54\x49\
\x4e\x45\x4c\x5f\x54\x59\x50\x45\x5f\x50\x49\x50\x45\0\x52\x45\x5f\x53\x45\x4e\
\x54\x49\x4e\x45\x4c\x5f\x54\x59\x50\x45\x5f\x45\x50\x4f\x4c\x4c\x5f\x43\x54\
\x4c\0\x52\x45\x5f\x53\x45\x4e\x54\x49\x4e\x45\x4c\x5f\x54\x59\x50\x45\x5f\x49\
\x4e\x4f\x54\x49\x46\x59\x5f\x41\x44\x44\0\x52\x45\x5f\x53\x45\x4e\x54\x49\x4e\
\x45\x4c\x5f\x54\x59\x50\x45\x5f\x4c\x4f\x43\x4b\x5f\x41\x43\x51\0\x52\x45\x5f\
\x53\x45\x4e\x54\x49\x4e\x45\x4c\x5f\x54\x59\x50\x45\x5f\x4c\x4f\x43\x4b\x5f\
\x52\x45\x4c\0\x52\x45\x5f\x53\x45\x4e\x54\x49\x4e\x45\x4c\x5f\x54\x59\x50\x45\
\x5f\x46\x55\x54\x45\x58\x5f\x57\x41\x49\x54\0\x52\x45\x5f\x53\x45\x4e\x54\x49\
\x4e\x45\x4c\x5f\x54\x59\x50\x45\x5f\x46\x55\x54\x45\x58\x5f\x57\x41\x4b\x45\0\
\x52\x45\x5f\x53\x45\x4e\x54\x49\x4e\x45\x4c\x5f\x54\x59\x50\x45\x5f\x53\x49\
\x47\x4e\x41\x4c\x5f\x45\x4e\x54\x45\x52\0\x52\x45\x5f\x53\x45\x4e\x54\x49\x4e\
\x45\x4c\x5f\x54\x59\x50\x45\x5f\x53\x49\x47\x4e\x41\x4c\x5f\x46\x41\x55\x4c\
\x54\0\x52\x45\x5f\x53\x45\x4e\x54\x49\x4e\x45\x4c\x5f\x54\x59\x50\x45\x5f\x53\
\x45\x47\x46\x41\x55\x4c\x54\0\x52\x45\x5f\x53\x45\x4e\x54\x49\x4e\x45\x4c\x5f\
\x54\x59\x50\x45\x5f\x4d\x41\x52\x4b\x5f\x46\x4c\x55\x53\x48\0\x72\x65\x5f\x73\
\x65\x6e\x74\x69\x6e\x65\x6c\x5f\x74\x79\x70\x65\0\x52\x45\x5f\x53\x45\x4e\x54\
\x49\x4e\x45\x4c\x5f\x4c\x4f\x43\x4b\x5f\x4e\x4f\x4e\x45\0\x52\x45\x5f\x53\x45\
\x4e\x54\x49\x4e\x45\x4c\x5f\x4c\x4f\x43\x4b\x5f\x4d\x55\x54\x45\x58\0\x52\x45\
\x5f\x53\x45\x4e\x54\x49\x4e\x45\x4c\x5f\x4c\x4f\x43\x4b\x5f\x52\x57\x4c\x4f\
\x43\x4b\x5f\x52\0\x52\x45\x5f\x53\x45\x4e\x54\x49\x4e\x45\x4c\x5f\x4c\x4f\x43\
\x4b\x5f\x52\x57\x4c\x4f\x43\x4b\x5f\x57\0\x52\x45\x5f\x53\x45\x4e\x54\x49\x4e\
\x45\x4c\x5f\x4c\x4f\x43\x4b\x5f\x46\x55\x54\x45\x58\0\x52\x45\x5f\x53\x45\x4e\
\x54\x49\x4e\x45\x4c\x5f\x4c\x4f\x43\x4b\x5f\x53\x50\x49\x4e\0\x72\x65\x5f\x73\
\x65\x6e\x74\x69\x6e\x65\x6c\x5f\x6c\x6f\x63\x6b\x5f\x6b\x69\x6e\x64\0\x52\x45\
\x5f\x53\x45\x4e\x54\x49\x4e\x45\x4c\x5f\x46\x52\x45\x45\x5f\x4f\x4b\0\x52\x45\
\x5f\x53\x45\x4e\x54\x49\x4e\x45\x4c\x5f\x46\x52\x45\x45\x5f\x44\x4f\x55\x42\
\x4c\x45\0\x52\x45\x5f\x53\x45\x4e\x54\x49\x4e\x45\x4c\x5f\x46\x52\x45\x45\x5f\
\x49\x4e\x56\x41\x4c\x49\x44\0\x72\x65\x5f\x73\x65\x6e\x74\x69\x6e\x65\x6c\x5f\
\x66\x72\x65\x65\x5f\x73\x74\x61\x74\x75\x73\0\x72\x65\x67\x73\0\x73\x70\0\x70\
\x63\0\x70\x73\x74\x61\x74\x65\0\x75\x73\x65\x72\x5f\x70\x74\x5f\x72\x65\x67\
\x73\0\x5f\x5f\x5f\x5f\x75\x5f\x6d\x61\x6c\x6c\x6f\x63\x5f\x65\x6e\x74\x65\x72\
\0\x63\x74\x78\0\x75\x73\x65\x72\x5f\x72\x65\x67\x73\0\x75\x36\x34\0\x6f\x72\
\x69\x67\x5f\x78\x30\0\x73\x79\x73\x63\x61\x6c\x6c\x6e\x6f\0\x73\x33\x32\0\x75\
\x6e\x75\x73\x65\x64\x32\0\x75\x33\x32\0\x73\x64\x65\x69\x5f\x74\x74\x62\x72\
\x31\0\x70\x6d\x72\x5f\x73\x61\x76\x65\0\x73\x74\x61\x63\x6b\x66\x72\x61\x6d\
\x65\0\x6c\x6f\x63\x6b\x64\x65\x70\x5f\x68\x61\x72\x64\x69\x72\x71\x73\0\x65\
\x78\x69\x74\x5f\x72\x63\x75\0\x70\x74\x5f\x72\x65\x67\x73\0\x72\x65\x6d\x65\
\x6d\x62\x65\x72\x5f\x73\x69\x7a\x65\0\x73\x7a\0\x74\x69\x64\0\x65\x6e\x63\0\
\x67\x65\x74\x5f\x74\x69\x64\0\x5f\x5f\x5f\x5f\x75\x5f\x6d\x61\x6c\x6c\x6f\x63\
\x5f\x65\x78\x69\x74\0\x72\x65\x74\0\x70\x69\x64\x5f\x74\x67\x69\x64\0\x73\x74\
\x61\x63\x6b\x5f\x69\x64\0\x73\x74\0\x65\x76\x74\0\x76\x65\x72\x73\x69\x6f\x6e\
\0\x75\x6e\x73\x69\x67\x6e\x65\x64\x20\x73\x68\x6f\x72\x74\0\x5f\x5f\x75\x31\
\x36\0\x6c\x6f\x63\x6b\x5f\x6b\x69\x6e\x64\0\x73\x69\x74\x65\x5f\x69\x64\0\x73\
\x74\x61\x63\x6b\x5f\x66\x70\0\x6c\x6f\x63\x6b\x5f\x73\x69\x74\x65\x5f\x69\x64\
\0\x64\x72\x6f\x70\x5f\x63\x6f\x75\x6e\x74\0\x6c\x65\x6e\0\x61\x6c\x6c\x6f\x63\
\x5f\x73\x69\x7a\x65\0\x66\x64\0\x62\x79\x74\x65\x73\x5f\x72\x65\x74\0\x65\x72\
\x72\x6e\x6f\x5f\x63\x6f\x64\x65\0\x65\x78\x74\x72\x61\x5f\x63\x6f\x75\x6e\x74\
\0\x75\x6e\x73\x69\x67\x6e\x65\x64\x20\x63\x68\x61\x72\0\x5f\x5f\x75\x38\0\x72\
\x65\x73\x65\x72\x76\x65\x64\0\x74\x73\x5f\x6e\x73\0\x6c\x6f\x63\x6b\x5f\x61\
\x64\x64\x72\0\x65\x78\x74\x72\x61\0\x64\x61\x74\x61\0\x72\x65\x5f\x73\x65\x6e\
\x74\x69\x6e\x65\x6c\x5f\x65\x78\x74\x72\x61\0\x72\x65\x5f\x73\x65\x6e\x74\x69\
\x6e\x65\x6c\x5f\x65\x76\x65\x6e\x74\0\x68\x61\x76\x65\x5f\x73\x69\x7a\x65\0\
\x5f\x42\x6f\x6f\x6c\0\x69\x6e\x66\x6f\0\x74\x61\x6b\x65\x5f\x70\x65\x6e\x64\
\x69\x6e\x67\x5f\x73\x69\x7a\x65\0\x6f\x75\x74\0\x70\0\x73\x65\x6e\x74\x69\x6e\
\x65\x6c\x5f\x67\x65\x74\x5f\x73\x74\x61\x74\x65\0\x7a\x65\x72\x6f\0\x73\x65\
\x6e\x74\x69\x6e\x65\x6c\x5f\x65\x76\x65\x6e\x74\x5f\x72\x65\x73\x65\x72\x76\
\x65\0\x73\x61\x74\x75\x72\x61\x74\x65\x5f\x75\x33\x32\0\x73\x65\x6e\x74\x69\
\x6e\x65\x6c\x5f\x65\x76\x65\x6e\x74\x5f\x73\x75\x62\x6d\x69\x74\0\x5f\x5f\x5f\
\x5f\x75\x5f\x63\x61\x6c\x6c\x6f\x63\x5f\x65\x6e\x74\x65\x72\0\x6e\x6d\x65\x6d\
\x62\0\x74\x6f\x74\x61\x6c\0\x6d\x75\x6c\x5f\x6f\x76\x65\x72\x66\x6c\x6f\x77\
\x5f\x75\x36\x34\0\x61\0\x62\0\x62\x68\0\x62\x6c\0\x61\x68\0\x61\x6c\0\x6d\x69\
\x64\0\x6c\x6f\x77\0\x68\x69\x67\x68\0\x72\x65\x73\0\x5f\x5f\x5f\x5f\x75\x5f\
\x63\x61\x6c\x6c\x6f\x63\x5f\x65\x78\x69\x74\0\x5f\x5f\x5f\x5f\x75\x5f\x72\x65\
\x61\x6c\x6c\x6f\x63\x5f\x65\x6e\x74\x65\x72\0\x6e\x65\x77\x5f\x73\x7a\0\x6f\
\x6c\x64\x70\0\x5f\x5f\x5f\x5f\x75\x5f\x72\x65\x61\x6c\x6c\x6f\x63\x5f\x65\x78\
\x69\x74\0\x6e\x65\x77\x5f\x6b\x65\x79\0\x6f\x6c\x64\x5f\x6b\x65\x79\0\x70\x6f\
\x6c\x64\0\x6f\x6c\x64\0\x5f\x5f\x5f\x5f\x75\x5f\x66\x72\x65\x65\x5f\x65\x6e\
\x74\x65\x72\0\x70\x72\x65\x76\0\x73\x74\x61\x74\x75\x73\0\x61\x6c\x6c\x6f\x63\
\x5f\x73\x74\x61\x63\x6b\0\x73\x6e\x61\x70\x73\x68\x6f\x74\0\x44\x57\x5f\x41\
\x54\x45\x5f\x75\x6e\x73\x69\x67\x6e\x65\x64\x5f\x33\x32\0\x44\x57\x5f\x41\x54\
\x45\x5f\x75\x6e\x73\x69\x67\x6e\x65\x64\x5f\x36\x34\0\x75\x5f\x6d\x61\x6c\x6c\
\x6f\x63\x5f\x65\x6e\x74\x65\x72\0\x75\x5f\x6d\x61\x6c\x6c\x6f\x63\x5f\x65\x78\
\x69\x74\0\x75\x5f\x63\x61\x6c\x6c\x6f\x63\x5f\x65\x6e\x74\x65\x72\0\x75\x5f\
\x63\x61\x6c\x6c\x6f\x63\x5f\x65\x78\x69\x74\0\x75\x5f\x72\x65\x61\x6c\x6c\x6f\
\x63\x5f\x65\x6e\x74\x65\x72\0\x75\x5f\x72\x65\x61\x6c\x6c\x6f\x63\x5f\x65\x78\
\x69\x74\0\x75\x5f\x66\x72\x65\x65\x5f\x65\x6e\x74\x65\x72\0\x6c\x01\0\0\x05\0\
\x08\0\0\0\0\0\0\0\0\0\0\0\0\0\0\0\0\0\0\0\0\0\0\0\0\0\0\0\0\0\0\0\0\0\0\0\0\0\
\0\0\0\0\0\0\0\0\0\0\0\0\0\0\0\0\0\0\0\0\0\0\0\0\0\0\0\0\0\0\0\0\0\0\0\0\x08\0\
\0\0\0\0\0\0\x40\0\0\0\0\0\0\0\0\0\0\0\0\0\0\0\x08\0\0\0\0\0\0\0\x10\0\0\0\0\0\
\0\0\x78\x01\0\0\0\0\0\0\x48\x02\0\0\0\0\0\0\x98\x04\0\0\0\0\0\0\xc8\x04\0\0\0\
\0\0\0\0\0\0\0\0\0\0\0\x20\0\0\0\0\0\0\0\0\x01\0\0\0\0\0\0\x38\x01\0\0\0\0\0\0\
\0\0\0\0\0\0\0\0\x08\0\0\0\0\0\0\0\x10\0\0\0\0\0\0\0\x78\x01\0\0\0\0\0\0\x48\
\x02\0\0\0\0\0\0\x98\x04\0\0\0\0\0\0\xc8\x04\0\0\0\0\0\0\0\0\0\0\0\0\0\0\x18\0\
\0\0\0\0\0\0\x70\0\0\0\0\0\0\0\xa8\0\0\0\0\0\0\0\0\0\0\0\0\0\0\0\x08\0\0\0\0\0\
\0\0\x10\0\0\0\0\0\0\0\xd0\0\0\0\0\0\0\0\xe0\x01\0\0\0\0\0\0\x70\x03\0\0\0\0\0\
\0\xd0\x05\0\0\0\0\0\0\0\x06\0\0\0\0\0\0\0\0\0\0\0\0\0\0\x08\x04\0\0\0\0\0\0\
\x48\x04\0\0\0\0\0\0\xd0\x04\0\0\0\0\0\0\0\0\0\x9f\xeb\x01\0\x18\0\0\0\0\0\0\0\
\xec\x07\0\0\xec\x07\0\0\x9d\x12\0\0\0\0\0\0\0\0\0\x02\x03\0\0\0\x01\0\0\0\0\0\
\0\x01\x04\0\0\0\x20\0\0\x01\0\0\0\0\0\0\0\x03\0\0\0\0\x02\0\0\0\x04\0\0\0\x09\
\0\0\0\x05\0\0\0\0\0\0\x01\x04\0\0\0\x20\0\0\0\0\0\0\0\0\0\0\x02\x06\0\0\0\0\0\
\0\0\0\0\0\x03\0\0\0\0\x02\0\0\0\x04\0\0\0\0\0\x01\0\0\0\0\0\0\0\0\x02\x08\0\0\
\0\x19\0\0\0\x02\0\0\x04\x10\0\0\0\x26\0\0\0\x09\0\0\0\0\0\0\0\x2a\0\0\0\x0b\0\
\0\0\x40\0\0\0\x2f\0\0\0\0\0\0\x08\x0a\0\0\0\x35\0\0\0\0\0\0\x01\x04\0\0\0\x20\
\0\0\0\x42\0\0\0\0\0\0\x08\x0c\0\0\0\x48\0\0\0\0\0\0\x01\x08\0\0\0\x40\0\0\0\0\
\0\0\0\0\0\0\x02\x0e\0\0\0\x5b\0\0\0\x03\0\0\x04\x10\0\0\0\x69\0\0\0\x0b\0\0\0\
\0\0\0\0\x6e\0\0\0\x0f\0\0\0\x40\0\0\0\x7d\0\0\0\x0f\0\0\0\x60\0\0\0\x82\0\0\0\
\0\0\0\x08\x02\0\0\0\0\0\0\0\x04\0\0\x04\x20\0\0\0\x88\0\0\0\x01\0\0\0\0\0\0\0\
\x8d\0\0\0\x05\0\0\0\x40\0\0\0\x99\0\0\0\x07\0\0\0\x80\0\0\0\x9d\0\0\0\x0d\0\0\
\0\xc0\0\0\0\xa3\0\0\0\0\0\0\x0e\x10\0\0\0\x01\0\0\0\0\0\0\0\x04\0\0\x04\x20\0\
\0\0\x88\0\0\0\x01\0\0\0\0\0\0\0\x8d\0\0\0\x05\0\0\0\x40\0\0\0\x99\0\0\0\x07\0\
\0\0\x80\0\0\0\x9d\0\0\0\x0d\0\0\0\xc0\0\0\0\xaa\0\0\0\0\0\0\x0e\x12\0\0\0\x01\
\0\0\0\0\0\0\0\0\0\0\x02\x15\0\0\0\0\0\0\0\0\0\0\x03\0\0\0\0\x02\0\0\0\x04\0\0\
\0\x01\0\0\0\0\0\0\0\0\0\0\x02\x17\0\0\0\0\0\0\0\0\0\0\x03\0\0\0\0\x02\0\0\0\
\x04\0\0\0\0\x20\0\0\0\0\0\0\0\0\0\x02\x09\0\0\0\0\0\0\0\0\0\0\x02\x0b\0\0\0\0\
\0\0\0\x04\0\0\x04\x20\0\0\0\x88\0\0\0\x14\0\0\0\0\0\0\0\x8d\0\0\0\x16\0\0\0\
\x40\0\0\0\x99\0\0\0\x18\0\0\0\x80\0\0\0\x9d\0\0\0\x19\0\0\0\xc0\0\0\0\xb0\0\0\
\0\0\0\0\x0e\x1a\0\0\0\x01\0\0\0\0\0\0\0\x04\0\0\x04\x20\0\0\0\x88\0\0\0\x14\0\
\0\0\0\0\0\0\x8d\0\0\0\x16\0\0\0\x40\0\0\0\x99\0\0\0\x18\0\0\0\x80\0\0\0\x9d\0\
\0\0\x19\0\0\0\xc0\0\0\0\xb8\0\0\0\0\0\0\x0e\x1c\0\0\0\x01\0\0\0\0\0\0\0\0\0\0\
\x02\x1f\0\0\0\0\0\0\0\0\0\0\x03\0\0\0\0\x02\0\0\0\x04\0\0\0\x1b\0\0\0\0\0\0\0\
\0\0\0\x02\x21\0\0\0\0\0\0\0\0\0\0\x03\0\0\0\0\x02\0\0\0\x04\0\0\0\0\0\x80\0\0\
\0\0\0\x02\0\0\x04\x10\0\0\0\x88\0\0\0\x1e\0\0\0\0\0\0\0\x8d\0\0\0\x20\0\0\0\
\x40\0\0\0\xc4\0\0\0\0\0\0\x0e\x22\0\0\0\x01\0\0\0\0\0\0\0\0\0\0\x02\x25\0\0\0\
\0\0\0\0\0\0\0\x03\0\0\0\0\x02\0\0\0\x04\0\0\0\0\x80\0\0\0\0\0\0\0\0\0\x02\x27\
\0\0\0\xd4\0\0\0\x03\0\0\x04\x10\0\0\0\xe6\0\0\0\x0b\0\0\0\0\0\0\0\xea\0\0\0\
\x09\0\0\0\x40\0\0\0\xf0\0\0\0\x09\0\0\0\x60\0\0\0\0\0\0\0\x04\0\0\x04\x20\0\0\
\0\x88\0\0\0\x14\0\0\0\0\0\0\0\x8d\0\0\0\x24\0\0\0\x40\0\0\0\x99\0\0\0\x18\0\0\
\0\x80\0\0\0\x9d\0\0\0\x26\0\0\0\xc0\0\0\0\xf6\0\0\0\0\0\0\x0e\x28\0\0\0\x01\0\
\0\0\0\0\0\0\0\0\0\x02\x2b\0\0\0\0\0\0\0\0\0\0\x03\0\0\0\0\x02\0\0\0\x04\0\0\0\
\x07\0\0\0\0\0\0\0\0\0\0\x02\x2d\0\0\0\0\0\0\0\0\0\0\x03\0\0\0\0\x02\0\0\0\x04\
\0\0\0\x04\0\0\0\0\0\0\0\0\0\0\x02\x2f\0\0\0\0\0\0\0\0\0\0\x03\0\0\0\0\x02\0\0\
\0\x04\0\0\0\xf8\x03\0\0\0\0\0\0\0\0\0\x02\x31\0\0\0\0\0\0\0\0\0\0\x03\0\0\0\0\
\x02\0\0\0\x04\0\0\0\0\x08\0\0\0\0\0\0\x04\0\0\x04\x20\0\0\0\x88\0\0\0\x2a\0\0\
\0\0\0\0\0\x05\x01\0\0\x2c\0\0\0\x40\0\0\0\x0e\x01\0\0\x2e\0\0\0\x80\0\0\0\x8d\
\0\0\0\x30\0\0\0\xc0\0\0\0\x19\x01\0\0\0\0\0\x0e\x32\0\0\0\x01\0\0\0\0\0\0\0\0\
\0\0\x02\x35\0\0\0\x21\x01\0\0\x09\0\0\x04\x50\x01\0\0\0\0\0\0\x36\0\0\0\0\0\0\
\0\x29\x01\0\0\x3b\0\0\0\x80\x08\0\0\x31\x01\0\0\x3d\0\0\0\xc0\x08\0\0\x3b\x01\
\0\0\x3f\0\0\0\xe0\x08\0\0\x43\x01\0\0\x3b\0\0\0\0\x09\0\0\x4e\x01\0\0\x3b\0\0\
\0\x40\x09\0\0\x57\x01\0\0\x41\0\0\0\x80\x09\0\0\x62\x01\0\0\x3b\0\0\0\0\x0a\0\
\0\x73\x01\0\0\x3b\0\0\0\x40\x0a\0\0\0\0\0\0\x02\0\0\x05\x10\x01\0\0\x7c\x01\0\
\0\x37\0\0\0\0\0\0\0\0\0\0\0\x3a\0\0\0\0\0\0\0\x86\x01\0\0\x04\0\0\x04\x10\x01\
\0\0\x93\x01\0\0\x39\0\0\0\0\0\0\0\x98\x01\0\0\x38\0\0\0\xc0\x07\0\0\x9b\x01\0\
\0\x38\0\0\0\0\x08\0\0\x9e\x01\0\0\x38\0\0\0\x40\x08\0\0\x42\0\0\0\0\0\0\x08\
\x0c\0\0\0\0\0\0\0\0\0\0\x03\0\0\0\0\x38\0\0\0\x04\0\0\0\x1f\0\0\0\0\0\0\0\x04\
\0\0\x04\x10\x01\0\0\x93\x01\0\0\x3c\0\0\0\0\0\0\0\x98\x01\0\0\x3b\0\0\0\xc0\
\x07\0\0\x9b\x01\0\0\x3b\0\0\0\0\x08\0\0\x9e\x01\0\0\x3b\0\0\0\x40\x08\0\0\xa5\
\x01\0\0\0\0\0\x08\x38\0\0\0\0\0\0\0\0\0\0\x03\0\0\0\0\x3b\0\0\0\x04\0\0\0\x1f\
\0\0\0\xa9\x01\0\0\0\0\0\x08\x3e\0\0\0\x82\0\0\0\0\0\0\x08\x02\0\0\0\xad\x01\0\
\0\0\0\0\x08\x40\0\0\0\x2f\0\0\0\0\0\0\x08\x0a\0\0\0\0\0\0\0\0\0\0\x03\0\0\0\0\
\x3b\0\0\0\x04\0\0\0\x02\0\0\0\0\0\0\0\x01\0\0\x0d\x02\0\0\0\xb1\x01\0\0\x34\0\
\0\0\xb5\x01\0\0\x01\0\0\x0c\x42\0\0\0\0\0\0\0\x01\0\0\x0d\x02\0\0\0\xb1\x01\0\
\0\x34\0\0\0\x31\x03\0\0\x01\0\0\x0c\x44\0\0\0\0\0\0\0\x01\0\0\x0d\x02\0\0\0\
\xb1\x01\0\0\x34\0\0\0\x44\x0a\0\0\x01\0\0\x0c\x46\0\0\0\0\0\0\0\x01\0\0\x0d\
\x02\0\0\0\xb1\x01\0\0\x34\0\0\0\x0c\x0c\0\0\x01\0\0\x0c\x48\0\0\0\0\0\0\0\x01\
\0\0\x0d\x02\0\0\0\xb1\x01\0\0\x34\0\0\0\x4c\x0c\0\0\x01\0\0\x0c\x4a\0\0\0\0\0\
\0\0\x01\0\0\x0d\x02\0\0\0\xb1\x01\0\0\x34\0\0\0\x7a\x0d\0\0\x01\0\0\x0c\x4c\0\
\0\0\0\0\0\0\x01\0\0\x0d\x02\0\0\0\xb1\x01\0\0\x34\0\0\0\xc3\x0f\0\0\x01\0\0\
\x0c\x4e\0\0\0\x82\x12\0\0\0\0\0\x01\x01\0\0\0\x08\0\0\x01\0\0\0\0\0\0\0\x03\0\
\0\0\0\x50\0\0\0\x04\0\0\0\x0d\0\0\0\x87\x12\0\0\0\0\0\x0e\x51\0\0\0\x01\0\0\0\
\x8f\x12\0\0\x07\0\0\x0f\0\0\0\0\x11\0\0\0\0\0\0\0\x20\0\0\0\x13\0\0\0\0\0\0\0\
\x20\0\0\0\x1b\0\0\0\0\0\0\0\x20\0\0\0\x1d\0\0\0\0\0\0\0\x20\0\0\0\x23\0\0\0\0\
\0\0\0\x10\0\0\0\x29\0\0\0\0\0\0\0\x20\0\0\0\x33\0\0\0\0\0\0\0\x20\0\0\0\x95\
\x12\0\0\x01\0\0\x0f\0\0\0\0\x52\0\0\0\0\0\0\0\x0d\0\0\0\0\x69\x6e\x74\0\x5f\
\x5f\x41\x52\x52\x41\x59\x5f\x53\x49\x5a\x45\x5f\x54\x59\x50\x45\x5f\x5f\0\x72\
\x65\x5f\x61\x6c\x6c\x6f\x63\x5f\x6b\x65\x79\0\x70\x69\x64\0\x61\x64\x64\x72\0\
\x5f\x5f\x75\x33\x32\0\x75\x6e\x73\x69\x67\x6e\x65\x64\x20\x69\x6e\x74\0\x5f\
\x5f\x75\x36\x34\0\x75\x6e\x73\x69\x67\x6e\x65\x64\x20\x6c\x6f\x6e\x67\x20\x6c\
\x6f\x6e\x67\0\x72\x65\x5f\x61\x6c\x6c\x6f\x63\x5f\x69\x6e\x66\x6f\0\x73\x69\
\x7a\x65\0\x61\x6c\x6c\x6f\x63\x5f\x73\x74\x61\x63\x6b\x5f\x69\x64\0\x5f\x70\
\x61\x64\0\x5f\x5f\x73\x33\x32\0\x74\x79\x70\x65\0\x6d\x61\x78\x5f\x65\x6e\x74\
\x72\x69\x65\x73\0\x6b\x65\x79\0\x76\x61\x6c\x75\x65\0\x61\x6c\x6c\x6f\x63\x73\
\0\x66\x72\x65\x65\x64\0\x70\x65\x6e\x64\x69\x6e\x67\0\x72\x65\x61\x6c\x6c\x6f\
\x63\x5f\x6f\x6c\x64\0\x73\x65\x6e\x74\x69\x6e\x65\x6c\x5f\x65\x76\x65\x6e\x74\
\x73\0\x72\x65\x5f\x73\x65\x6e\x74\x69\x6e\x65\x6c\x5f\x73\x74\x61\x74\x65\0\
\x73\x65\x71\0\x64\x72\x6f\x70\x73\0\x66\x6c\x61\x67\x73\0\x73\x65\x6e\x74\x69\
\x6e\x65\x6c\x5f\x73\x74\x61\x74\x65\0\x6b\x65\x79\x5f\x73\x69\x7a\x65\0\x76\
\x61\x6c\x75\x65\x5f\x73\x69\x7a\x65\0\x75\x73\x74\x61\x63\x6b\x73\0\x70\x74\
\x5f\x72\x65\x67\x73\0\x6f\x72\x69\x67\x5f\x78\x30\0\x73\x79\x73\x63\x61\x6c\
\x6c\x6e\x6f\0\x75\x6e\x75\x73\x65\x64\x32\0\x73\x64\x65\x69\x5f\x74\x74\x62\
\x72\x31\0\x70\x6d\x72\x5f\x73\x61\x76\x65\0\x73\x74\x61\x63\x6b\x66\x72\x61\
\x6d\x65\0\x6c\x6f\x63\x6b\x64\x65\x70\x5f\x68\x61\x72\x64\x69\x72\x71\x73\0\
\x65\x78\x69\x74\x5f\x72\x63\x75\0\x75\x73\x65\x72\x5f\x72\x65\x67\x73\0\x75\
\x73\x65\x72\x5f\x70\x74\x5f\x72\x65\x67\x73\0\x72\x65\x67\x73\0\x73\x70\0\x70\
\x63\0\x70\x73\x74\x61\x74\x65\0\x75\x36\x34\0\x73\x33\x32\0\x75\x33\x32\0\x63\
\x74\x78\0\x75\x5f\x6d\x61\x6c\x6c\x6f\x63\x5f\x65\x6e\x74\x65\x72\0\x75\x70\
\x72\x6f\x62\x65\x2f\x6d\x61\x6c\x6c\x6f\x63\0\x30\x3a\x30\x3a\x30\0\x2f\x55\
\x73\x65\x72\x73\x2f\x61\x64\x69\x74\x68\x79\x61\x73\x72\x69\x6e\x69\x76\x61\
\x73\x61\x6e\x2f\x50\x72\x6f\x6a\x65\x63\x74\x73\x2f\x61\x69\x2d\x63\x6f\x6d\
\x70\x69\x6c\x65\x72\x2f\x72\x65\x63\x6f\x6d\x70\x69\x6c\x65\x2f\x72\x75\x6e\
\x74\x69\x6d\x65\x2f\x62\x70\x66\x2f\x68\x65\x61\x70\x5f\x74\x72\x61\x63\x6b\
\x65\x72\x2e\x62\x70\x66\x2e\x63\0\x20\x20\x20\x20\x5f\x5f\x75\x36\x34\x20\x73\
\x69\x7a\x65\x20\x3d\x20\x28\x5f\x5f\x75\x36\x34\x29\x50\x54\x5f\x52\x45\x47\
\x53\x5f\x50\x41\x52\x4d\x31\x28\x63\x74\x78\x29\x3b\0\x20\x20\x20\x20\x5f\x5f\
\x75\x36\x34\x20\x65\x6e\x63\x20\x3d\x20\x28\x73\x7a\x20\x3d\x3d\x20\x55\x36\
\x34\x5f\x4d\x41\x58\x29\x20\x3f\x20\x55\x36\x34\x5f\x4d\x41\x58\x20\x3a\x20\
\x28\x73\x7a\x20\x2b\x20\x31\x29\x3b\0\x20\x20\x20\x20\x72\x65\x74\x75\x72\x6e\
\x20\x28\x5f\x5f\x75\x33\x32\x29\x62\x70\x66\x5f\x67\x65\x74\x5f\x63\x75\x72\
\x72\x65\x6e\x74\x5f\x70\x69\x64\x5f\x74\x67\x69\x64\x28\x29\x3b\0\x20\x20\x20\
\x20\x5f\x5f\x75\x33\x32\x20\x74\x69\x64\x20\x3d\x20\x67\x65\x74\x5f\x74\x69\
\x64\x28\x29\x3b\0\x20\x20\x20\x20\x62\x70\x66\x5f\x6d\x61\x70\x5f\x75\x70\x64\
\x61\x74\x65\x5f\x65\x6c\x65\x6d\x28\x26\x70\x65\x6e\x64\x69\x6e\x67\x2c\x20\
\x26\x74\x69\x64\x2c\x20\x26\x65\x6e\x63\x2c\x20\x42\x50\x46\x5f\x41\x4e\x59\
\x29\x3b\0\x69\x6e\x74\x20\x42\x50\x46\x5f\x4b\x50\x52\x4f\x42\x45\x28\x75\x5f\
\x6d\x61\x6c\x6c\x6f\x63\x5f\x65\x6e\x74\x65\x72\x29\0\x75\x5f\x6d\x61\x6c\x6c\
\x6f\x63\x5f\x65\x78\x69\x74\0\x75\x72\x65\x74\x70\x72\x6f\x62\x65\x2f\x6d\x61\
\x6c\x6c\x6f\x63\0\x69\x6e\x74\x20\x42\x50\x46\x5f\x4b\x52\x45\x54\x50\x52\x4f\
\x42\x45\x28\x75\x5f\x6d\x61\x6c\x6c\x6f\x63\x5f\x65\x78\x69\x74\x29\0\x20\x20\
\x20\x20\x76\x6f\x69\x64\x20\x2a\x72\x65\x74\x20\x3d\x20\x28\x76\x6f\x69\x64\
\x20\x2a\x29\x50\x54\x5f\x52\x45\x47\x53\x5f\x52\x43\x28\x63\x74\x78\x29\x3b\0\
\x20\x20\x20\x20\x5f\x5f\x75\x36\x34\x20\x2a\x70\x20\x3d\x20\x62\x70\x66\x5f\
\x6d\x61\x70\x5f\x6c\x6f\x6f\x6b\x75\x70\x5f\x65\x6c\x65\x6d\x28\x26\x70\x65\
\x6e\x64\x69\x6e\x67\x2c\x20\x26\x74\x69\x64\x29\x3b\0\x20\x20\x20\x20\x69\x66\
\x20\x28\x21\x70\x29\0\x20\x20\x20\x20\x5f\x5f\x75\x36\x34\x20\x65\x6e\x63\x20\
\x3d\x20\x2a\x70\x3b\0\x20\x20\x20\x20\x62\x70\x66\x5f\x6d\x61\x70\x5f\x64\x65\
\x6c\x65\x74\x65\x5f\x65\x6c\x65\x6d\x28\x26\x70\x65\x6e\x64\x69\x6e\x67\x2c\
\x20\x26\x74\x69\x64\x29\x3b\0\x20\x20\x20\x20\x69\x66\x20\x28\x65\x6e\x63\x20\
\x3d\x3d\x20\x55\x36\x34\x5f\x4d\x41\x58\x29\0\x20\x20\x20\x20\x69\x66\x20\x28\
\x21\x72\x65\x74\x29\0\x20\x20\x20\x20\x5f\x5f\x75\x36\x34\x20\x70\x69\x64\x5f\
\x74\x67\x69\x64\x20\x3d\x20\x62\x70\x66\x5f\x67\x65\x74\x5f\x63\x75\x72\x72\
\x65\x6e\x74\x5f\x70\x69\x64\x5f\x74\x67\x69\x64\x28\x29\x3b\0\x20\x20\x20\x20\
\x69\x6e\x74\x20\x73\x74\x61\x63\x6b\x5f\x69\x64\x20\x3d\x20\x62\x70\x66\x5f\
\x67\x65\x74\x5f\x73\x74\x61\x63\x6b\x69\x64\x28\x63\x74\x78\x2c\x20\x26\x75\
\x73\x74\x61\x63\x6b\x73\x2c\x20\x42\x50\x46\x5f\x46\x5f\x55\x53\x45\x52\x5f\
\x53\x54\x41\x43\x4b\x29\x3b\0\x20\x20\x20\x20\x5f\x5f\x75\x33\x32\x20\x70\x69\
\x64\x20\x3d\x20\x70\x69\x64\x5f\x74\x67\x69\x64\x20\x3e\x3e\x20\x33\x32\x3b\0\
\x20\x20\x20\x20\x73\x74\x72\x75\x63\x74\x20\x72\x65\x5f\x73\x65\x6e\x74\x69\
\x6e\x65\x6c\x5f\x73\x74\x61\x74\x65\x20\x2a\x73\x74\x20\x3d\x20\x62\x70\x66\
\x5f\x6d\x61\x70\x5f\x6c\x6f\x6f\x6b\x75\x70\x5f\x65\x6c\x65\x6d\x28\x26\x73\
\x65\x6e\x74\x69\x6e\x65\x6c\x5f\x73\x74\x61\x74\x65\x2c\x20\x26\x70\x69\x64\
\x29\x3b\0\x20\x20\x20\x20\x69\x66\x20\x28\x21\x73\x74\x29\x20\x7b\0\x20\x20\
\x20\x20\x69\x66\x20\x28\x21\x73\x74\x29\0\x20\x20\x20\x20\x20\x20\x20\x20\x73\
\x74\x72\x75\x63\x74\x20\x72\x65\x5f\x73\x65\x6e\x74\x69\x6e\x65\x6c\x5f\x73\
\x74\x61\x74\x65\x20\x7a\x65\x72\x6f\x20\x3d\x20\x7b\x7d\x3b\0\x20\x20\x20\x20\
\x20\x20\x20\x20\x69\x66\x20\x28\x62\x70\x66\x5f\x6d\x61\x70\x5f\x75\x70\x64\
\x61\x74\x65\x5f\x65\x6c\x65\x6d\x28\x26\x73\x65\x6e\x74\x69\x6e\x65\x6c\x5f\
\x73\x74\x61\x74\x65\x2c\x20\x26\x70\x69\x64\x2c\x20\x26\x7a\x65\x72\x6f\x2c\
\x20\x42\x50\x46\x5f\x4e\x4f\x45\x58\x49\x53\x54\x29\x20\x3d\x3d\x20\x30\x29\0\
\x20\x20\x20\x20\x20\x20\x20\x20\x20\x20\x20\x20\x73\x74\x20\x3d\x20\x62\x70\
\x66\x5f\x6d\x61\x70\x5f\x6c\x6f\x6f\x6b\x75\x70\x5f\x65\x6c\x65\x6d\x28\x26\
\x73\x65\x6e\x74\x69\x6e\x65\x6c\x5f\x73\x74\x61\x74\x65\x2c\x20\x26\x70\x69\
\x64\x29\x3b\0\x20\x20\x20\x20\x73\x74\x72\x75\x63\x74\x20\x72\x65\x5f\x61\x6c\
\x6c\x6f\x63\x5f\x6b\x65\x79\x20\x6b\x65\x79\x20\x3d\x20\x7b\0\x20\x20\x20\x20\
\x69\x66\x20\x28\x68\x61\x76\x65\x5f\x73\x69\x7a\x65\x29\x20\x7b\0\x20\x20\x20\
\x20\x20\x20\x20\x20\x73\x74\x2d\x3e\x66\x6c\x61\x67\x73\x20\x7c\x3d\x20\x52\
\x45\x5f\x53\x45\x4e\x54\x49\x4e\x45\x4c\x5f\x53\x54\x41\x54\x45\x5f\x41\x52\
\x4d\x45\x44\x3b\0\x20\x20\x20\x20\x20\x20\x20\x20\x62\x70\x66\x5f\x6d\x61\x70\
\x5f\x64\x65\x6c\x65\x74\x65\x5f\x65\x6c\x65\x6d\x28\x26\x66\x72\x65\x65\x64\
\x2c\x20\x26\x6b\x65\x79\x29\x3b\0\x20\x20\x20\x20\x20\x20\x20\x20\x73\x74\x72\
\x75\x63\x74\x20\x72\x65\x5f\x61\x6c\x6c\x6f\x63\x5f\x69\x6e\x66\x6f\x20\x69\
\x6e\x66\x6f\x20\x3d\x20\x7b\0\x20\x20\x20\x20\x20\x20\x20\x20\x62\x70\x66\x5f\
\x6d\x61\x70\x5f\x75\x70\x64\x61\x74\x65\x5f\x65\x6c\x65\x6d\x28\x26\x61\x6c\
\x6c\x6f\x63\x73\x2c\x20\x26\x6b\x65\x79\x2c\x20\x26\x69\x6e\x66\x6f\x2c\x20\
\x42\x50\x46\x5f\x41\x4e\x59\x29\x3b\0\x20\x20\x20\x20\x73\x74\x72\x75\x63\x74\
\x20\x72\x65\x5f\x73\x65\x6e\x74\x69\x6e\x65\x6c\x5f\x65\x76\x65\x6e\x74\x20\
\x2a\x65\x76\x74\x20\x3d\x20\x62\x70\x66\x5f\x72\x69\x6e\x67\x62\x75\x66\x5f\
\x72\x65\x73\x65\x72\x76\x65\x28\x26\x73\x65\x6e\x74\x69\x6e\x65\x6c\x5f\x65\
\x76\x65\x6e\x74\x73\x2c\x20\x73\x69\x7a\x65\x6f\x66\x28\x2a\x65\x76\x74\x29\
\x2c\x20\x30\x29\x3b\0\x20\x20\x20\x20\x69\x66\x20\x28\x21\x65\x76\x74\x29\x20\
\x7b\0\x20\x20\x20\x20\x20\x20\x20\x20\x73\x74\x2d\x3e\x64\x72\x6f\x70\x73\x20\
\x2b\x3d\x20\x31\x3b\0\x20\x20\x20\x20\x69\x66\x20\x28\x21\x65\x76\x74\x29\0\
\x20\x20\x20\x20\x65\x76\x74\x2d\x3e\x70\x69\x64\x20\x3d\x20\x70\x69\x64\x3b\0\
\x20\x20\x20\x20\x65\x76\x74\x2d\x3e\x76\x65\x72\x73\x69\x6f\x6e\x20\x3d\x20\
\x52\x45\x5f\x53\x45\x4e\x54\x49\x4e\x45\x4c\x5f\x45\x56\x45\x4e\x54\x5f\x56\
\x45\x52\x53\x49\x4f\x4e\x3b\0\x20\x20\x20\x20\x65\x76\x74\x2d\x3e\x73\x69\x74\
\x65\x5f\x69\x64\x20\x3d\x20\x30\x3b\0\x20\x20\x20\x20\x65\x76\x74\x2d\x3e\x6c\
\x6f\x63\x6b\x5f\x73\x69\x74\x65\x5f\x69\x64\x20\x3d\x20\x30\x3b\0\x20\x20\x20\
\x20\x65\x76\x74\x2d\x3e\x74\x69\x64\x20\x3d\x20\x74\x69\x64\x3b\0\x20\x20\x20\
\x20\x65\x76\x74\x2d\x3e\x73\x65\x71\x20\x3d\x20\x30\x3b\0\x20\x20\x20\x20\x65\
\x76\x74\x2d\x3e\x65\x72\x72\x6e\x6f\x5f\x63\x6f\x64\x65\x20\x3d\x20\x30\x3b\0\
\x20\x20\x20\x20\x65\x76\x74\x2d\x3e\x74\x73\x5f\x6e\x73\x20\x3d\x20\x62\x70\
\x66\x5f\x6b\x74\x69\x6d\x65\x5f\x67\x65\x74\x5f\x6e\x73\x28\x29\x3b\0\x20\x20\
\x20\x20\x65\x76\x74\x2d\x3e\x6c\x6f\x63\x6b\x5f\x61\x64\x64\x72\x20\x3d\x20\
\x30\x3b\0\x20\x20\x20\x20\x5f\x5f\x75\x36\x34\x20\x73\x65\x71\x20\x3d\x20\x73\
\x74\x2d\x3e\x73\x65\x71\x20\x2b\x20\x31\x3b\0\x20\x20\x20\x20\x65\x76\x74\x2d\
\x3e\x73\x65\x71\x20\x3d\x20\x73\x65\x71\x3b\0\x20\x20\x20\x20\x65\x76\x74\x2d\
\x3e\x64\x72\x6f\x70\x5f\x63\x6f\x75\x6e\x74\x20\x3d\x20\x73\x74\x2d\x3e\x64\
\x72\x6f\x70\x73\x3b\0\x20\x20\x20\x20\x73\x74\x2d\x3e\x64\x72\x6f\x70\x73\x20\
\x3d\x20\x30\x3b\0\x20\x20\x20\x20\x73\x74\x2d\x3e\x73\x65\x71\x20\x3d\x20\x73\
\x65\x71\x3b\0\x20\x20\x20\x20\x65\x76\x74\x2d\x3e\x74\x79\x70\x65\x20\x3d\x20\
\x52\x45\x5f\x53\x45\x4e\x54\x49\x4e\x45\x4c\x5f\x54\x59\x50\x45\x5f\x4d\x41\
\x4c\x4c\x4f\x43\x3b\0\x20\x20\x20\x20\x65\x76\x74\x2d\x3e\x61\x64\x64\x72\x20\
\x3d\x20\x28\x5f\x5f\x75\x36\x34\x29\x72\x65\x74\x3b\0\x20\x20\x20\x20\x65\x76\
\x74\x2d\x3e\x73\x74\x61\x63\x6b\x5f\x69\x64\x20\x3d\x20\x73\x74\x61\x63\x6b\
\x5f\x69\x64\x3b\0\x20\x20\x20\x20\x69\x66\x20\x28\x73\x74\x61\x63\x6b\x5f\x69\
\x64\x20\x3e\x3d\x20\x30\x29\0\x20\x20\x20\x20\x20\x20\x20\x20\x65\x76\x74\x2d\
\x3e\x73\x74\x61\x63\x6b\x5f\x66\x70\x20\x3d\x20\x28\x5f\x5f\x75\x33\x32\x29\
\x73\x74\x61\x63\x6b\x5f\x69\x64\x3b\0\x20\x20\x20\x20\x65\x76\x74\x2d\x3e\x6c\
\x65\x6e\x20\x3d\x20\x68\x61\x76\x65\x5f\x73\x69\x7a\x65\x20\x3f\x20\x73\x61\
\x74\x75\x72\x61\x74\x65\x5f\x75\x33\x32\x28\x73\x69\x7a\x65\x29\x20\x3a\x20\
\x30\x3b\0\x20\x20\x20\x20\x72\x65\x74\x75\x72\x6e\x20\x76\x61\x6c\x75\x65\x20\
\x3e\x20\x28\x5f\x5f\x75\x36\x34\x29\x30\x78\x66\x66\x66\x66\x66\x66\x66\x66\
\x20\x3f\x20\x28\x5f\x5f\x75\x33\x32\x29\x30\x78\x66\x66\x66\x66\x66\x66\x66\
\x66\x20\x3a\x20\x28\x5f\x5f\x75\x33\x32\x29\x76\x61\x6c\x75\x65\x3b\0\x20\x20\
\x20\x20\x65\x76\x74\x2d\x3e\x61\x6c\x6c\x6f\x63\x5f\x73\x69\x7a\x65\x20\x3d\
\x20\x65\x76\x74\x2d\x3e\x6c\x65\x6e\x3b\0\x20\x20\x20\x20\x20\x20\x20\x20\x62\
\x70\x66\x5f\x72\x69\x6e\x67\x62\x75\x66\x5f\x73\x75\x62\x6d\x69\x74\x28\x65\
\x76\x74\x2c\x20\x30\x29\x3b\0\x75\x5f\x63\x61\x6c\x6c\x6f\x63\x5f\x65\x6e\x74\
\x65\x72\0\x75\x70\x72\x6f\x62\x65\x2f\x63\x61\x6c\x6c\x6f\x63\0\x30\x3a\x30\
\x3a\x31\0\x20\x20\x20\x20\x5f\x5f\x75\x36\x34\x20\x73\x69\x7a\x65\x20\x20\x3d\
\x20\x28\x5f\x5f\x75\x36\x34\x29\x50\x54\x5f\x52\x45\x47\x53\x5f\x50\x41\x52\
\x4d\x32\x28\x63\x74\x78\x29\x3b\0\x20\x20\x20\x20\x5f\x5f\x75\x36\x34\x20\x6e\
\x6d\x65\x6d\x62\x20\x3d\x20\x28\x5f\x5f\x75\x36\x34\x29\x50\x54\x5f\x52\x45\
\x47\x53\x5f\x50\x41\x52\x4d\x31\x28\x63\x74\x78\x29\x3b\0\x20\x20\x20\x20\x69\
\x66\x20\x28\x61\x68\x20\x26\x26\x20\x62\x68\x29\0\x20\x20\x20\x20\x5f\x5f\x75\
\x36\x34\x20\x6d\x69\x64\x20\x3d\x20\x28\x5f\x5f\x75\x36\x34\x29\x61\x68\x20\
\x2a\x20\x62\x6c\x20\x2b\x20\x28\x5f\x5f\x75\x36\x34\x29\x62\x68\x20\x2a\x20\
\x61\x6c\x3b\0\x20\x20\x20\x20\x5f\x5f\x75\x33\x32\x20\x62\x68\x20\x3d\x20\x28\
\x5f\x5f\x75\x33\x32\x29\x28\x62\x20\x3e\x3e\x20\x33\x32\x29\x2c\x20\x62\x6c\
\x20\x3d\x20\x28\x5f\x5f\x75\x33\x32\x29\x62\x3b\0\x20\x20\x20\x20\x5f\x5f\x75\
\x33\x32\x20\x61\x68\x20\x3d\x20\x28\x5f\x5f\x75\x33\x32\x29\x28\x61\x20\x3e\
\x3e\x20\x33\x32\x29\x2c\x20\x61\x6c\x20\x3d\x20\x28\x5f\x5f\x75\x33\x32\x29\
\x61\x3b\0\x20\x20\x20\x20\x69\x66\x20\x28\x6d\x69\x64\x20\x3e\x20\x30\x78\x46\
\x46\x46\x46\x46\x46\x46\x46\x55\x4c\x4c\x29\0\x20\x20\x20\x20\x5f\x5f\x75\x36\
\x34\x20\x6c\x6f\x77\x20\x20\x3d\x20\x28\x5f\x5f\x75\x36\x34\x29\x61\x6c\x20\
\x2a\x20\x62\x6c\x3b\0\x20\x20\x20\x20\x5f\x5f\x75\x36\x34\x20\x68\x69\x67\x68\
\x20\x3d\x20\x6d\x69\x64\x20\x3c\x3c\x20\x33\x32\x3b\0\x20\x20\x20\x20\x5f\x5f\
\x75\x36\x34\x20\x72\x65\x73\x20\x3d\x20\x68\x69\x67\x68\x20\x2b\x20\x6c\x6f\
\x77\x3b\0\x20\x20\x20\x20\x69\x66\x20\x28\x72\x65\x73\x20\x3c\x20\x6c\x6f\x77\
\x29\0\x69\x6e\x74\x20\x42\x50\x46\x5f\x4b\x50\x52\x4f\x42\x45\x28\x75\x5f\x63\
\x61\x6c\x6c\x6f\x63\x5f\x65\x6e\x74\x65\x72\x29\0\x75\x5f\x63\x61\x6c\x6c\x6f\
\x63\x5f\x65\x78\x69\x74\0\x75\x72\x65\x74\x70\x72\x6f\x62\x65\x2f\x63\x61\x6c\
\x6c\x6f\x63\0\x69\x6e\x74\x20\x42\x50\x46\x5f\x4b\x52\x45\x54\x50\x52\x4f\x42\
\x45\x28\x75\x5f\x63\x61\x6c\x6c\x6f\x63\x5f\x65\x78\x69\x74\x29\0\x75\x5f\x72\
\x65\x61\x6c\x6c\x6f\x63\x5f\x65\x6e\x74\x65\x72\0\x75\x70\x72\x6f\x62\x65\x2f\
\x72\x65\x61\x6c\x6c\x6f\x63\0\x20\x20\x20\x20\x5f\x5f\x75\x36\x34\x20\x6e\x65\
\x77\x5f\x73\x7a\x20\x3d\x20\x28\x5f\x5f\x75\x36\x34\x29\x50\x54\x5f\x52\x45\
\x47\x53\x5f\x50\x41\x52\x4d\x32\x28\x63\x74\x78\x29\x3b\0\x20\x20\x20\x20\x76\
\x6f\x69\x64\x20\x2a\x6f\x6c\x64\x70\x20\x20\x20\x3d\x20\x28\x76\x6f\x69\x64\
\x20\x2a\x29\x50\x54\x5f\x52\x45\x47\x53\x5f\x50\x41\x52\x4d\x31\x28\x63\x74\
\x78\x29\x3b\0\x20\x20\x20\x20\x69\x66\x20\x28\x6f\x6c\x64\x70\x29\x20\x7b\0\
\x20\x20\x20\x20\x20\x20\x20\x20\x5f\x5f\x75\x33\x32\x20\x74\x69\x64\x20\x3d\
\x20\x67\x65\x74\x5f\x74\x69\x64\x28\x29\x3b\0\x20\x20\x20\x20\x20\x20\x20\x20\
\x5f\x5f\x75\x36\x34\x20\x61\x64\x64\x72\x20\x3d\x20\x28\x5f\x5f\x75\x36\x34\
\x29\x6f\x6c\x64\x70\x3b\0\x20\x20\x20\x20\x20\x20\x20\x20\x62\x70\x66\x5f\x6d\
\x61\x70\x5f\x75\x70\x64\x61\x74\x65\x5f\x65\x6c\x65\x6d\x28\x26\x72\x65\x61\
\x6c\x6c\x6f\x63\x5f\x6f\x6c\x64\x2c\x20\x26\x74\x69\x64\x2c\x20\x26\x61\x64\
\x64\x72\x2c\x20\x42\x50\x46\x5f\x41\x4e\x59\x29\x3b\0\x69\x6e\x74\x20\x42\x50\
\x46\x5f\x4b\x50\x52\x4f\x42\x45\x28\x75\x5f\x72\x65\x61\x6c\x6c\x6f\x63\x5f\
\x65\x6e\x74\x65\x72\x29\0\x75\x5f\x72\x65\x61\x6c\x6c\x6f\x63\x5f\x65\x78\x69\
\x74\0\x75\x72\x65\x74\x70\x72\x6f\x62\x65\x2f\x72\x65\x61\x6c\x6c\x6f\x63\0\
\x69\x6e\x74\x20\x42\x50\x46\x5f\x4b\x52\x45\x54\x50\x52\x4f\x42\x45\x28\x75\
\x5f\x72\x65\x61\x6c\x6c\x6f\x63\x5f\x65\x78\x69\x74\x29\0\x20\x20\x20\x20\x5f\
\x5f\x75\x36\x34\x20\x2a\x70\x6f\x6c\x64\x20\x3d\x20\x62\x70\x66\x5f\x6d\x61\
\x70\x5f\x6c\x6f\x6f\x6b\x75\x70\x5f\x65\x6c\x65\x6d\x28\x26\x72\x65\x61\x6c\
\x6c\x6f\x63\x5f\x6f\x6c\x64\x2c\x20\x26\x74\x69\x64\x29\x3b\0\x20\x20\x20\x20\
\x5f\x5f\x75\x36\x34\x20\x6f\x6c\x64\x20\x3d\x20\x70\x6f\x6c\x64\x20\x3f\x20\
\x2a\x70\x6f\x6c\x64\x20\x3a\x20\x30\x3b\0\x20\x20\x20\x20\x20\x20\x20\x20\x62\
\x70\x66\x5f\x6d\x61\x70\x5f\x64\x65\x6c\x65\x74\x65\x5f\x65\x6c\x65\x6d\x28\
\x26\x72\x65\x61\x6c\x6c\x6f\x63\x5f\x6f\x6c\x64\x2c\x20\x26\x74\x69\x64\x29\
\x3b\0\x20\x20\x20\x20\x73\x74\x72\x75\x63\x74\x20\x72\x65\x5f\x61\x6c\x6c\x6f\
\x63\x5f\x6b\x65\x79\x20\x6e\x65\x77\x5f\x6b\x65\x79\x20\x3d\x20\x7b\0\x20\x20\
\x20\x20\x73\x74\x72\x75\x63\x74\x20\x72\x65\x5f\x61\x6c\x6c\x6f\x63\x5f\x6b\
\x65\x79\x20\x6f\x6c\x64\x5f\x6b\x65\x79\x20\x3d\x20\x7b\0\x20\x20\x20\x20\x69\
\x66\x20\x28\x21\x72\x65\x74\x29\x20\x7b\0\x20\x20\x20\x20\x20\x20\x20\x20\x69\
\x66\x20\x28\x68\x61\x76\x65\x5f\x73\x69\x7a\x65\x20\x26\x26\x20\x73\x69\x7a\
\x65\x20\x3d\x3d\x20\x30\x20\x26\x26\x20\x6f\x6c\x64\x29\0\x20\x20\x20\x20\x20\
\x20\x20\x20\x20\x20\x20\x20\x62\x70\x66\x5f\x6d\x61\x70\x5f\x64\x65\x6c\x65\
\x74\x65\x5f\x65\x6c\x65\x6d\x28\x26\x61\x6c\x6c\x6f\x63\x73\x2c\x20\x26\x6f\
\x6c\x64\x5f\x6b\x65\x79\x29\x3b\0\x20\x20\x20\x20\x69\x66\x20\x28\x6f\x6c\x64\
\x20\x26\x26\x20\x6f\x6c\x64\x20\x21\x3d\x20\x28\x5f\x5f\x75\x36\x34\x29\x72\
\x65\x74\x29\0\x20\x20\x20\x20\x20\x20\x20\x20\x62\x70\x66\x5f\x6d\x61\x70\x5f\
\x64\x65\x6c\x65\x74\x65\x5f\x65\x6c\x65\x6d\x28\x26\x61\x6c\x6c\x6f\x63\x73\
\x2c\x20\x26\x6f\x6c\x64\x5f\x6b\x65\x79\x29\x3b\0\x20\x20\x20\x20\x20\x20\x20\
\x20\x62\x70\x66\x5f\x6d\x61\x70\x5f\x64\x65\x6c\x65\x74\x65\x5f\x65\x6c\x65\
\x6d\x28\x26\x66\x72\x65\x65\x64\x2c\x20\x26\x6e\x65\x77\x5f\x6b\x65\x79\x29\
\x3b\0\x20\x20\x20\x20\x20\x20\x20\x20\x62\x70\x66\x5f\x6d\x61\x70\x5f\x75\x70\
\x64\x61\x74\x65\x5f\x65\x6c\x65\x6d\x28\x26\x61\x6c\x6c\x6f\x63\x73\x2c\x20\
\x26\x6e\x65\x77\x5f\x6b\x65\x79\x2c\x20\x26\x69\x6e\x66\x6f\x2c\x20\x42\x50\
\x46\x5f\x41\x4e\x59\x29\x3b\0\x75\x5f\x66\x72\x65\x65\x5f\x65\x6e\x74\x65\x72\
\0\x75\x70\x72\x6f\x62\x65\x2f\x66\x72\x65\x65\0\x20\x20\x20\x20\x76\x6f\x69\
\x64\x20\x2a\x70\x20\x3d\x20\x28\x76\x6f\x69\x64\x20\x2a\x29\x50\x54\x5f\x52\
\x45\x47\x53\x5f\x50\x41\x52\x4d\x31\x28\x63\x74\x78\x29\x3b\0\x20\x20\x20\x20\
\x73\x74\x72\x75\x63\x74\x20\x72\x65\x5f\x61\x6c\x6c\x6f\x63\x5f\x69\x6e\x66\
\x6f\x20\x2a\x69\x6e\x66\x6f\x20\x3d\x20\x62\x70\x66\x5f\x6d\x61\x70\x5f\x6c\
\x6f\x6f\x6b\x75\x70\x5f\x65\x6c\x65\x6d\x28\x26\x61\x6c\x6c\x6f\x63\x73\x2c\
\x20\x26\x6b\x65\x79\x29\x3b\0\x20\x20\x20\x20\x73\x74\x72\x75\x63\x74\x20\x72\
\x65\x5f\x61\x6c\x6c\x6f\x63\x5f\x69\x6e\x66\x6f\x20\x2a\x70\x72\x65\x76\x20\
\x3d\x20\x62\x70\x66\x5f\x6d\x61\x70\x5f\x6c\x6f\x6f\x6b\x75\x70\x5f\x65\x6c\
\x65\x6d\x28\x26\x66\x72\x65\x65\x64\x2c\x20\x26\x6b\x65\x79\x29\x3b\0\x20\x20\
\x20\x20\x69\x66\x20\x28\x21\x69\x6e\x66\x6f\x29\x20\x7b\0\x20\x20\x20\x20\x20\
\x20\x20\x20\x69\x66\x20\x28\x70\x72\x65\x76\x29\x20\x7b\0\x20\x20\x20\x20\x69\
\x66\x20\x28\x21\x28\x73\x74\x2d\x3e\x66\x6c\x61\x67\x73\x20\x26\x20\x52\x45\
\x5f\x53\x45\x4e\x54\x49\x4e\x45\x4c\x5f\x53\x54\x41\x54\x45\x5f\x41\x52\x4d\
\x45\x44\x29\x29\0\x20\x20\x20\x20\x65\x76\x74\x2d\x3e\x74\x79\x70\x65\x20\x3d\
\x20\x52\x45\x5f\x53\x45\x4e\x54\x49\x4e\x45\x4c\x5f\x54\x59\x50\x45\x5f\x46\
\x52\x45\x45\x3b\0\x20\x20\x20\x20\x65\x76\x74\x2d\x3e\x61\x64\x64\x72\x20\x3d\
\x20\x6b\x65\x79\x2e\x61\x64\x64\x72\x3b\0\x20\x20\x20\x20\x65\x76\x74\x2d\x3e\
\x65\x72\x72\x6e\x6f\x5f\x63\x6f\x64\x65\x20\x3d\x20\x73\x74\x61\x74\x75\x73\
\x3b\0\x20\x20\x20\x20\x65\x76\x74\x2d\x3e\x61\x6c\x6c\x6f\x63\x5f\x73\x69\x7a\
\x65\x20\x3d\x20\x73\x61\x74\x75\x72\x61\x74\x65\x5f\x75\x33\x32\x28\x73\x69\
\x7a\x65\x29\x3b\0\x20\x20\x20\x20\x69\x66\x20\x28\x61\x6c\x6c\x6f\x63\x5f\x73\
\x74\x61\x63\x6b\x20\x3e\x3d\x20\x30\x29\0\x20\x20\x20\x20\x20\x20\x20\x20\x65\
\x76\x74\x2d\x3e\x73\x69\x74\x65\x5f\x69\x64\x20\x3d\x20\x28\x75\x6e\x73\x69\
\x67\x6e\x65\x64\x29\x28\x61\x6c\x6c\x6f\x63\x5f\x73\x74\x61\x63\x6b\x20\x2b\
\x20\x31\x29\x3b\0\x20\x20\x20\x20\x69\x66\x20\x28\x69\x6e\x66\x6f\x29\x20\x7b\
\0\x20\x20\x20\x20\x20\x20\x20\x20\x73\x74\x72\x75\x63\x74\x20\x72\x65\x5f\x61\
\x6c\x6c\x6f\x63\x5f\x69\x6e\x66\x6f\x20\x73\x6e\x61\x70\x73\x68\x6f\x74\x20\
\x3d\x20\x2a\x69\x6e\x66\x6f\x3b\0\x20\x20\x20\x20\x20\x20\x20\x20\x62\x70\x66\
\x5f\x6d\x61\x70\x5f\x64\x65\x6c\x65\x74\x65\x5f\x65\x6c\x65\x6d\x28\x26\x61\
\x6c\x6c\x6f\x63\x73\x2c\x20\x26\x6b\x65\x79\x29\x3b\0\x20\x20\x20\x20\x20\x20\
\x20\x20\x62\x70\x66\x5f\x6d\x61\x70\x5f\x75\x70\x64\x61\x74\x65\x5f\x65\x6c\
\x65\x6d\x28\x26\x66\x72\x65\x65\x64\x2c\x20\x26\x6b\x65\x79\x2c\x20\x26\x73\
\x6e\x61\x70\x73\x68\x6f\x74\x2c\x20\x42\x50\x46\x5f\x41\x4e\x59\x29\x3b\0\x69\
\x6e\x74\x20\x42\x50\x46\x5f\x4b\x50\x52\x4f\x42\x45\x28\x75\x5f\x66\x72\x65\
\x65\x5f\x65\x6e\x74\x65\x72\x29\0\x63\x68\x61\x72\0\x4c\x49\x43\x45\x4e\x53\
\x45\0\x2e\x6d\x61\x70\x73\0\x6c\x69\x63\x65\x6e\x73\x65\0\0\0\0\x9f\xeb\x01\0\
\x20\0\0\0\0\0\0\0\x74\0\0\0\x74\0\0\0\xac\x12\0\0\x20\x13\0\0\xcc\0\0\0\x08\0\
\0\0\xc4\x01\0\0\x01\0\0\0\0\0\0\0\x43\0\0\0\x3f\x03\0\0\x01\0\0\0\0\0\0\0\x45\
\0\0\0\x53\x0a\0\0\x01\0\0\0\0\0\0\0\x47\0\0\0\x1a\x0c\0\0\x01\0\0\0\0\0\0\0\
\x49\0\0\0\x5c\x0c\0\0\x01\0\0\0\0\0\0\0\x4b\0\0\0\x89\x0d\0\0\x01\0\0\0\0\0\0\
\0\x4d\0\0\0\xd0\x0f\0\0\x01\0\0\0\0\0\0\0\x4f\0\0\0\x10\0\0\0\xc4\x01\0\0\x07\
\0\0\0\0\0\0\0\xd8\x01\0\0\x2f\x02\0\0\x19\x30\x03\0\x08\0\0\0\xd8\x01\0\0\x5b\
\x02\0\0\x11\x6c\x02\0\x40\0\0\0\xd8\x01\0\0\x91\x02\0\0\x13\x54\x02\0\x48\0\0\
\0\xd8\x01\0\0\xbf\x02\0\0\x0b\x68\x02\0\x50\0\0\0\xd8\x01\0\0\x5b\x02\0\0\x0b\
\x6c\x02\0\x78\0\0\0\xd8\x01\0\0\xda\x02\0\0\x05\x70\x02\0\x98\0\0\0\xd8\x01\0\
\0\x12\x03\0\0\x05\x28\x03\0\x3f\x03\0\0\x3c\0\0\0\0\0\0\0\xd8\x01\0\0\x50\x03\
\0\0\0\x48\x03\0\x08\0\0\0\xd8\x01\0\0\x71\x03\0\0\x19\x50\x03\0\x10\0\0\0\xd8\
\x01\0\0\x91\x02\0\0\x13\x54\x02\0\x18\0\0\0\xd8\x01\0\0\xbf\x02\0\0\x0b\x84\
\x02\0\x30\0\0\0\xd8\x01\0\0\x9a\x03\0\0\x10\x88\x02\0\x58\0\0\0\xd8\x01\0\0\
\xce\x03\0\0\x09\x8c\x02\0\x68\0\0\0\xd8\x01\0\0\xda\x03\0\0\x11\x94\x02\0\x80\
\0\0\0\xd8\x01\0\0\xee\x03\0\0\x05\x98\x02\0\xa0\0\0\0\xd8\x01\0\0\x17\x04\0\0\
\x0d\x9c\x02\0\xd0\0\0\0\xd8\x01\0\0\x2f\x04\0\0\x09\x5c\x03\0\xd8\0\0\0\xd8\
\x01\0\0\x3d\x04\0\0\x16\x68\x03\0\xe8\0\0\0\xd8\x01\0\0\x6e\x04\0\0\x14\x70\
\x03\0\x20\x01\0\0\xd8\x01\0\0\xb3\x04\0\0\x1a\x6c\x03\0\x40\x01\0\0\xd8\x01\0\
\0\xd3\x04\0\0\x24\x4c\x01\0\x60\x01\0\0\xd8\x01\0\0\x22\x05\0\0\x09\x50\x01\0\
\x68\x01\0\0\xd8\x01\0\0\x31\x05\0\0\x09\x7c\x03\0\x78\x01\0\0\xd8\x01\0\0\x3e\
\x05\0\0\x22\x54\x01\0\xa8\x01\0\0\xd8\x01\0\0\x6a\x05\0\0\x0d\x58\x01\0\xc8\
\x01\0\0\xd8\x01\0\0\x6a\x05\0\0\x4c\x58\x01\0\xe8\x01\0\0\xd8\x01\0\0\xbb\x05\
\0\0\x12\x5c\x01\0\x08\x02\0\0\xd8\x01\0\0\x31\x05\0\0\x09\x7c\x03\0\x18\x02\0\
\0\xd8\x01\0\0\xf8\x05\0\0\x1f\x88\x03\0\x38\x02\0\0\xd8\x01\0\0\x18\x06\0\0\
\x09\x9c\x03\0\x48\x02\0\0\xd8\x01\0\0\x2d\x06\0\0\x13\xa0\x03\0\x70\x02\0\0\
\xd8\x01\0\0\x5b\x06\0\0\x09\xa4\x03\0\x90\x02\0\0\xd8\x01\0\0\x86\x06\0\0\x25\
\xa8\x03\0\xc8\x02\0\0\xd8\x01\0\0\xac\x06\0\0\x09\xb8\x03\0\xf8\x02\0\0\xd8\
\x01\0\0\xe8\x06\0\0\x25\x90\x01\0\x28\x03\0\0\xd8\x01\0\0\x44\x07\0\0\x09\x94\
\x01\0\x30\x03\0\0\xd8\x01\0\0\x54\x07\0\0\x13\x98\x01\0\x48\x03\0\0\xd8\x01\0\
\0\x6c\x07\0\0\x09\xc8\x03\0\x50\x03\0\0\xd8\x01\0\0\x7a\x07\0\0\x0e\xb8\x01\0\
\x60\x03\0\0\xd8\x01\0\0\x8e\x07\0\0\x12\xa8\x01\0\x78\x03\0\0\xd8\x01\0\0\xbc\
\x07\0\0\x12\xc0\x01\0\x80\x03\0\0\xd8\x01\0\0\xd2\x07\0\0\x17\xcc\x01\0\x88\
\x03\0\0\xd8\x01\0\0\xed\x07\0\0\x0e\xbc\x01\0\x98\x03\0\0\xd8\x01\0\0\xd2\x07\
\0\0\x17\xcc\x01\0\xa8\x03\0\0\xd8\x01\0\0\x01\x08\0\0\x0e\xec\x01\0\xb0\x03\0\
\0\xd8\x01\0\0\x13\x08\0\0\x15\xe4\x01\0\xc8\x03\0\0\xd8\x01\0\0\x2c\x08\0\0\
\x12\xf0\x01\0\xd0\x03\0\0\xd8\x01\0\0\x2c\x08\0\0\x10\xf0\x01\0\xd8\x03\0\0\
\xd8\x01\0\0\x51\x08\0\0\x14\xf8\x01\0\xe8\x03\0\0\xd8\x01\0\0\x69\x08\0\0\x15\
\0\x02\0\xf0\x03\0\0\xd8\x01\0\0\x69\x08\0\0\x19\0\x02\0\xf8\x03\0\0\xd8\x01\0\
\0\x86\x08\0\0\x0e\x04\x02\0\0\x04\0\0\xd8\x01\0\0\x9a\x08\0\0\x1b\x08\x02\0\
\x08\x04\0\0\xd8\x01\0\0\x9a\x08\0\0\x15\x08\x02\0\x10\x04\0\0\xd8\x01\0\0\xbb\
\x08\0\0\x0f\x10\x02\0\x18\x04\0\0\xd8\x01\0\0\xce\x08\0\0\x0d\x0c\x02\0\x28\
\x04\0\0\xd8\x01\0\0\xe1\x08\0\0\x0f\xd4\x03\0\x30\x04\0\0\xd8\x01\0\0\x0a\x09\
\0\0\x0f\xd8\x03\0\x48\x04\0\0\xd8\x01\0\0\x26\x09\0\0\x13\xdc\x03\0\x50\x04\0\
\0\xd8\x01\0\0\x44\x09\0\0\x12\xe0\x03\0\x68\x04\0\0\xd8\x01\0\0\x5b\x09\0\0\
\x17\xe4\x03\0\x70\x04\0\0\xd8\x01\0\0\x84\x09\0\0\x10\xe8\x03\0\x98\x04\0\0\
\xd8\x01\0\0\xb7\x09\0\0\x0c\x40\x02\0\xb8\x04\0\0\xd8\x01\0\0\0\x0a\0\0\x15\
\xec\x03\0\xc0\x04\0\0\xd8\x01\0\0\x84\x09\0\0\x0e\xe8\x03\0\xc8\x04\0\0\xd8\
\x01\0\0\x20\x0a\0\0\x09\x2c\x02\0\xe0\x04\0\0\xd8\x01\0\0\x50\x03\0\0\x05\x48\
\x03\0\x53\x0a\0\0\x15\0\0\0\0\0\0\0\xd8\x01\0\0\x67\x0a\0\0\x1a\x14\x04\0\x08\
\0\0\0\xd8\x01\0\0\x94\x0a\0\0\x1a\x10\x04\0\x20\0\0\0\xd8\x01\0\0\xc1\x0a\0\0\
\x0c\xd0\x02\0\x40\0\0\0\xd8\x01\0\0\xd3\x0a\0\0\x2e\xdc\x02\0\x58\0\0\0\xd8\
\x01\0\0\x04\x0b\0\0\x1a\xc8\x02\0\x68\0\0\0\xd8\x01\0\0\xd3\x0a\0\0\x2c\xdc\
\x02\0\x70\0\0\0\xd8\x01\0\0\x34\x0b\0\0\x1a\xc4\x02\0\x78\0\0\0\xd8\x01\0\0\
\xd3\x0a\0\0\x1d\xdc\x02\0\x88\0\0\0\xd8\x01\0\0\xd3\x0a\0\0\x1b\xdc\x02\0\x98\
\0\0\0\xd8\x01\0\0\xd3\x0a\0\0\x20\xdc\x02\0\xb0\0\0\0\xd8\x01\0\0\x64\x0b\0\0\
\x0d\xe0\x02\0\xb8\0\0\0\xd8\x01\0\0\x81\x0b\0\0\x1c\xec\x02\0\xc0\0\0\0\xd8\
\x01\0\0\xa2\x0b\0\0\x16\xf0\x02\0\xc8\0\0\0\xd8\x01\0\0\xbe\x0b\0\0\x16\xf4\
\x02\0\xf0\0\0\0\xd8\x01\0\0\xda\x0b\0\0\x0d\xf8\x02\0\0\x01\0\0\xd8\x01\0\0\
\x5b\x02\0\0\x11\x6c\x02\0\x38\x01\0\0\xd8\x01\0\0\x91\x02\0\0\x13\x54\x02\0\
\x40\x01\0\0\xd8\x01\0\0\xbf\x02\0\0\x0b\x68\x02\0\x48\x01\0\0\xd8\x01\0\0\x5b\
\x02\0\0\x0b\x6c\x02\0\x70\x01\0\0\xd8\x01\0\0\xda\x02\0\0\x05\x70\x02\0\x90\
\x01\0\0\xd8\x01\0\0\xed\x0b\0\0\x05\x08\x04\0\x1a\x0c\0\0\x3c\0\0\0\0\0\0\0\
\xd8\x01\0\0\x2b\x0c\0\0\0\x38\x04\0\x08\0\0\0\xd8\x01\0\0\x71\x03\0\0\x19\x40\
\x04\0\x10\0\0\0\xd8\x01\0\0\x91\x02\0\0\x13\x54\x02\0\x18\0\0\0\xd8\x01\0\0\
\xbf\x02\0\0\x0b\x84\x02\0\x30\0\0\0\xd8\x01\0\0\x9a\x03\0\0\x10\x88\x02\0\x58\
\0\0\0\xd8\x01\0\0\xce\x03\0\0\x09\x8c\x02\0\x68\0\0\0\xd8\x01\0\0\xda\x03\0\0\
\x11\x94\x02\0\x80\0\0\0\xd8\x01\0\0\xee\x03\0\0\x05\x98\x02\0\xa0\0\0\0\xd8\
\x01\0\0\x17\x04\0\0\x0d\x9c\x02\0\xd0\0\0\0\xd8\x01\0\0\x2f\x04\0\0\x09\x4c\
\x04\0\xd8\0\0\0\xd8\x01\0\0\x3d\x04\0\0\x16\x58\x04\0\xe8\0\0\0\xd8\x01\0\0\
\x6e\x04\0\0\x14\x60\x04\0\x20\x01\0\0\xd8\x01\0\0\xb3\x04\0\0\x1a\x5c\x04\0\
\x40\x01\0\0\xd8\x01\0\0\xd3\x04\0\0\x24\x4c\x01\0\x60\x01\0\0\xd8\x01\0\0\x22\
\x05\0\0\x09\x50\x01\0\x68\x01\0\0\xd8\x01\0\0\x31\x05\0\0\x09\x6c\x04\0\x78\
\x01\0\0\xd8\x01\0\0\x3e\x05\0\0\x22\x54\x01\0\xa8\x01\0\0\xd8\x01\0\0\x6a\x05\
\0\0\x0d\x58\x01\0\xc8\x01\0\0\xd8\x01\0\0\x6a\x05\0\0\x4c\x58\x01\0\xe8\x01\0\
\0\xd8\x01\0\0\xbb\x05\0\0\x12\x5c\x01\0\x08\x02\0\0\xd8\x01\0\0\x31\x05\0\0\
\x09\x6c\x04\0\x18\x02\0\0\xd8\x01\0\0\xf8\x05\0\0\x1f\x78\x04\0\x38\x02\0\0\
\xd8\x01\0\0\x18\x06\0\0\x09\x8c\x04\0\x48\x02\0\0\xd8\x01\0\0\x2d\x06\0\0\x13\
\x90\x04\0\x70\x02\0\0\xd8\x01\0\0\x5b\x06\0\0\x09\x94\x04\0\x90\x02\0\0\xd8\
\x01\0\0\x86\x06\0\0\x25\x98\x04\0\xc8\x02\0\0\xd8\x01\0\0\xac\x06\0\0\x09\xa8\
\x04\0\xf8\x02\0\0\xd8\x01\0\0\xe8\x06\0\0\x25\x90\x01\0\x28\x03\0\0\xd8\x01\0\
\0\x44\x07\0\0\x09\x94\x01\0\x30\x03\0\0\xd8\x01\0\0\x54\x07\0\0\x13\x98\x01\0\
\x48\x03\0\0\xd8\x01\0\0\x6c\x07\0\0\x09\xb8\x04\0\x50\x03\0\0\xd8\x01\0\0\x7a\
\x07\0\0\x0e\xb8\x01\0\x60\x03\0\0\xd8\x01\0\0\x8e\x07\0\0\x12\xa8\x01\0\x78\
\x03\0\0\xd8\x01\0\0\xbc\x07\0\0\x12\xc0\x01\0\x80\x03\0\0\xd8\x01\0\0\xd2\x07\
\0\0\x17\xcc\x01\0\x88\x03\0\0\xd8\x01\0\0\xed\x07\0\0\x0e\xbc\x01\0\x98\x03\0\
\0\xd8\x01\0\0\xd2\x07\0\0\x17\xcc\x01\0\xa8\x03\0\0\xd8\x01\0\0\x01\x08\0\0\
\x0e\xec\x01\0\xb0\x03\0\0\xd8\x01\0\0\x13\x08\0\0\x15\xe4\x01\0\xc8\x03\0\0\
\xd8\x01\0\0\x2c\x08\0\0\x12\xf0\x01\0\xd0\x03\0\0\xd8\x01\0\0\x2c\x08\0\0\x10\
\xf0\x01\0\xd8\x03\0\0\xd8\x01\0\0\x51\x08\0\0\x14\xf8\x01\0\xe8\x03\0\0\xd8\
\x01\0\0\x69\x08\0\0\x15\0\x02\0\xf0\x03\0\0\xd8\x01\0\0\x69\x08\0\0\x19\0\x02\
\0\xf8\x03\0\0\xd8\x01\0\0\x86\x08\0\0\x0e\x04\x02\0\0\x04\0\0\xd8\x01\0\0\x9a\
\x08\0\0\x1b\x08\x02\0\x08\x04\0\0\xd8\x01\0\0\x9a\x08\0\0\x15\x08\x02\0\x10\
\x04\0\0\xd8\x01\0\0\xbb\x08\0\0\x0f\x10\x02\0\x18\x04\0\0\xd8\x01\0\0\xce\x08\
\0\0\x0d\x0c\x02\0\x28\x04\0\0\xd8\x01\0\0\xe1\x08\0\0\x0f\xc4\x04\0\x30\x04\0\
\0\xd8\x01\0\0\x0a\x09\0\0\x0f\xc8\x04\0\x48\x04\0\0\xd8\x01\0\0\x26\x09\0\0\
\x13\xcc\x04\0\x50\x04\0\0\xd8\x01\0\0\x44\x09\0\0\x12\xd0\x04\0\x68\x04\0\0\
\xd8\x01\0\0\x5b\x09\0\0\x17\xd4\x04\0\x70\x04\0\0\xd8\x01\0\0\x84\x09\0\0\x10\
\xd8\x04\0\x98\x04\0\0\xd8\x01\0\0\xb7\x09\0\0\x0c\x40\x02\0\xb8\x04\0\0\xd8\
\x01\0\0\0\x0a\0\0\x15\xdc\x04\0\xc0\x04\0\0\xd8\x01\0\0\x84\x09\0\0\x0e\xd8\
\x04\0\xc8\x04\0\0\xd8\x01\0\0\x20\x0a\0\0\x09\x2c\x02\0\xe0\x04\0\0\xd8\x01\0\
\0\x2b\x0c\0\0\x05\x38\x04\0\x5c\x0c\0\0\x0d\0\0\0\0\0\0\0\xd8\x01\0\0\x6b\x0c\
\0\0\x1b\x04\x05\0\x08\0\0\0\xd8\x01\0\0\x99\x0c\0\0\x1c\0\x05\0\x10\0\0\0\xd8\
\x01\0\0\xc8\x0c\0\0\x09\x08\x05\0\x18\0\0\0\xd8\x01\0\0\x91\x02\0\0\x13\x54\
\x02\0\x20\0\0\0\xd8\x01\0\0\xd8\x0c\0\0\x0f\x0c\x05\0\x28\0\0\0\xd8\x01\0\0\
\xf7\x0c\0\0\x0f\x10\x05\0\x50\0\0\0\xd8\x01\0\0\x19\x0d\0\0\x09\x14\x05\0\x70\
\0\0\0\xd8\x01\0\0\x5b\x02\0\0\x11\x6c\x02\0\xa8\0\0\0\xd8\x01\0\0\x91\x02\0\0\
\x13\x54\x02\0\xb0\0\0\0\xd8\x01\0\0\xbf\x02\0\0\x0b\x68\x02\0\xb8\0\0\0\xd8\
\x01\0\0\x5b\x02\0\0\x0b\x6c\x02\0\xe0\0\0\0\xd8\x01\0\0\xda\x02\0\0\x05\x70\
\x02\0\0\x01\0\0\xd8\x01\0\0\x5a\x0d\0\0\x05\xf8\x04\0\x89\x0d\0\0\x47\0\0\0\0\
\0\0\0\xd8\x01\0\0\x9b\x0d\0\0\0\x30\x05\0\x08\0\0\0\xd8\x01\0\0\x71\x03\0\0\
\x19\x38\x05\0\x10\0\0\0\xd8\x01\0\0\x91\x02\0\0\x13\x54\x02\0\x20\0\0\0\xd8\
\x01\0\0\xbf\x02\0\0\x0b\x84\x02\0\x38\0\0\0\xd8\x01\0\0\x9a\x03\0\0\x10\x88\
\x02\0\x68\0\0\0\xd8\x01\0\0\xce\x03\0\0\x09\x8c\x02\0\x70\0\0\0\xd8\x01\0\0\
\xda\x03\0\0\x11\x94\x02\0\x88\0\0\0\xd8\x01\0\0\xee\x03\0\0\x05\x98\x02\0\xa8\
\0\0\0\xd8\x01\0\0\x17\x04\0\0\x0d\x9c\x02\0\xd0\0\0\0\xd8\x01\0\0\x91\x02\0\0\
\x13\x54\x02\0\xd8\0\0\0\xd8\x01\0\0\xbf\x02\0\0\x0b\x44\x05\0\xf0\0\0\0\xd8\
\x01\0\0\xbd\x0d\0\0\x13\x48\x05\0\x08\x01\0\0\xd8\x01\0\0\xf8\x0d\0\0\x11\x4c\
\x05\0\x10\x01\0\0\xd8\x01\0\0\xf8\x0d\0\0\x18\x4c\x05\0\x28\x01\0\0\xd8\x01\0\
\0\x1a\x0e\0\0\x09\x54\x05\0\x40\x01\0\0\xd8\x01\0\0\x3d\x04\0\0\x16\x5c\x05\0\
\x50\x01\0\0\xd8\x01\0\0\x6e\x04\0\0\x14\x64\x05\0\x88\x01\0\0\xd8\x01\0\0\xb3\
\x04\0\0\x1a\x60\x05\0\xa8\x01\0\0\xd8\x01\0\0\xd3\x04\0\0\x24\x4c\x01\0\xc8\
\x01\0\0\xd8\x01\0\0\x22\x05\0\0\x09\x50\x01\0\xd0\x01\0\0\xd8\x01\0\0\x31\x05\
\0\0\x09\x70\x05\0\xe0\x01\0\0\xd8\x01\0\0\x3e\x05\0\0\x22\x54\x01\0\x10\x02\0\
\0\xd8\x01\0\0\x6a\x05\0\0\x0d\x58\x01\0\x30\x02\0\0\xd8\x01\0\0\x6a\x05\0\0\
\x4c\x58\x01\0\x50\x02\0\0\xd8\x01\0\0\xbb\x05\0\0\x12\x5c\x01\0\x70\x02\0\0\
\xd8\x01\0\0\x31\x05\0\0\x09\x70\x05\0\x80\x02\0\0\xd8\x01\0\0\x4b\x0e\0\0\x23\
\x7c\x05\0\xa0\x02\0\0\xd8\x01\0\0\x6f\x0e\0\0\x23\x8c\x05\0\xb8\x02\0\0\xd8\
\x01\0\0\x93\x0e\0\0\x09\xa0\x05\0\xc0\x02\0\0\xd8\x01\0\0\xa3\x0e\0\0\x17\xa4\
\x05\0\xf8\x02\0\0\xd8\x01\0\0\xce\x0e\0\0\x0d\xa8\x05\0\x20\x03\0\0\xd8\x01\0\
\0\x02\x0f\0\0\x0d\xb8\x05\0\x48\x03\0\0\xd8\x01\0\0\x24\x0f\0\0\x09\xbc\x05\0\
\x60\x03\0\0\xd8\x01\0\0\x18\x06\0\0\x09\xc4\x05\0\x70\x03\0\0\xd8\x01\0\0\x2d\
\x06\0\0\x13\xc8\x05\0\x98\x03\0\0\xd8\x01\0\0\x54\x0f\0\0\x09\xcc\x05\0\xc0\
\x03\0\0\xd8\x01\0\0\x86\x06\0\0\x25\xd0\x05\0\xf8\x03\0\0\xd8\x01\0\0\x83\x0f\
\0\0\x09\xe0\x05\0\x28\x04\0\0\xd8\x01\0\0\xe8\x06\0\0\x25\x90\x01\0\x58\x04\0\
\0\xd8\x01\0\0\x44\x07\0\0\x09\x94\x01\0\x60\x04\0\0\xd8\x01\0\0\x54\x07\0\0\
\x13\x98\x01\0\x78\x04\0\0\xd8\x01\0\0\x6c\x07\0\0\x09\xf0\x05\0\x80\x04\0\0\
\xd8\x01\0\0\x7a\x07\0\0\x0e\xb8\x01\0\x90\x04\0\0\xd8\x01\0\0\x8e\x07\0\0\x12\
\xa8\x01\0\xa8\x04\0\0\xd8\x01\0\0\xbc\x07\0\0\x12\xc0\x01\0\xb0\x04\0\0\xd8\
\x01\0\0\xd2\x07\0\0\x17\xcc\x01\0\xb8\x04\0\0\xd8\x01\0\0\xed\x07\0\0\x0e\xbc\
\x01\0\xc8\x04\0\0\xd8\x01\0\0\xd2\x07\0\0\x17\xcc\x01\0\xd8\x04\0\0\xd8\x01\0\
\0\x01\x08\0\0\x0e\xec\x01\0\xe0\x04\0\0\xd8\x01\0\0\x13\x08\0\0\x15\xe4\x01\0\
\0\x05\0\0\xd8\x01\0\0\x2c\x08\0\0\x12\xf0\x01\0\x08\x05\0\0\xd8\x01\0\0\x2c\
\x08\0\0\x10\xf0\x01\0\x10\x05\0\0\xd8\x01\0\0\x51\x08\0\0\x14\xf8\x01\0\x20\
\x05\0\0\xd8\x01\0\0\x69\x08\0\0\x15\0\x02\0\x28\x05\0\0\xd8\x01\0\0\x69\x08\0\
\0\x19\0\x02\0\x30\x05\0\0\xd8\x01\0\0\x86\x08\0\0\x0e\x04\x02\0\x38\x05\0\0\
\xd8\x01\0\0\x9a\x08\0\0\x1b\x08\x02\0\x40\x05\0\0\xd8\x01\0\0\x9a\x08\0\0\x15\
\x08\x02\0\x48\x05\0\0\xd8\x01\0\0\xbb\x08\0\0\x0f\x10\x02\0\x50\x05\0\0\xd8\
\x01\0\0\xce\x08\0\0\x0d\x0c\x02\0\x60\x05\0\0\xd8\x01\0\0\xe1\x08\0\0\x0f\xfc\
\x05\0\x68\x05\0\0\xd8\x01\0\0\x0a\x09\0\0\x0f\0\x06\0\x80\x05\0\0\xd8\x01\0\0\
\x26\x09\0\0\x13\x04\x06\0\x88\x05\0\0\xd8\x01\0\0\x44\x09\0\0\x12\x08\x06\0\
\xa0\x05\0\0\xd8\x01\0\0\x5b\x09\0\0\x17\x0c\x06\0\xa8\x05\0\0\xd8\x01\0\0\x84\
\x09\0\0\x10\x10\x06\0\xd0\x05\0\0\xd8\x01\0\0\xb7\x09\0\0\x0c\x40\x02\0\xf0\
\x05\0\0\xd8\x01\0\0\0\x0a\0\0\x15\x14\x06\0\xf8\x05\0\0\xd8\x01\0\0\x84\x09\0\
\0\x0e\x10\x06\0\0\x06\0\0\xd8\x01\0\0\x20\x0a\0\0\x09\x2c\x02\0\x18\x06\0\0\
\xd8\x01\0\0\x9b\x0d\0\0\x05\x30\x05\0\xd0\x0f\0\0\x3f\0\0\0\0\0\0\0\xd8\x01\0\
\0\xdc\x0f\0\0\x17\x38\x06\0\x08\0\0\0\xd8\x01\0\0\xce\x03\0\0\x09\x3c\x06\0\
\x18\0\0\0\xd8\x01\0\0\x3d\x04\0\0\x16\x48\x06\0\x28\0\0\0\xd8\x01\0\0\xf8\x05\
\0\0\x1f\x54\x06\0\x48\0\0\0\xd8\x01\0\0\xb3\x04\0\0\x1a\x4c\x06\0\x50\0\0\0\
\xd8\x01\0\0\xf8\x05\0\0\x1f\x54\x06\0\x68\0\0\0\xd8\x01\0\0\x06\x10\0\0\x22\
\x68\x06\0\x90\0\0\0\xd8\x01\0\0\x4b\x10\0\0\x22\x6c\x06\0\xb8\0\0\0\xd8\x01\0\
\0\x8f\x10\0\0\x09\x84\x06\0\xe8\0\0\0\xd8\x01\0\0\xa0\x10\0\0\x0d\x88\x06\0\
\x30\x01\0\0\xd8\x01\0\0\xd3\x04\0\0\x24\x4c\x01\0\x48\x01\0\0\xd8\x01\0\0\x22\
\x05\0\0\x09\x50\x01\0\x50\x01\0\0\xd8\x01\0\0\x31\x05\0\0\x09\xbc\x06\0\x60\
\x01\0\0\xd8\x01\0\0\x3e\x05\0\0\x22\x54\x01\0\x90\x01\0\0\xd8\x01\0\0\x6a\x05\
\0\0\x0d\x58\x01\0\xb0\x01\0\0\xd8\x01\0\0\x6a\x05\0\0\x4c\x58\x01\0\xb8\x01\0\
\0\xd8\x01\0\0\x31\x05\0\0\x09\xbc\x06\0\xd0\x01\0\0\xd8\x01\0\0\xbb\x05\0\0\
\x12\x5c\x01\0\xe8\x01\0\0\xd8\x01\0\0\x31\x05\0\0\x09\xbc\x06\0\xf0\x01\0\0\
\xd8\x01\0\0\xb4\x10\0\0\x0f\xc8\x06\0\xf8\x01\0\0\xd8\x01\0\0\xb4\x10\0\0\x15\
\xc8\x06\0\0\x02\0\0\xd8\x01\0\0\xb4\x10\0\0\x09\xc8\x06\0\x18\x02\0\0\xd8\x01\
\0\0\x6e\x04\0\0\x14\xd4\x06\0\x50\x02\0\0\xd8\x01\0\0\xe8\x06\0\0\x25\x90\x01\
\0\x80\x02\0\0\xd8\x01\0\0\x44\x07\0\0\x09\x94\x01\0\x90\x02\0\0\xd8\x01\0\0\
\x54\x07\0\0\x13\x98\x01\0\xa8\x02\0\0\xd8\x01\0\0\x6c\x07\0\0\x09\xe0\x06\0\
\xb0\x02\0\0\xd8\x01\0\0\x7a\x07\0\0\x0e\xb8\x01\0\xc0\x02\0\0\xd8\x01\0\0\x8e\
\x07\0\0\x12\xa8\x01\0\xd8\x02\0\0\xd8\x01\0\0\xbc\x07\0\0\x12\xc0\x01\0\xe0\
\x02\0\0\xd8\x01\0\0\xd2\x07\0\0\x17\xcc\x01\0\xe8\x02\0\0\xd8\x01\0\0\xed\x07\
\0\0\x0e\xbc\x01\0\xf8\x02\0\0\xd8\x01\0\0\xd2\x07\0\0\x17\xcc\x01\0\x08\x03\0\
\0\xd8\x01\0\0\x01\x08\0\0\x0e\xec\x01\0\x10\x03\0\0\xd8\x01\0\0\x13\x08\0\0\
\x15\xe4\x01\0\x28\x03\0\0\xd8\x01\0\0\x2c\x08\0\0\x12\xf0\x01\0\x30\x03\0\0\
\xd8\x01\0\0\x2c\x08\0\0\x10\xf0\x01\0\x38\x03\0\0\xd8\x01\0\0\x51\x08\0\0\x14\
\xf8\x01\0\x50\x03\0\0\xd8\x01\0\0\x69\x08\0\0\x15\0\x02\0\x58\x03\0\0\xd8\x01\
\0\0\x69\x08\0\0\x19\0\x02\0\x60\x03\0\0\xd8\x01\0\0\x86\x08\0\0\x0e\x04\x02\0\
\x68\x03\0\0\xd8\x01\0\0\x9a\x08\0\0\x1b\x08\x02\0\x70\x03\0\0\xd8\x01\0\0\x9a\
\x08\0\0\x15\x08\x02\0\x78\x03\0\0\xd8\x01\0\0\xbb\x08\0\0\x0f\x10\x02\0\x80\
\x03\0\0\xd8\x01\0\0\xce\x08\0\0\x0d\x0c\x02\0\x90\x03\0\0\xd8\x01\0\0\xe4\x10\
\0\0\x0f\xec\x06\0\x98\x03\0\0\xd8\x01\0\0\x0b\x11\0\0\x15\xf0\x06\0\xa0\x03\0\
\0\xd8\x01\0\0\x0b\x11\0\0\x0f\xf0\x06\0\xb0\x03\0\0\xd8\x01\0\0\x26\x09\0\0\
\x13\xf4\x06\0\xb8\x03\0\0\xd8\x01\0\0\x44\x09\0\0\x12\xf8\x06\0\xd0\x03\0\0\
\xd8\x01\0\0\x5b\x09\0\0\x17\xfc\x06\0\xd8\x03\0\0\xd8\x01\0\0\x25\x11\0\0\x15\
\x04\x07\0\x08\x04\0\0\xd8\x01\0\0\xb7\x09\0\0\x0c\x40\x02\0\x20\x04\0\0\xd8\
\x01\0\0\x43\x11\0\0\x15\0\x07\0\x28\x04\0\0\xd8\x01\0\0\x6d\x11\0\0\x15\x0c\
\x07\0\x30\x04\0\0\xd8\x01\0\0\x87\x11\0\0\x2f\x10\x07\0\x38\x04\0\0\xd8\x01\0\
\0\x87\x11\0\0\x16\x10\x07\0\x40\x04\0\0\xd8\x01\0\0\xbb\x11\0\0\x09\x18\x07\0\
\x48\x04\0\0\xd8\x01\0\0\xcb\x11\0\0\x29\x1c\x07\0\x78\x04\0\0\xd8\x01\0\0\xfa\
\x11\0\0\x09\x20\x07\0\xa8\x04\0\0\xd8\x01\0\0\x26\x12\0\0\x09\x24\x07\0\xd0\
\x04\0\0\xd8\x01\0\0\x20\x0a\0\0\x09\x2c\x02\0\xe8\x04\0\0\xd8\x01\0\0\x65\x12\
\0\0\x05\x30\x06\0\x10\0\0\0\xc4\x01\0\0\x01\0\0\0\0\0\0\0\x37\0\0\0\xd2\x01\0\
\0\0\0\0\0\x3f\x03\0\0\x01\0\0\0\x08\0\0\0\x37\0\0\0\xd2\x01\0\0\0\0\0\0\x53\
\x0a\0\0\x02\0\0\0\0\0\0\0\x37\0\0\0\x61\x0a\0\0\0\0\0\0\x08\0\0\0\x37\0\0\0\
\xd2\x01\0\0\0\0\0\0\x1a\x0c\0\0\x01\0\0\0\x08\0\0\0\x37\0\0\0\xd2\x01\0\0\0\0\
\0\0\x5c\x0c\0\0\x02\0\0\0\0\0\0\0\x37\0\0\0\x61\x0a\0\0\0\0\0\0\x08\0\0\0\x37\
\0\0\0\xd2\x01\0\0\0\0\0\0\x89\x0d\0\0\x01\0\0\0\x08\0\0\0\x37\0\0\0\xd2\x01\0\
\0\0\0\0\0\xd0\x0f\0\0\x01\0\0\0\0\0\0\0\x37\0\0\0\xd2\x01\0\0\0\0\0\0\x0c\0\0\
\0\xff\xff\xff\xff\x04\0\x08\0\x08\x7c\x0b\0\x14\0\0\0\0\0\0\0\0\0\0\0\0\0\0\0\
\xa8\0\0\0\0\0\0\0\x14\0\0\0\0\0\0\0\0\0\0\0\0\0\0\0\xf0\x04\0\0\0\0\0\0\x14\0\
\0\0\0\0\0\0\0\0\0\0\0\0\0\0\xa0\x01\0\0\0\0\0\0\x14\0\0\0\0\0\0\0\0\0\0\0\0\0\
\0\0\xf0\x04\0\0\0\0\0\0\x14\0\0\0\0\0\0\0\0\0\0\0\0\0\0\0\x10\x01\0\0\0\0\0\0\
\x14\0\0\0\0\0\0\0\0\0\0\0\0\0\0\0\x28\x06\0\0\0\0\0\0\x14\0\0\0\0\0\0\0\0\0\0\
\0\0\0\0\0\xf8\x04\0\0\0\0\0\0\xc0\x07\0\0\x05\0\x08\0\x9b\0\0\0\x08\x01\x01\
\xfb\x0e\x0d\0\x01\x01\x01\x01\0\0\0\x01\0\0\x01\x01\x01\x1f\x05\0\0\0\0\x44\0\
\0\0\x52\0\0\0\x5e\0\0\0\x60\0\0\0\x03\x01\x1f\x02\x0f\x05\x1e\x05\x6c\0\0\0\0\
\xab\x51\xc0\x19\xa1\xe3\x7a\x9a\xd3\x28\x3e\x1c\x2b\x4f\xd3\xc0\x7f\0\0\0\x01\
\xb3\x07\x81\xd4\x67\x0a\x59\xbc\xeb\x38\xca\x79\xf5\x44\xcb\x48\x87\0\0\0\x02\
\x45\x56\xed\x61\x8f\x24\x84\x94\xbc\x8f\x69\xff\x1e\xcf\x77\xcb\x93\0\0\0\x03\
\xb6\x22\x0f\x07\xe1\x8f\x98\x9c\xe6\xac\x29\x32\xbb\xa5\x65\xce\x9d\0\0\0\x04\
\x65\xe4\xdc\x8e\x31\x21\xf9\x1a\x5c\x2c\x9e\xb8\x56\x3c\x56\x92\x04\0\x05\x19\
\x0a\0\x09\x02\0\0\0\0\0\0\0\0\x03\xcb\x01\x01\x05\x11\x03\x4f\x20\x06\x03\xe5\
\x7e\x20\x03\x9b\x01\x20\x03\xe5\x7e\x20\x06\x03\x9b\x01\x2e\x06\x03\xe5\x7e\
\x20\x05\x13\x06\x03\x95\x01\x20\x05\x0b\x25\x21\x05\x05\x59\x03\x2e\x4a\x02\
\x02\0\x01\x01\x04\0\0\x09\x02\0\0\0\0\0\0\0\0\x03\xd1\x01\x01\x05\x19\x0a\x22\
\x05\x13\x03\x41\x20\x05\x0b\x03\x0c\x20\x05\x10\x3d\x06\x03\xde\x7e\x4a\x05\
\x09\x06\x03\xa3\x01\x20\x06\x03\xdd\x7e\x20\x05\x11\x06\x03\xa5\x01\x20\x06\
\x03\xdb\x7e\x20\x05\x05\x06\x03\xa6\x01\x2e\x06\x03\xda\x7e\x3c\x05\x0d\x06\
\x03\xa7\x01\x20\x06\x03\xd9\x7e\x20\x05\x09\x06\x03\xd7\x01\x58\x05\x16\x23\
\x05\x14\x30\x05\x1a\x73\x06\x03\xa5\x7e\x20\x05\x24\x06\x03\xd3\0\x3c\x05\x09\
\x4b\x03\x8b\x01\x20\x06\x03\xa1\x7e\x20\x05\x22\x06\x03\xd5\0\x20\x05\x0d\x67\
\x05\x4c\x06\x4a\x03\xaa\x7f\x20\x05\x12\x06\x03\xd7\0\x3c\x05\x09\x03\x88\x01\
\x4a\x06\x03\xa1\x7e\x20\x05\x1f\x06\x03\xe2\x01\x20\x05\x09\x4f\x05\x13\x2f\
\x06\x03\x98\x7e\x4a\x05\x09\x06\x03\xe9\x01\x20\x05\x25\x4b\x05\x09\x78\x06\
\x03\x92\x7e\x58\x05\x25\x06\x03\xe4\0\x20\x05\x09\x67\x05\x13\x21\x05\x09\x03\
\x8c\x01\x3c\x05\x0e\x03\xfc\x7e\x20\x05\x12\x2a\x42\x05\x17\x23\x05\x0e\x1c\
\x05\x17\x32\x05\x0e\x36\x05\x15\x1e\x05\x12\x3f\x05\x10\x06\x20\x05\x14\x06\
\x22\x05\x15\x30\x05\x19\x06\x20\x05\x0e\x06\x21\x05\x1b\x21\x05\x15\x06\x20\
\x05\x0f\x06\x22\x05\x0d\x1f\x05\x0f\x03\xf2\0\x2e\x21\x05\x13\x3d\x05\x12\x21\
\x05\0\x06\x03\x88\x7e\x20\x05\x17\x06\x03\xf9\x01\x2e\x05\x10\x21\x06\x03\x86\
\x7e\x3c\x05\x0c\x06\x03\x90\x01\x2e\x06\x03\xf0\x7e\x20\x05\x15\x06\x03\xfb\
\x01\x3c\x05\x0e\x1f\x05\x09\x03\x91\x7f\x20\x05\x05\x03\xc7\0\x3c\x02\x02\0\
\x01\x01\x04\0\x05\x1a\x0a\0\x09\x02\0\0\0\0\0\0\0\0\x03\x84\x02\x01\x1f\x06\
\x03\xfc\x7d\x20\x05\x0c\x06\x03\xb4\x01\x2e\x06\x03\xcc\x7e\x20\x03\xb4\x01\
\x2e\x05\x2e\x06\x23\x05\x1a\x37\x05\x2c\x33\x05\x1a\x03\x7a\x20\x05\x1d\x26\
\x05\x1b\x06\x2e\x05\x20\x2e\x03\xc9\x7e\x20\x05\x0d\x06\x03\xb8\x01\x2e\x05\
\x1c\x23\x05\x16\x21\x21\x06\x03\xc3\x7e\x4a\x05\x0d\x06\x03\xbe\x01\x20\x06\
\x03\xc2\x7e\x20\x05\x11\x06\x03\x9b\x01\x20\x06\x03\xe5\x7e\x20\x03\x9b\x01\
\x20\x03\xe5\x7e\x20\x06\x03\x9b\x01\x2e\x06\x03\xe5\x7e\x20\x05\x13\x06\x03\
\x95\x01\x20\x05\x0b\x25\x21\x05\x05\x59\x03\xe6\0\x4a\x02\x02\0\x01\x01\x04\0\
\0\x09\x02\0\0\0\0\0\0\0\0\x03\x8d\x02\x01\x05\x19\x0a\x22\x05\x13\x03\x85\x7f\
\x20\x05\x0b\x03\x0c\x20\x05\x10\x3d\x06\x03\xde\x7e\x4a\x05\x09\x06\x03\xa3\
\x01\x20\x06\x03\xdd\x7e\x20\x05\x11\x06\x03\xa5\x01\x20\x06\x03\xdb\x7e\x20\
\x05\x05\x06\x03\xa6\x01\x2e\x06\x03\xda\x7e\x3c\x05\x0d\x06\x03\xa7\x01\x20\
\x06\x03\xd9\x7e\x20\x05\x09\x06\x03\x93\x02\x58\x05\x16\x23\x05\x14\x30\x05\
\x1a\x73\x06\x03\xe9\x7d\x20\x05\x24\x06\x03\xd3\0\x3c\x05\x09\x4b\x03\xc7\x01\
\x20\x06\x03\xe5\x7d\x20\x05\x22\x06\x03\xd5\0\x20\x05\x0d\x67\x05\x4c\x06\x4a\
\x03\xaa\x7f\x20\x05\x12\x06\x03\xd7\0\x3c\x05\x09\x03\xc4\x01\x4a\x06\x03\xe5\
\x7d\x20\x05\x1f\x06\x03\x9e\x02\x20\x05\x09\x4f\x05\x13\x2f\x06\x03\xdc\x7d\
\x4a\x05\x09\x06\x03\xa5\x02\x20\x05\x25\x4b\x05\x09\x78\x06\x03\xd6\x7d\x58\
\x05\x25\x06\x03\xe4\0\x20\x05\x09\x67\x05\x13\x21\x05\x09\x03\xc8\x01\x3c\x05\
\x0e\x03\xc0\x7e\x20\x05\x12\x2a\x42\x05\x17\x23\x05\x0e\x1c\x05\x17\x32\x05\
\x0e\x36\x05\x15\x1e\x05\x12\x3f\x05\x10\x06\x20\x05\x14\x06\x22\x05\x15\x30\
\x05\x19\x06\x20\x05\x0e\x06\x21\x05\x1b\x21\x05\x15\x06\x20\x05\x0f\x06\x22\
\x05\x0d\x1f\x05\x0f\x03\xae\x01\x2e\x21\x05\x13\x3d\x05\x12\x21\x05\0\x06\x03\
\xcc\x7d\x20\x05\x17\x06\x03\xb5\x02\x2e\x05\x10\x21\x06\x03\xca\x7d\x3c\x05\
\x0c\x06\x03\x90\x01\x2e\x06\x03\xf0\x7e\x20\x05\x15\x06\x03\xb7\x02\x3c\x05\
\x0e\x1f\x05\x09\x03\xd5\x7e\x20\x05\x05\x03\x83\x01\x3c\x02\x02\0\x01\x01\x04\
\0\x05\x1b\x0a\0\x09\x02\0\0\0\0\0\0\0\0\x03\xc0\x02\x01\x05\x1c\x1f\x05\x09\
\x22\x05\x13\x03\xd3\x7e\x20\x05\x0f\x03\xae\x01\x20\x21\x05\x09\x59\x05\x11\
\x03\xd6\x7e\x4a\x06\x03\xe5\x7e\x20\x03\x9b\x01\x20\x03\xe5\x7e\x20\x06\x03\
\x9b\x01\x2e\x06\x03\xe5\x7e\x20\x05\x13\x06\x03\x95\x01\x20\x05\x0b\x25\x21\
\x05\x05\x59\x03\xa2\x01\x4a\x02\x02\0\x01\x01\x04\0\0\x09\x02\0\0\0\0\0\0\0\0\
\x03\xcb\x02\x01\x05\x19\x0a\x22\x05\x13\x03\xc7\x7e\x20\x05\x0b\x03\x0c\x2e\
\x05\x10\x3d\x06\x03\xde\x7e\x4a\x05\x09\x06\x03\xa3\x01\x2e\x05\x11\x22\x06\
\x03\xdb\x7e\x20\x05\x05\x06\x03\xa6\x01\x2e\x06\x03\xda\x7e\x3c\x05\x0d\x06\
\x03\xa7\x01\x20\x06\x03\xd9\x7e\x20\x05\x13\x06\x03\x95\x01\x4a\x05\x0b\x03\
\xbc\x01\x20\x05\x13\x3d\x05\x11\x3d\x05\x18\x06\x20\x03\xad\x7d\x20\x05\x09\
\x06\x03\xd5\x02\x2e\x05\x16\x3e\x05\x14\x30\x06\x03\xa7\x7d\x66\x05\x1a\x06\
\x03\xd8\x02\x20\x06\x03\xa8\x7d\x20\x05\x24\x06\x03\xd3\0\x3c\x05\x09\x4b\x03\
\x88\x02\x20\x06\x03\xa4\x7d\x20\x05\x22\x06\x03\xd5\0\x20\x05\x0d\x67\x05\x4c\
\x06\x4a\x03\xaa\x7f\x20\x05\x12\x06\x03\xd7\0\x3c\x05\x09\x03\x85\x02\x4a\x06\
\x03\xa4\x7d\x20\x05\x23\x06\x03\xdf\x02\x20\x4e\x05\x09\x41\x05\x17\x21\x06\
\x03\x97\x7d\x58\x05\x0d\x06\x03\xea\x02\x2e\x06\x03\x96\x7d\x4a\x06\x03\xee\
\x02\x20\x06\x03\x92\x7d\x3c\x05\x09\x06\x03\xef\x02\x2e\x3e\x05\x13\x2f\x05\
\x09\x59\x06\x03\x8d\x7d\x4a\x05\x25\x06\x03\xf4\x02\x20\x05\x09\x78\x06\x03\
\x88\x7d\x58\x05\x25\x06\x03\xe4\0\x20\x05\x09\x67\x05\x13\x21\x05\x09\x03\x96\
\x02\x3c\x05\x0e\x03\xf2\x7d\x20\x05\x12\x2a\x42\x05\x17\x23\x05\x0e\x1c\x05\
\x17\x32\x05\x0e\x36\x05\x15\x1e\x06\x03\x87\x7f\x2e\x03\xf9\0\x20\x05\x12\x06\
\x23\x05\x10\x06\x20\x05\x14\x06\x22\x05\x15\x30\x05\x19\x06\x20\x05\x0e\x06\
\x21\x05\x1b\x21\x05\x15\x06\x20\x05\x0f\x06\x22\x05\x0d\x1f\x05\x0f\x03\xfc\
\x01\x2e\x21\x05\x13\x3d\x05\x12\x21\x05\0\x06\x03\xfe\x7c\x20\x05\x17\x06\x03\
\x83\x03\x2e\x05\x10\x21\x06\x03\xfc\x7c\x3c\x05\x0c\x06\x03\x90\x01\x2e\x06\
\x03\xf0\x7e\x20\x05\x15\x06\x03\x85\x03\x3c\x05\x0e\x1f\x05\x09\x03\x87\x7e\
\x20\x05\x05\x03\xc1\x01\x3c\x02\x02\0\x01\x01\x04\0\x05\x17\x0a\0\x09\x02\0\0\
\0\0\0\0\0\0\x03\x8d\x03\x01\x05\x09\x21\x06\x03\xf1\x7c\x20\x05\x16\x06\x03\
\x92\x03\x20\x05\x1f\x31\x05\x1a\x48\x05\x1f\x22\x05\x22\x41\x59\x06\x03\xe5\
\x7c\x4a\x05\x09\x06\x03\xa1\x03\x20\x06\x03\xdf\x7c\x20\x05\x0d\x06\x03\xa2\
\x03\x58\x05\0\x06\x03\xde\x7c\x20\x05\x24\x06\x03\xd3\0\x82\x05\x09\x3d\x03\
\xdb\x02\x20\x06\x03\xd1\x7c\x20\x05\x22\x06\x03\xd5\0\x20\x05\x0d\x67\x05\x4c\
\x06\x4a\x05\x09\x06\x03\xd9\x02\x20\x06\x03\xd1\x7c\x20\x05\x12\x06\x03\xd7\0\
\x2e\x05\x09\x03\xd8\x02\x3c\x05\x0f\x23\x05\x15\x06\x20\x05\x09\x20\x03\xce\
\x7c\x20\x05\x14\x06\x03\xb5\x03\x2e\x06\x03\xcb\x7c\x66\x05\x25\x06\x03\xe4\0\
\x20\x05\x09\x67\x06\x03\x9b\x7f\x20\x05\x13\x06\x03\xe6\0\x20\x05\x09\x03\xd2\
\x02\x3c\x05\x0e\x03\xb6\x7d\x20\x05\x12\x2a\x42\x05\x17\x23\x05\x0e\x1c\x05\
\x17\x32\x05\x0e\x36\x05\x15\x1e\x05\x12\x3f\x05\x10\x06\x20\x05\x14\x06\x22\
\x05\x15\x3e\x05\x19\x06\x20\x05\x0e\x06\x21\x05\x1b\x21\x05\x15\x06\x20\x05\
\x0f\x06\x22\x05\x0d\x1f\x05\x0f\x03\xb8\x02\x2e\x05\x15\x21\x05\x0f\x06\x20\
\x05\x13\x06\x2f\x05\x12\x21\x05\0\x06\x03\xc2\x7c\x20\x05\x17\x06\x03\xbf\x03\
\x2e\x05\x15\x22\x06\x03\xbf\x7c\x58\x05\x0c\x06\x03\x90\x01\x20\x06\x03\xf0\
\x7e\x20\x05\x15\x06\x03\xc0\x03\x2e\x23\x05\x2f\x21\x05\x16\x06\x20\x05\x09\
\x06\x22\x05\x29\x21\x06\x03\xb9\x7c\x58\x05\x09\x06\x03\xc8\x03\x20\x06\x03\
\xb8\x7c\x4a\x06\x03\xc9\x03\x2e\x03\xc2\x7d\x58\x05\x05\x03\x81\x02\x3c\x02\
\x02\0\x01\x01\x2f\x55\x73\x65\x72\x73\x2f\x61\x64\x69\x74\x68\x79\x61\x73\x72\
\x69\x6e\x69\x76\x61\x73\x61\x6e\x2f\x50\x72\x6f\x6a\x65\x63\x74\x73\x2f\x61\
\x69\x2d\x63\x6f\x6d\x70\x69\x6c\x65\x72\x2f\x72\x65\x63\x6f\x6d\x70\x69\x6c\
\x65\x2f\x72\x75\x6e\x74\x69\x6d\x65\x2f\x62\x70\x66\0\x69\x6e\x63\x6c\x75\x64\
\x65\x2f\x6c\x69\x6e\x75\x78\0\x2e\x2f\x2e\x2e\x2f\x73\x68\x61\x72\x65\x64\0\
\x2e\0\x69\x6e\x63\x6c\x75\x64\x65\x2f\x62\x70\x66\0\x68\x65\x61\x70\x5f\x74\
\x72\x61\x63\x6b\x65\x72\x2e\x62\x70\x66\x2e\x63\0\x74\x79\x70\x65\x73\x2e\x68\
\0\x72\x65\x5f\x65\x76\x65\x6e\x74\x73\x2e\x68\0\x76\x6d\x6c\x69\x6e\x75\x78\
\x2e\x68\0\x62\x70\x66\x5f\x68\x65\x6c\x70\x65\x72\x5f\x64\x65\x66\x73\x2e\x68\
\0\0\0\0\0\0\0\0\0\0\0\0\0\0\0\0\0\0\0\0\0\0\0\0\0\0\0\0\0\0\x06\x02\0\0\x04\0\
\xf1\xff\0\0\0\0\0\0\0\0\0\0\0\0\0\0\0\0\0\0\0\0\x03\0\x03\0\0\0\0\0\0\0\0\0\0\
\0\0\0\0\0\0\0\0\0\0\0\x03\0\x05\0\0\0\0\0\0\0\0\0\0\0\0\0\0\0\0\0\0\0\0\0\x03\
\0\x07\0\0\0\0\0\0\0\0\0\0\0\0\0\0\0\0\0\0\0\0\0\x03\0\x09\0\0\0\0\0\0\0\0\0\0\
\0\0\0\0\0\0\0\0\0\0\0\x03\0\x0b\0\0\0\0\0\0\0\0\0\0\0\0\0\0\0\0\0\0\0\0\0\x03\
\0\x0d\0\0\0\0\0\0\0\0\0\0\0\0\0\0\0\0\0\0\0\0\0\x03\0\x0f\0\0\0\0\0\0\0\0\0\0\
\0\0\0\0\0\0\0\0\0\0\0\x03\0\x13\0\0\0\0\0\0\0\0\0\0\0\0\0\0\0\0\0\0\0\0\0\x03\
\0\x14\0\0\0\0\0\0\0\0\0\0\0\0\0\0\0\0\0\0\0\0\0\x03\0\x17\0\0\0\0\0\0\0\0\0\0\
\0\0\0\0\0\0\0\0\0\0\0\x03\0\x18\0\0\0\0\0\0\0\0\0\0\0\0\0\0\0\0\0\0\0\0\0\x03\
\0\x1a\0\0\0\0\0\0\0\0\0\0\0\0\0\0\0\0\0\0\0\0\0\x03\0\x1b\0\0\0\0\0\0\0\0\0\0\
\0\0\0\0\0\0\0\0\0\0\0\x03\0\x21\0\0\0\0\0\0\0\0\0\0\0\0\0\0\0\0\0\0\0\0\0\x03\
\0\x23\0\0\0\0\0\0\0\0\0\0\0\0\0\0\0\0\0\0\0\0\0\x03\0\x25\0\0\0\0\0\0\0\0\0\0\
\0\0\0\0\0\0\0\xd1\0\0\0\x12\0\x03\0\0\0\0\0\0\0\0\0\xa8\0\0\0\0\0\0\0\x1f\x01\
\0\0\x11\0\x12\0\x40\0\0\0\0\0\0\0\x20\0\0\0\0\0\0\0\x22\0\0\0\x12\0\x05\0\0\0\
\0\0\0\0\0\0\xf0\x04\0\0\0\0\0\0\x9a\0\0\0\x11\0\x12\0\xb0\0\0\0\0\0\0\0\x20\0\
\0\0\0\0\0\0\x35\x01\0\0\x11\0\x12\0\x90\0\0\0\0\0\0\0\x20\0\0\0\0\0\0\0\x89\
\x01\0\0\x11\0\x12\0\x20\0\0\0\0\0\0\0\x20\0\0\0\0\0\0\0\xa2\0\0\0\x11\0\x12\0\
\0\0\0\0\0\0\0\0\x20\0\0\0\0\0\0\0\x6d\0\0\0\x11\0\x12\0\x80\0\0\0\0\0\0\0\x10\
\0\0\0\0\0\0\0\xf0\0\0\0\x12\0\x07\0\0\0\0\0\0\0\0\0\xa0\x01\0\0\0\0\0\0\x3f\0\
\0\0\x12\0\x09\0\0\0\0\0\0\0\0\0\xf0\x04\0\0\0\0\0\0\xe0\0\0\0\x12\0\x0b\0\0\0\
\0\0\0\0\0\0\x10\x01\0\0\0\0\0\0\x7d\x01\0\0\x11\0\x12\0\x60\0\0\0\0\0\0\0\x20\
\0\0\0\0\0\0\0\x30\0\0\0\x12\0\x0d\0\0\0\0\0\0\0\0\0\x28\x06\0\0\0\0\0\0\xc4\0\
\0\0\x12\0\x0f\0\0\0\0\0\0\0\0\0\xf8\x04\0\0\0\0\0\0\x32\x02\0\0\x11\0\x11\0\0\
\0\0\0\0\0\0\0\x0d\0\0\0\0\0\0\0\x78\0\0\0\0\0\0\0\x01\0\0\0\x13\0\0\0\x30\0\0\
\0\0\0\0\0\x01\0\0\0\x13\0\0\0\x80\0\0\0\0\0\0\0\x01\0\0\0\x13\0\0\0\xf0\0\0\0\
\0\0\0\0\x01\0\0\0\x15\0\0\0\x40\x01\0\0\0\0\0\0\x01\0\0\0\x16\0\0\0\xa8\x01\0\
\0\0\0\0\0\x01\0\0\0\x16\0\0\0\xe8\x01\0\0\0\0\0\0\x01\0\0\0\x16\0\0\0\x70\x02\
\0\0\0\0\0\0\x01\0\0\0\x17\0\0\0\xc8\x02\0\0\0\0\0\0\x01\0\0\0\x18\0\0\0\xf8\
\x02\0\0\0\0\0\0\x01\0\0\0\x19\0\0\0\x70\x01\0\0\0\0\0\0\x01\0\0\0\x13\0\0\0\
\x30\0\0\0\0\0\0\0\x01\0\0\0\x13\0\0\0\x80\0\0\0\0\0\0\0\x01\0\0\0\x13\0\0\0\
\xf0\0\0\0\0\0\0\0\x01\0\0\0\x15\0\0\0\x40\x01\0\0\0\0\0\0\x01\0\0\0\x16\0\0\0\
\xa8\x01\0\0\0\0\0\0\x01\0\0\0\x16\0\0\0\xe8\x01\0\0\0\0\0\0\x01\0\0\0\x16\0\0\
\0\x70\x02\0\0\0\0\0\0\x01\0\0\0\x17\0\0\0\xc8\x02\0\0\0\0\0\0\x01\0\0\0\x18\0\
\0\0\xf8\x02\0\0\0\0\0\0\x01\0\0\0\x19\0\0\0\x50\0\0\0\0\0\0\0\x01\0\0\0\x1d\0\
\0\0\xe0\0\0\0\0\0\0\0\x01\0\0\0\x13\0\0\0\x38\0\0\0\0\0\0\0\x01\0\0\0\x13\0\0\
\0\x88\0\0\0\0\0\0\0\x01\0\0\0\x13\0\0\0\xf0\0\0\0\0\0\0\0\x01\0\0\0\x1d\0\0\0\
\x28\x01\0\0\0\0\0\0\x01\0\0\0\x1d\0\0\0\x58\x01\0\0\0\0\0\0\x01\0\0\0\x15\0\0\
\0\xa8\x01\0\0\0\0\0\0\x01\0\0\0\x16\0\0\0\x10\x02\0\0\0\0\0\0\x01\0\0\0\x16\0\
\0\0\x50\x02\0\0\0\0\0\0\x01\0\0\0\x16\0\0\0\xf8\x02\0\0\0\0\0\0\x01\0\0\0\x18\
\0\0\0\x48\x03\0\0\0\0\0\0\x01\0\0\0\x18\0\0\0\x98\x03\0\0\0\0\0\0\x01\0\0\0\
\x17\0\0\0\xf8\x03\0\0\0\0\0\0\x01\0\0\0\x18\0\0\0\x28\x04\0\0\0\0\0\0\x01\0\0\
\0\x19\0\0\0\x68\0\0\0\0\0\0\0\x01\0\0\0\x18\0\0\0\x90\0\0\0\0\0\0\0\x01\0\0\0\
\x17\0\0\0\x30\x01\0\0\0\0\0\0\x01\0\0\0\x16\0\0\0\x90\x01\0\0\0\0\0\0\x01\0\0\
\0\x16\0\0\0\xd0\x01\0\0\0\0\0\0\x01\0\0\0\x16\0\0\0\x20\x02\0\0\0\0\0\0\x01\0\
\0\0\x15\0\0\0\x50\x02\0\0\0\0\0\0\x01\0\0\0\x19\0\0\0\x78\x04\0\0\0\0\0\0\x01\
\0\0\0\x18\0\0\0\xa8\x04\0\0\0\0\0\0\x01\0\0\0\x17\0\0\0\x08\0\0\0\0\0\0\0\x03\
\0\0\0\x0a\0\0\0\x11\0\0\0\0\0\0\0\x03\0\0\0\x0c\0\0\0\x15\0\0\0\0\0\0\0\x03\0\
\0\0\x10\0\0\0\x23\0\0\0\0\0\0\0\x03\0\0\0\x0e\0\0\0\x27\0\0\0\0\0\0\0\x03\0\0\
\0\x0b\0\0\0\x2b\0\0\0\0\0\0\0\x03\0\0\0\x09\0\0\0\x08\0\0\0\0\0\0\0\x03\0\0\0\
\x0d\0\0\0\x0c\0\0\0\0\0\0\0\x03\0\0\0\x0d\0\0\0\x10\0\0\0\0\0\0\0\x03\0\0\0\
\x0d\0\0\0\x14\0\0\0\0\0\0\0\x03\0\0\0\x0d\0\0\0\x18\0\0\0\0\0\0\0\x03\0\0\0\
\x0d\0\0\0\x1c\0\0\0\0\0\0\0\x03\0\0\0\x0d\0\0\0\x20\0\0\0\0\0\0\0\x03\0\0\0\
\x0d\0\0\0\x24\0\0\0\0\0\0\0\x03\0\0\0\x0d\0\0\0\x28\0\0\0\0\0\0\0\x03\0\0\0\
\x0d\0\0\0\x2c\0\0\0\0\0\0\0\x03\0\0\0\x0d\0\0\0\x30\0\0\0\0\0\0\0\x03\0\0\0\
\x0d\0\0\0\x34\0\0\0\0\0\0\0\x03\0\0\0\x0d\0\0\0\x38\0\0\0\0\0\0\0\x03\0\0\0\
\x0d\0\0\0\x3c\0\0\0\0\0\0\0\x03\0\0\0\x0d\0\0\0\x40\0\0\0\0\0\0\0\x03\0\0\0\
\x0d\0\0\0\x44\0\0\0\0\0\0\0\x03\0\0\0\x0d\0\0\0\x48\0\0\0\0\0\0\0\x03\0\0\0\
\x0d\0\0\0\x4c\0\0\0\0\0\0\0\x03\0\0\0\x0d\0\0\0\x50\0\0\0\0\0\0\0\x03\0\0\0\
\x0d\0\0\0\x54\0\0\0\0\0\0\0\x03\0\0\0\x0d\0\0\0\x58\0\0\0\0\0\0\0\x03\0\0\0\
\x0d\0\0\0\x5c\0\0\0\0\0\0\0\x03\0\0\0\x0d\0\0\0\x60\0\0\0\0\0\0\0\x03\0\0\0\
\x0d\0\0\0\x64\0\0\0\0\0\0\0\x03\0\0\0\x0d\0\0\0\x68\0\0\0\0\0\0\0\x03\0\0\0\
\x0d\0\0\0\x6c\0\0\0\0\0\0\0\x03\0\0\0\x0d\0\0\0\x70\0\0\0\0\0\0\0\x03\0\0\0\
\x0d\0\0\0\x74\0\0\0\0\0\0\0\x03\0\0\0\x0d\0\0\0\x78\0\0\0\0\0\0\0\x03\0\0\0\
\x0d\0\0\0\x7c\0\0\0\0\0\0\0\x03\0\0\0\x0d\0\0\0\x80\0\0\0\0\0\0\0\x03\0\0\0\
\x0d\0\0\0\x84\0\0\0\0\0\0\0\x03\0\0\0\x0d\0\0\0\x88\0\0\0\0\0\0\0\x03\0\0\0\
\x0d\0\0\0\x8c\0\0\0\0\0\0\0\x03\0\0\0\x0d\0\0\0\x90\0\0\0\0\0\0\0\x03\0\0\0\
\x0d\0\0\0\x94\0\0\0\0\0\0\0\x03\0\0\0\x0d\0\0\0\x98\0\0\0\0\0\0\0\x03\0\0\0\
\x0d\0\0\0\x9c\0\0\0\0\0\0\0\x03\0\0\0\x0d\0\0\0\xa0\0\0\0\0\0\0\0\x03\0\0\0\
\x0d\0\0\0\xa4\0\0\0\0\0\0\0\x03\0\0\0\x0d\0\0\0\xa8\0\0\0\0\0\0\0\x03\0\0\0\
\x0d\0\0\0\xac\0\0\0\0\0\0\0\x03\0\0\0\x0d\0\0\0\xb0\0\0\0\0\0\0\0\x03\0\0\0\
\x0d\0\0\0\xb4\0\0\0\0\0\0\0\x03\0\0\0\x0d\0\0\0\xb8\0\0\0\0\0\0\0\x03\0\0\0\
\x0d\0\0\0\xbc\0\0\0\0\0\0\0\x03\0\0\0\x0d\0\0\0\xc0\0\0\0\0\0\0\0\x03\0\0\0\
\x0d\0\0\0\xc4\0\0\0\0\0\0\0\x03\0\0\0\x0d\0\0\0\xc8\0\0\0\0\0\0\0\x03\0\0\0\
\x0d\0\0\0\xcc\0\0\0\0\0\0\0\x03\0\0\0\x0d\0\0\0\xd0\0\0\0\0\0\0\0\x03\0\0\0\
\x0d\0\0\0\xd4\0\0\0\0\0\0\0\x03\0\0\0\x0d\0\0\0\xd8\0\0\0\0\0\0\0\x03\0\0\0\
\x0d\0\0\0\xdc\0\0\0\0\0\0\0\x03\0\0\0\x0d\0\0\0\xe0\0\0\0\0\0\0\0\x03\0\0\0\
\x0d\0\0\0\xe4\0\0\0\0\0\0\0\x03\0\0\0\x0d\0\0\0\xe8\0\0\0\0\0\0\0\x03\0\0\0\
\x0d\0\0\0\xec\0\0\0\0\0\0\0\x03\0\0\0\x0d\0\0\0\xf0\0\0\0\0\0\0\0\x03\0\0\0\
\x0d\0\0\0\xf4\0\0\0\0\0\0\0\x03\0\0\0\x0d\0\0\0\xf8\0\0\0\0\0\0\0\x03\0\0\0\
\x0d\0\0\0\xfc\0\0\0\0\0\0\0\x03\0\0\0\x0d\0\0\0\0\x01\0\0\0\0\0\0\x03\0\0\0\
\x0d\0\0\0\x04\x01\0\0\0\0\0\0\x03\0\0\0\x0d\0\0\0\x08\x01\0\0\0\0\0\0\x03\0\0\
\0\x0d\0\0\0\x0c\x01\0\0\0\0\0\0\x03\0\0\0\x0d\0\0\0\x10\x01\0\0\0\0\0\0\x03\0\
\0\0\x0d\0\0\0\x14\x01\0\0\0\0\0\0\x03\0\0\0\x0d\0\0\0\x18\x01\0\0\0\0\0\0\x03\
\0\0\0\x0d\0\0\0\x1c\x01\0\0\0\0\0\0\x03\0\0\0\x0d\0\0\0\x20\x01\0\0\0\0\0\0\
\x03\0\0\0\x0d\0\0\0\x24\x01\0\0\0\0\0\0\x03\0\0\0\x0d\0\0\0\x28\x01\0\0\0\0\0\
\0\x03\0\0\0\x0d\0\0\0\x2c\x01\0\0\0\0\0\0\x03\0\0\0\x0d\0\0\0\x30\x01\0\0\0\0\
\0\0\x03\0\0\0\x0d\0\0\0\x34\x01\0\0\0\0\0\0\x03\0\0\0\x0d\0\0\0\x38\x01\0\0\0\
\0\0\0\x03\0\0\0\x0d\0\0\0\x3c\x01\0\0\0\0\0\0\x03\0\0\0\x0d\0\0\0\x40\x01\0\0\
\0\0\0\0\x03\0\0\0\x0d\0\0\0\x44\x01\0\0\0\0\0\0\x03\0\0\0\x0d\0\0\0\x48\x01\0\
\0\0\0\0\0\x03\0\0\0\x0d\0\0\0\x4c\x01\0\0\0\0\0\0\x03\0\0\0\x0d\0\0\0\x50\x01\
\0\0\0\0\0\0\x03\0\0\0\x0d\0\0\0\x54\x01\0\0\0\0\0\0\x03\0\0\0\x0d\0\0\0\x58\
\x01\0\0\0\0\0\0\x03\0\0\0\x0d\0\0\0\x5c\x01\0\0\0\0\0\0\x03\0\0\0\x0d\0\0\0\
\x60\x01\0\0\0\0\0\0\x03\0\0\0\x0d\0\0\0\x64\x01\0\0\0\0\0\0\x03\0\0\0\x0d\0\0\
\0\x68\x01\0\0\0\0\0\0\x03\0\0\0\x0d\0\0\0\x6c\x01\0\0\0\0\0\0\x03\0\0\0\x0d\0\
\0\0\x70\x01\0\0\0\0\0\0\x03\0\0\0\x0d\0\0\0\x74\x01\0\0\0\0\0\0\x03\0\0\0\x0d\
\0\0\0\x78\x01\0\0\0\0\0\0\x03\0\0\0\x0d\0\0\0\x7c\x01\0\0\0\0\0\0\x03\0\0\0\
\x0d\0\0\0\x80\x01\0\0\0\0\0\0\x03\0\0\0\x0d\0\0\0\x84\x01\0\0\0\0\0\0\x03\0\0\
\0\x0d\0\0\0\x88\x01\0\0\0\0\0\0\x03\0\0\0\x0d\0\0\0\x8c\x01\0\0\0\0\0\0\x03\0\
\0\0\x0d\0\0\0\x90\x01\0\0\0\0\0\0\x03\0\0\0\x0d\0\0\0\x94\x01\0\0\0\0\0\0\x03\
\0\0\0\x0d\0\0\0\x98\x01\0\0\0\0\0\0\x03\0\0\0\x0d\0\0\0\x9c\x01\0\0\0\0\0\0\
\x03\0\0\0\x0d\0\0\0\xa0\x01\0\0\0\0\0\0\x03\0\0\0\x0d\0\0\0\xa4\x01\0\0\0\0\0\
\0\x03\0\0\0\x0d\0\0\0\xa8\x01\0\0\0\0\0\0\x03\0\0\0\x0d\0\0\0\xac\x01\0\0\0\0\
\0\0\x03\0\0\0\x0d\0\0\0\xb0\x01\0\0\0\0\0\0\x03\0\0\0\x0d\0\0\0\xb4\x01\0\0\0\
\0\0\0\x03\0\0\0\x0d\0\0\0\xb8\x01\0\0\0\0\0\0\x03\0\0\0\x0d\0\0\0\xbc\x01\0\0\
\0\0\0\0\x03\0\0\0\x0d\0\0\0\xc0\x01\0\0\0\0\0\0\x03\0\0\0\x0d\0\0\0\xc4\x01\0\
\0\0\0\0\0\x03\0\0\0\x0d\0\0\0\xc8\x01\0\0\0\0\0\0\x03\0\0\0\x0d\0\0\0\xcc\x01\
\0\0\0\0\0\0\x03\0\0\0\x0d\0\0\0\xd0\x01\0\0\0\0\0\0\x03\0\0\0\x0d\0\0\0\xd4\
\x01\0\0\0\0\0\0\x03\0\0\0\x0d\0\0\0\xd8\x01\0\0\0\0\0\0\x03\0\0\0\x0d\0\0\0\
\xdc\x01\0\0\0\0\0\0\x03\0\0\0\x0d\0\0\0\xe0\x01\0\0\0\0\0\0\x03\0\0\0\x0d\0\0\
\0\xe4\x01\0\0\0\0\0\0\x03\0\0\0\x0d\0\0\0\xe8\x01\0\0\0\0\0\0\x03\0\0\0\x0d\0\
\0\0\xec\x01\0\0\0\0\0\0\x03\0\0\0\x0d\0\0\0\xf0\x01\0\0\0\0\0\0\x03\0\0\0\x0d\
\0\0\0\xf4\x01\0\0\0\0\0\0\x03\0\0\0\x0d\0\0\0\xf8\x01\0\0\0\0\0\0\x03\0\0\0\
\x0d\0\0\0\xfc\x01\0\0\0\0\0\0\x03\0\0\0\x0d\0\0\0\0\x02\0\0\0\0\0\0\x03\0\0\0\
\x0d\0\0\0\x04\x02\0\0\0\0\0\0\x03\0\0\0\x0d\0\0\0\x08\x02\0\0\0\0\0\0\x03\0\0\
\0\x0d\0\0\0\x0c\x02\0\0\0\0\0\0\x03\0\0\0\x0d\0\0\0\x10\x02\0\0\0\0\0\0\x03\0\
\0\0\x0d\0\0\0\x14\x02\0\0\0\0\0\0\x03\0\0\0\x0d\0\0\0\x18\x02\0\0\0\0\0\0\x03\
\0\0\0\x0d\0\0\0\x1c\x02\0\0\0\0\0\0\x03\0\0\0\x0d\0\0\0\x20\x02\0\0\0\0\0\0\
\x03\0\0\0\x0d\0\0\0\x24\x02\0\0\0\0\0\0\x03\0\0\0\x0d\0\0\0\x28\x02\0\0\0\0\0\
\0\x03\0\0\0\x0d\0\0\0\x2c\x02\0\0\0\0\0\0\x03\0\0\0\x0d\0\0\0\x30\x02\0\0\0\0\
\0\0\x03\0\0\0\x0d\0\0\0\x34\x02\0\0\0\0\0\0\x03\0\0\0\x0d\0\0\0\x38\x02\0\0\0\
\0\0\0\x03\0\0\0\x0d\0\0\0\x3c\x02\0\0\0\0\0\0\x03\0\0\0\x0d\0\0\0\x40\x02\0\0\
\0\0\0\0\x03\0\0\0\x0d\0\0\0\x44\x02\0\0\0\0\0\0\x03\0\0\0\x0d\0\0\0\x48\x02\0\
\0\0\0\0\0\x03\0\0\0\x0d\0\0\0\x4c\x02\0\0\0\0\0\0\x03\0\0\0\x0d\0\0\0\x50\x02\
\0\0\0\0\0\0\x03\0\0\0\x0d\0\0\0\x54\x02\0\0\0\0\0\0\x03\0\0\0\x0d\0\0\0\x58\
\x02\0\0\0\0\0\0\x03\0\0\0\x0d\0\0\0\x5c\x02\0\0\0\0\0\0\x03\0\0\0\x0d\0\0\0\
\x60\x02\0\0\0\0\0\0\x03\0\0\0\x0d\0\0\0\x64\x02\0\0\0\0\0\0\x03\0\0\0\x0d\0\0\
\0\x68\x02\0\0\0\0\0\0\x03\0\0\0\x0d\0\0\0\x6c\x02\0\0\0\0\0\0\x03\0\0\0\x0d\0\
\0\0\x70\x02\0\0\0\0\0\0\x03\0\0\0\x0d\0\0\0\x74\x02\0\0\0\0\0\0\x03\0\0\0\x0d\
\0\0\0\x78\x02\0\0\0\0\0\0\x03\0\0\0\x0d\0\0\0\x7c\x02\0\0\0\0\0\0\x03\0\0\0\
\x0d\0\0\0\x80\x02\0\0\0\0\0\0\x03\0\0\0\x0d\0\0\0\x84\x02\0\0\0\0\0\0\x03\0\0\
\0\x0d\0\0\0\x88\x02\0\0\0\0\0\0\x03\0\0\0\x0d\0\0\0\x8c\x02\0\0\0\0\0\0\x03\0\
\0\0\x0d\0\0\0\x90\x02\0\0\0\0\0\0\x03\0\0\0\x0d\0\0\0\x94\x02\0\0\0\0\0\0\x03\
\0\0\0\x0d\0\0\0\x98\x02\0\0\0\0\0\0\x03\0\0\0\x0d\0\0\0\x9c\x02\0\0\0\0\0\0\
\x03\0\0\0\x0d\0\0\0\xa0\x02\0\0\0\0\0\0\x03\0\0\0\x0d\0\0\0\xa4\x02\0\0\0\0\0\
\0\x03\0\0\0\x0d\0\0\0\xa8\x02\0\0\0\0\0\0\x03\0\0\0\x0d\0\0\0\xac\x02\0\0\0\0\
\0\0\x03\0\0\0\x0d\0\0\0\xb0\x02\0\0\0\0\0\0\x03\0\0\0\x0d\0\0\0\xb4\x02\0\0\0\
\0\0\0\x03\0\0\0\x0d\0\0\0\xb8\x02\0\0\0\0\0\0\x03\0\0\0\x0d\0\0\0\xbc\x02\0\0\
\0\0\0\0\x03\0\0\0\x0d\0\0\0\xc0\x02\0\0\0\0\0\0\x03\0\0\0\x0d\0\0\0\xc4\x02\0\
\0\0\0\0\0\x03\0\0\0\x0d\0\0\0\xc8\x02\0\0\0\0\0\0\x03\0\0\0\x0d\0\0\0\xcc\x02\
\0\0\0\0\0\0\x03\0\0\0\x0d\0\0\0\xd0\x02\0\0\0\0\0\0\x03\0\0\0\x0d\0\0\0\xd4\
\x02\0\0\0\0\0\0\x03\0\0\0\x0d\0\0\0\xd8\x02\0\0\0\0\0\0\x03\0\0\0\x0d\0\0\0\
\xdc\x02\0\0\0\0\0\0\x03\0\0\0\x0d\0\0\0\xe0\x02\0\0\0\0\0\0\x03\0\0\0\x0d\0\0\
\0\xe4\x02\0\0\0\0\0\0\x03\0\0\0\x0d\0\0\0\xe8\x02\0\0\0\0\0\0\x03\0\0\0\x0d\0\
\0\0\xec\x02\0\0\0\0\0\0\x03\0\0\0\x0d\0\0\0\xf0\x02\0\0\0\0\0\0\x03\0\0\0\x0d\
\0\0\0\xf4\x02\0\0\0\0\0\0\x03\0\0\0\x0d\0\0\0\xf8\x02\0\0\0\0\0\0\x03\0\0\0\
\x0d\0\0\0\xfc\x02\0\0\0\0\0\0\x03\0\0\0\x0d\0\0\0\0\x03\0\0\0\0\0\0\x03\0\0\0\
\x0d\0\0\0\x04\x03\0\0\0\0\0\0\x03\0\0\0\x0d\0\0\0\x08\0\0\0\0\0\0\0\x02\0\0\0\
\x20\0\0\0\x10\0\0\0\0\0\0\0\x02\0\0\0\x18\0\0\0\x18\0\0\0\0\0\0\0\x02\0\0\0\
\x17\0\0\0\x20\0\0\0\0\0\0\0\x02\0\0\0\x13\0\0\0\x28\0\0\0\0\0\0\0\x02\0\0\0\
\x1d\0\0\0\x30\0\0\0\0\0\0\0\x02\0\0\0\x19\0\0\0\x38\0\0\0\0\0\0\0\x02\0\0\0\
\x16\0\0\0\x40\0\0\0\0\0\0\0\x02\0\0\0\x15\0\0\0\x48\0\0\0\0\0\0\0\x02\0\0\0\
\x02\0\0\0\x50\0\0\0\0\0\0\0\x02\0\0\0\x02\0\0\0\x58\0\0\0\0\0\0\0\x02\0\0\0\
\x02\0\0\0\x60\0\0\0\0\0\0\0\x02\0\0\0\x03\0\0\0\x68\0\0\0\0\0\0\0\x02\0\0\0\
\x03\0\0\0\x70\0\0\0\0\0\0\0\x02\0\0\0\x03\0\0\0\x78\0\0\0\0\0\0\0\x02\0\0\0\
\x03\0\0\0\x80\0\0\0\0\0\0\0\x02\0\0\0\x03\0\0\0\x88\0\0\0\0\0\0\0\x02\0\0\0\
\x03\0\0\0\x90\0\0\0\0\0\0\0\x02\0\0\0\x03\0\0\0\x98\0\0\0\0\0\0\0\x02\0\0\0\
\x04\0\0\0\xa0\0\0\0\0\0\0\0\x02\0\0\0\x04\0\0\0\xa8\0\0\0\0\0\0\0\x02\0\0\0\
\x04\0\0\0\xb0\0\0\0\0\0\0\0\x02\0\0\0\x04\0\0\0\xb8\0\0\0\0\0\0\0\x02\0\0\0\
\x05\0\0\0\xc0\0\0\0\0\0\0\0\x02\0\0\0\x05\0\0\0\xc8\0\0\0\0\0\0\0\x02\0\0\0\
\x05\0\0\0\xd0\0\0\0\0\0\0\0\x02\0\0\0\x05\0\0\0\xd8\0\0\0\0\0\0\0\x02\0\0\0\
\x05\0\0\0\xe0\0\0\0\0\0\0\0\x02\0\0\0\x05\0\0\0\xe8\0\0\0\0\0\0\0\x02\0\0\0\
\x05\0\0\0\xf0\0\0\0\0\0\0\0\x02\0\0\0\x06\0\0\0\xf8\0\0\0\0\0\0\0\x02\0\0\0\
\x06\0\0\0\0\x01\0\0\0\0\0\0\x02\0\0\0\x06\0\0\0\x08\x01\0\0\0\0\0\0\x02\0\0\0\
\x06\0\0\0\x10\x01\0\0\0\0\0\0\x02\0\0\0\x07\0\0\0\x18\x01\0\0\0\0\0\0\x02\0\0\
\0\x07\0\0\0\x20\x01\0\0\0\0\0\0\x02\0\0\0\x07\0\0\0\x28\x01\0\0\0\0\0\0\x02\0\
\0\0\x07\0\0\0\x30\x01\0\0\0\0\0\0\x02\0\0\0\x07\0\0\0\x38\x01\0\0\0\0\0\0\x02\
\0\0\0\x07\0\0\0\x40\x01\0\0\0\0\0\0\x02\0\0\0\x07\0\0\0\x48\x01\0\0\0\0\0\0\
\x02\0\0\0\x07\0\0\0\x50\x01\0\0\0\0\0\0\x02\0\0\0\x08\0\0\0\x58\x01\0\0\0\0\0\
\0\x02\0\0\0\x08\0\0\0\x60\x01\0\0\0\0\0\0\x02\0\0\0\x08\0\0\0\x68\x01\0\0\0\0\
\0\0\x02\0\0\0\x08\0\0\0\x9c\x07\0\0\0\0\0\0\x04\0\0\0\x18\0\0\0\xa8\x07\0\0\0\
\0\0\0\x04\0\0\0\x17\0\0\0\xb4\x07\0\0\0\0\0\0\x04\0\0\0\x13\0\0\0\xc0\x07\0\0\
\0\0\0\0\x04\0\0\0\x1d\0\0\0\xcc\x07\0\0\0\0\0\0\x04\0\0\0\x19\0\0\0\xd8\x07\0\
\0\0\0\0\0\x04\0\0\0\x16\0\0\0\xe4\x07\0\0\0\0\0\0\x04\0\0\0\x15\0\0\0\xfc\x07\
\0\0\0\0\0\0\x04\0\0\0\x20\0\0\0\x2c\0\0\0\0\0\0\0\x04\0\0\0\x02\0\0\0\x3c\0\0\
\0\0\0\0\0\x04\0\0\0\x03\0\0\0\x4c\0\0\0\0\0\0\0\x04\0\0\0\x04\0\0\0\x5c\0\0\0\
\0\0\0\0\x04\0\0\0\x05\0\0\0\x6c\0\0\0\0\0\0\0\x04\0\0\0\x06\0\0\0\x7c\0\0\0\0\
\0\0\0\x04\0\0\0\x07\0\0\0\x8c\0\0\0\0\0\0\0\x04\0\0\0\x08\0\0\0\xa0\0\0\0\0\0\
\0\0\x04\0\0\0\x02\0\0\0\xb0\0\0\0\0\0\0\0\x04\0\0\0\x02\0\0\0\xc0\0\0\0\0\0\0\
\0\x04\0\0\0\x02\0\0\0\xd0\0\0\0\0\0\0\0\x04\0\0\0\x02\0\0\0\xe0\0\0\0\0\0\0\0\
\x04\0\0\0\x02\0\0\0\xf0\0\0\0\0\0\0\0\x04\0\0\0\x02\0\0\0\0\x01\0\0\0\0\0\0\
\x04\0\0\0\x02\0\0\0\x18\x01\0\0\0\0\0\0\x04\0\0\0\x03\0\0\0\x28\x01\0\0\0\0\0\
\0\x04\0\0\0\x03\0\0\0\x38\x01\0\0\0\0\0\0\x04\0\0\0\x03\0\0\0\x48\x01\0\0\0\0\
\0\0\x04\0\0\0\x03\0\0\0\x58\x01\0\0\0\0\0\0\x04\0\0\0\x03\0\0\0\x68\x01\0\0\0\
\0\0\0\x04\0\0\0\x03\0\0\0\x78\x01\0\0\0\0\0\0\x04\0\0\0\x03\0\0\0\x88\x01\0\0\
\0\0\0\0\x04\0\0\0\x03\0\0\0\x98\x01\0\0\0\0\0\0\x04\0\0\0\x03\0\0\0\xa8\x01\0\
\0\0\0\0\0\x04\0\0\0\x03\0\0\0\xb8\x01\0\0\0\0\0\0\x04\0\0\0\x03\0\0\0\xc8\x01\
\0\0\0\0\0\0\x04\0\0\0\x03\0\0\0\xd8\x01\0\0\0\0\0\0\x04\0\0\0\x03\0\0\0\xe8\
\x01\0\0\0\0\0\0\x04\0\0\0\x03\0\0\0\xf8\x01\0\0\0\0\0\0\x04\0\0\0\x03\0\0\0\
\x08\x02\0\0\0\0\0\0\x04\0\0\0\x03\0\0\0\x18\x02\0\0\0\0\0\0\x04\0\0\0\x03\0\0\
\0\x28\x02\0\0\0\0\0\0\x04\0\0\0\x03\0\0\0\x38\x02\0\0\0\0\0\0\x04\0\0\0\x03\0\
\0\0\x48\x02\0\0\0\0\0\0\x04\0\0\0\x03\0\0\0\x58\x02\0\0\0\0\0\0\x04\0\0\0\x03\
\0\0\0\x68\x02\0\0\0\0\0\0\x04\0\0\0\x03\0\0\0\x78\x02\0\0\0\0\0\0\x04\0\0\0\
\x03\0\0\0\x88\x02\0\0\0\0\0\0\x04\0\0\0\x03\0\0\0\x98\x02\0\0\0\0\0\0\x04\0\0\
\0\x03\0\0\0\xa8\x02\0\0\0\0\0\0\x04\0\0\0\x03\0\0\0\xb8\x02\0\0\0\0\0\0\x04\0\
\0\0\x03\0\0\0\xc8\x02\0\0\0\0\0\0\x04\0\0\0\x03\0\0\0\xd8\x02\0\0\0\0\0\0\x04\
\0\0\0\x03\0\0\0\xe8\x02\0\0\0\0\0\0\x04\0\0\0\x03\0\0\0\xf8\x02\0\0\0\0\0\0\
\x04\0\0\0\x03\0\0\0\x08\x03\0\0\0\0\0\0\x04\0\0\0\x03\0\0\0\x18\x03\0\0\0\0\0\
\0\x04\0\0\0\x03\0\0\0\x28\x03\0\0\0\0\0\0\x04\0\0\0\x03\0\0\0\x38\x03\0\0\0\0\
\0\0\x04\0\0\0\x03\0\0\0\x48\x03\0\0\0\0\0\0\x04\0\0\0\x03\0\0\0\x58\x03\0\0\0\
\0\0\0\x04\0\0\0\x03\0\0\0\x68\x03\0\0\0\0\0\0\x04\0\0\0\x03\0\0\0\x78\x03\0\0\
\0\0\0\0\x04\0\0\0\x03\0\0\0\x88\x03\0\0\0\0\0\0\x04\0\0\0\x03\0\0\0\x98\x03\0\
\0\0\0\0\0\x04\0\0\0\x03\0\0\0\xa8\x03\0\0\0\0\0\0\x04\0\0\0\x03\0\0\0\xb8\x03\
\0\0\0\0\0\0\x04\0\0\0\x03\0\0\0\xc8\x03\0\0\0\0\0\0\x04\0\0\0\x03\0\0\0\xd8\
\x03\0\0\0\0\0\0\x04\0\0\0\x03\0\0\0\xe8\x03\0\0\0\0\0\0\x04\0\0\0\x03\0\0\0\
\xf8\x03\0\0\0\0\0\0\x04\0\0\0\x03\0\0\0\x08\x04\0\0\0\0\0\0\x04\0\0\0\x03\0\0\
\0\x18\x04\0\0\0\0\0\0\x04\0\0\0\x03\0\0\0\x28\x04\0\0\0\0\0\0\x04\0\0\0\x03\0\
\0\0\x38\x04\0\0\0\0\0\0\x04\0\0\0\x03\0\0\0\x48\x04\0\0\0\0\0\0\x04\0\0\0\x03\
\0\0\0\x58\x04\0\0\0\0\0\0\x04\0\0\0\x03\0\0\0\x68\x04\0\0\0\0\0\0\x04\0\0\0\
\x03\0\0\0\x78\x04\0\0\0\0\0\0\x04\0\0\0\x03\0\0\0\x88\x04\0\0\0\0\0\0\x04\0\0\
\0\x03\0\0\0\x98\x04\0\0\0\0\0\0\x04\0\0\0\x03\0\0\0\xa8\x04\0\0\0\0\0\0\x04\0\
\0\0\x03\0\0\0\xb8\x04\0\0\0\0\0\0\x04\0\0\0\x03\0\0\0\xc8\x04\0\0\0\0\0\0\x04\
\0\0\0\x03\0\0\0\xe0\x04\0\0\0\0\0\0\x04\0\0\0\x04\0\0\0\xf0\x04\0\0\0\0\0\0\
\x04\0\0\0\x04\0\0\0\0\x05\0\0\0\0\0\0\x04\0\0\0\x04\0\0\0\x10\x05\0\0\0\0\0\0\
\x04\0\0\0\x04\0\0\0\x20\x05\0\0\0\0\0\0\x04\0\0\0\x04\0\0\0\x30\x05\0\0\0\0\0\
\0\x04\0\0\0\x04\0\0\0\x40\x05\0\0\0\0\0\0\x04\0\0\0\x04\0\0\0\x50\x05\0\0\0\0\
\0\0\x04\0\0\0\x04\0\0\0\x60\x05\0\0\0\0\0\0\x04\0\0\0\x04\0\0\0\x70\x05\0\0\0\
\0\0\0\x04\0\0\0\x04\0\0\0\x80\x05\0\0\0\0\0\0\x04\0\0\0\x04\0\0\0\x90\x05\0\0\
\0\0\0\0\x04\0\0\0\x04\0\0\0\xa0\x05\0\0\0\0\0\0\x04\0\0\0\x04\0\0\0\xb0\x05\0\
\0\0\0\0\0\x04\0\0\0\x04\0\0\0\xc0\x05\0\0\0\0\0\0\x04\0\0\0\x04\0\0\0\xd0\x05\
\0\0\0\0\0\0\x04\0\0\0\x04\0\0\0\xe0\x05\0\0\0\0\0\0\x04\0\0\0\x04\0\0\0\xf0\
\x05\0\0\0\0\0\0\x04\0\0\0\x04\0\0\0\0\x06\0\0\0\0\0\0\x04\0\0\0\x04\0\0\0\x10\
\x06\0\0\0\0\0\0\x04\0\0\0\x04\0\0\0\x20\x06\0\0\0\0\0\0\x04\0\0\0\x04\0\0\0\
\x38\x06\0\0\0\0\0\0\x04\0\0\0\x05\0\0\0\x48\x06\0\0\0\0\0\0\x04\0\0\0\x05\0\0\
\0\x58\x06\0\0\0\0\0\0\x04\0\0\0\x05\0\0\0\x68\x06\0\0\0\0\0\0\x04\0\0\0\x05\0\
\0\0\x78\x06\0\0\0\0\0\0\x04\0\0\0\x05\0\0\0\x88\x06\0\0\0\0\0\0\x04\0\0\0\x05\
\0\0\0\x98\x06\0\0\0\0\0\0\x04\0\0\0\x05\0\0\0\xa8\x06\0\0\0\0\0\0\x04\0\0\0\
\x05\0\0\0\xb8\x06\0\0\0\0\0\0\x04\0\0\0\x05\0\0\0\xc8\x06\0\0\0\0\0\0\x04\0\0\
\0\x05\0\0\0\xd8\x06\0\0\0\0\0\0\x04\0\0\0\x05\0\0\0\xe8\x06\0\0\0\0\0\0\x04\0\
\0\0\x05\0\0\0\xf8\x06\0\0\0\0\0\0\x04\0\0\0\x05\0\0\0\x08\x07\0\0\0\0\0\0\x04\
\0\0\0\x05\0\0\0\x18\x07\0\0\0\0\0\0\x04\0\0\0\x05\0\0\0\x28\x07\0\0\0\0\0\0\
\x04\0\0\0\x05\0\0\0\x38\x07\0\0\0\0\0\0\x04\0\0\0\x05\0\0\0\x48\x07\0\0\0\0\0\
\0\x04\0\0\0\x05\0\0\0\x58\x07\0\0\0\0\0\0\x04\0\0\0\x05\0\0\0\x68\x07\0\0\0\0\
\0\0\x04\0\0\0\x05\0\0\0\x78\x07\0\0\0\0\0\0\x04\0\0\0\x05\0\0\0\x88\x07\0\0\0\
\0\0\0\x04\0\0\0\x05\0\0\0\x98\x07\0\0\0\0\0\0\x04\0\0\0\x05\0\0\0\xa8\x07\0\0\
\0\0\0\0\x04\0\0\0\x05\0\0\0\xb8\x07\0\0\0\0\0\0\x04\0\0\0\x05\0\0\0\xc8\x07\0\
\0\0\0\0\0\x04\0\0\0\x05\0\0\0\xd8\x07\0\0\0\0\0\0\x04\0\0\0\x05\0\0\0\xe8\x07\
\0\0\0\0\0\0\x04\0\0\0\x05\0\0\0\xf8\x07\0\0\0\0\0\0\x04\0\0\0\x05\0\0\0\x08\
\x08\0\0\0\0\0\0\x04\0\0\0\x05\0\0\0\x18\x08\0\0\0\0\0\0\x04\0\0\0\x05\0\0\0\
\x28\x08\0\0\0\0\0\0\x04\0\0\0\x05\0\0\0\x38\x08\0\0\0\0\0\0\x04\0\0\0\x05\0\0\
\0\x48\x08\0\0\0\0\0\0\x04\0\0\0\x05\0\0\0\x58\x08\0\0\0\0\0\0\x04\0\0\0\x05\0\
\0\0\x68\x08\0\0\0\0\0\0\x04\0\0\0\x05\0\0\0\x78\x08\0\0\0\0\0\0\x04\0\0\0\x05\
\0\0\0\x88\x08\0\0\0\0\0\0\x04\0\0\0\x05\0\0\0\x98\x08\0\0\0\0\0\0\x04\0\0\0\
\x05\0\0\0\xa8\x08\0\0\0\0\0\0\x04\0\0\0\x05\0\0\0\xb8\x08\0\0\0\0\0\0\x04\0\0\
\0\x05\0\0\0\xc8\x08\0\0\0\0\0\0\x04\0\0\0\x05\0\0\0\xd8\x08\0\0\0\0\0\0\x04\0\
\0\0\x05\0\0\0\xe8\x08\0\0\0\0\0\0\x04\0\0\0\x05\0\0\0\xf8\x08\0\0\0\0\0\0\x04\
\0\0\0\x05\0\0\0\x08\x09\0\0\0\0\0\0\x04\0\0\0\x05\0\0\0\x18\x09\0\0\0\0\0\0\
\x04\0\0\0\x05\0\0\0\x28\x09\0\0\0\0\0\0\x04\0\0\0\x05\0\0\0\x38\x09\0\0\0\0\0\
\0\x04\0\0\0\x05\0\0\0\x48\x09\0\0\0\0\0\0\x04\0\0\0\x05\0\0\0\x58\x09\0\0\0\0\
\0\0\x04\0\0\0\x05\0\0\0\x68\x09\0\0\0\0\0\0\x04\0\0\0\x05\0\0\0\x78\x09\0\0\0\
\0\0\0\x04\0\0\0\x05\0\0\0\x88\x09\0\0\0\0\0\0\x04\0\0\0\x05\0\0\0\x98\x09\0\0\
\0\0\0\0\x04\0\0\0\x05\0\0\0\xa8\x09\0\0\0\0\0\0\x04\0\0\0\x05\0\0\0\xb8\x09\0\
\0\0\0\0\0\x04\0\0\0\x05\0\0\0\xc8\x09\0\0\0\0\0\0\x04\0\0\0\x05\0\0\0\xd8\x09\
\0\0\0\0\0\0\x04\0\0\0\x05\0\0\0\xe8\x09\0\0\0\0\0\0\x04\0\0\0\x05\0\0\0\0\x0a\
\0\0\0\0\0\0\x04\0\0\0\x06\0\0\0\x10\x0a\0\0\0\0\0\0\x04\0\0\0\x06\0\0\0\x20\
\x0a\0\0\0\0\0\0\x04\0\0\0\x06\0\0\0\x30\x0a\0\0\0\0\0\0\x04\0\0\0\x06\0\0\0\
\x40\x0a\0\0\0\0\0\0\x04\0\0\0\x06\0\0\0\x50\x0a\0\0\0\0\0\0\x04\0\0\0\x06\0\0\
\0\x60\x0a\0\0\0\0\0\0\x04\0\0\0\x06\0\0\0\x70\x0a\0\0\0\0\0\0\x04\0\0\0\x06\0\
\0\0\x80\x0a\0\0\0\0\0\0\x04\0\0\0\x06\0\0\0\x90\x0a\0\0\0\0\0\0\x04\0\0\0\x06\
\0\0\0\xa0\x0a\0\0\0\0\0\0\x04\0\0\0\x06\0\0\0\xb0\x0a\0\0\0\0\0\0\x04\0\0\0\
\x06\0\0\0\xc0\x0a\0\0\0\0\0\0\x04\0\0\0\x06\0\0\0\xd8\x0a\0\0\0\0\0\0\x04\0\0\
\0\x07\0\0\0\xe8\x0a\0\0\0\0\0\0\x04\0\0\0\x07\0\0\0\xf8\x0a\0\0\0\0\0\0\x04\0\
\0\0\x07\0\0\0\x08\x0b\0\0\0\0\0\0\x04\0\0\0\x07\0\0\0\x18\x0b\0\0\0\0\0\0\x04\
\0\0\0\x07\0\0\0\x28\x0b\0\0\0\0\0\0\x04\0\0\0\x07\0\0\0\x38\x0b\0\0\0\0\0\0\
\x04\0\0\0\x07\0\0\0\x48\x0b\0\0\0\0\0\0\x04\0\0\0\x07\0\0\0\x58\x0b\0\0\0\0\0\
\0\x04\0\0\0\x07\0\0\0\x68\x0b\0\0\0\0\0\0\x04\0\0\0\x07\0\0\0\x78\x0b\0\0\0\0\
\0\0\x04\0\0\0\x07\0\0\0\x88\x0b\0\0\0\0\0\0\x04\0\0\0\x07\0\0\0\x98\x0b\0\0\0\
\0\0\0\x04\0\0\0\x07\0\0\0\xa8\x0b\0\0\0\0\0\0\x04\0\0\0\x07\0\0\0\xb8\x0b\0\0\
\0\0\0\0\x04\0\0\0\x07\0\0\0\xc8\x0b\0\0\0\0\0\0\x04\0\0\0\x07\0\0\0\xd8\x0b\0\
\0\0\0\0\0\x04\0\0\0\x07\0\0\0\xe8\x0b\0\0\0\0\0\0\x04\0\0\0\x07\0\0\0\xf8\x0b\
\0\0\0\0\0\0\x04\0\0\0\x07\0\0\0\x08\x0c\0\0\0\0\0\0\x04\0\0\0\x07\0\0\0\x18\
\x0c\0\0\0\0\0\0\x04\0\0\0\x07\0\0\0\x28\x0c\0\0\0\0\0\0\x04\0\0\0\x07\0\0\0\
\x38\x0c\0\0\0\0\0\0\x04\0\0\0\x07\0\0\0\x48\x0c\0\0\0\0\0\0\x04\0\0\0\x07\0\0\
\0\x58\x0c\0\0\0\0\0\0\x04\0\0\0\x07\0\0\0\x68\x0c\0\0\0\0\0\0\x04\0\0\0\x07\0\
\0\0\x78\x0c\0\0\0\0\0\0\x04\0\0\0\x07\0\0\0\x88\x0c\0\0\0\0\0\0\x04\0\0\0\x07\
\0\0\0\x98\x0c\0\0\0\0\0\0\x04\0\0\0\x07\0\0\0\xa8\x0c\0\0\0\0\0\0\x04\0\0\0\
\x07\0\0\0\xb8\x0c\0\0\0\0\0\0\x04\0\0\0\x07\0\0\0\xc8\x0c\0\0\0\0\0\0\x04\0\0\
\0\x07\0\0\0\xd8\x0c\0\0\0\0\0\0\x04\0\0\0\x07\0\0\0\xe8\x0c\0\0\0\0\0\0\x04\0\
\0\0\x07\0\0\0\xf8\x0c\0\0\0\0\0\0\x04\0\0\0\x07\0\0\0\x08\x0d\0\0\0\0\0\0\x04\
\0\0\0\x07\0\0\0\x18\x0d\0\0\0\0\0\0\x04\0\0\0\x07\0\0\0\x28\x0d\0\0\0\0\0\0\
\x04\0\0\0\x07\0\0\0\x38\x0d\0\0\0\0\0\0\x04\0\0\0\x07\0\0\0\x48\x0d\0\0\0\0\0\
\0\x04\0\0\0\x07\0\0\0\x58\x0d\0\0\0\0\0\0\x04\0\0\0\x07\0\0\0\x68\x0d\0\0\0\0\
\0\0\x04\0\0\0\x07\0\0\0\x78\x0d\0\0\0\0\0\0\x04\0\0\0\x07\0\0\0\x88\x0d\0\0\0\
\0\0\0\x04\0\0\0\x07\0\0\0\x98\x0d\0\0\0\0\0\0\x04\0\0\0\x07\0\0\0\xa8\x0d\0\0\
\0\0\0\0\x04\0\0\0\x07\0\0\0\xb8\x0d\0\0\0\0\0\0\x04\0\0\0\x07\0\0\0\xc8\x0d\0\
\0\0\0\0\0\x04\0\0\0\x07\0\0\0\xd8\x0d\0\0\0\0\0\0\x04\0\0\0\x07\0\0\0\xe8\x0d\
\0\0\0\0\0\0\x04\0\0\0\x07\0\0\0\xf8\x0d\0\0\0\0\0\0\x04\0\0\0\x07\0\0\0\x08\
\x0e\0\0\0\0\0\0\x04\0\0\0\x07\0\0\0\x18\x0e\0\0\0\0\0\0\x04\0\0\0\x07\0\0\0\
\x28\x0e\0\0\0\0\0\0\x04\0\0\0\x07\0\0\0\x38\x0e\0\0\0\0\0\0\x04\0\0\0\x07\0\0\
\0\x48\x0e\0\0\0\0\0\0\x04\0\0\0\x07\0\0\0\x58\x0e\0\0\0\0\0\0\x04\0\0\0\x07\0\
\0\0\x68\x0e\0\0\0\0\0\0\x04\0\0\0\x07\0\0\0\x78\x0e\0\0\0\0\0\0\x04\0\0\0\x07\
\0\0\0\x88\x0e\0\0\0\0\0\0\x04\0\0\0\x07\0\0\0\x98\x0e\0\0\0\0\0\0\x04\0\0\0\
\x07\0\0\0\xa8\x0e\0\0\0\0\0\0\x04\0\0\0\x07\0\0\0\xb8\x0e\0\0\0\0\0\0\x04\0\0\
\0\x07\0\0\0\xc8\x0e\0\0\0\0\0\0\x04\0\0\0\x07\0\0\0\xd8\x0e\0\0\0\0\0\0\x04\0\
\0\0\x07\0\0\0\xe8\x0e\0\0\0\0\0\0\x04\0\0\0\x07\0\0\0\xf8\x0e\0\0\0\0\0\0\x04\
\0\0\0\x07\0\0\0\x08\x0f\0\0\0\0\0\0\x04\0\0\0\x07\0\0\0\x18\x0f\0\0\0\0\0\0\
\x04\0\0\0\x07\0\0\0\x28\x0f\0\0\0\0\0\0\x04\0\0\0\x07\0\0\0\x38\x0f\0\0\0\0\0\
\0\x04\0\0\0\x07\0\0\0\x50\x0f\0\0\0\0\0\0\x04\0\0\0\x08\0\0\0\x60\x0f\0\0\0\0\
\0\0\x04\0\0\0\x08\0\0\0\x70\x0f\0\0\0\0\0\0\x04\0\0\0\x08\0\0\0\x80\x0f\0\0\0\
\0\0\0\x04\0\0\0\x08\0\0\0\x90\x0f\0\0\0\0\0\0\x04\0\0\0\x08\0\0\0\xa0\x0f\0\0\
\0\0\0\0\x04\0\0\0\x08\0\0\0\xb0\x0f\0\0\0\0\0\0\x04\0\0\0\x08\0\0\0\xc0\x0f\0\
\0\0\0\0\0\x04\0\0\0\x08\0\0\0\xd0\x0f\0\0\0\0\0\0\x04\0\0\0\x08\0\0\0\xe0\x0f\
\0\0\0\0\0\0\x04\0\0\0\x08\0\0\0\xf0\x0f\0\0\0\0\0\0\x04\0\0\0\x08\0\0\0\0\x10\
\0\0\0\0\0\0\x04\0\0\0\x08\0\0\0\x10\x10\0\0\0\0\0\0\x04\0\0\0\x08\0\0\0\x20\
\x10\0\0\0\0\0\0\x04\0\0\0\x08\0\0\0\x30\x10\0\0\0\0\0\0\x04\0\0\0\x08\0\0\0\
\x40\x10\0\0\0\0\0\0\x04\0\0\0\x08\0\0\0\x50\x10\0\0\0\0\0\0\x04\0\0\0\x08\0\0\
\0\x60\x10\0\0\0\0\0\0\x04\0\0\0\x08\0\0\0\x70\x10\0\0\0\0\0\0\x04\0\0\0\x08\0\
\0\0\x80\x10\0\0\0\0\0\0\x04\0\0\0\x08\0\0\0\x90\x10\0\0\0\0\0\0\x04\0\0\0\x08\
\0\0\0\xa0\x10\0\0\0\0\0\0\x04\0\0\0\x08\0\0\0\xb0\x10\0\0\0\0\0\0\x04\0\0\0\
\x08\0\0\0\xc0\x10\0\0\0\0\0\0\x04\0\0\0\x08\0\0\0\xd0\x10\0\0\0\0\0\0\x04\0\0\
\0\x08\0\0\0\xe0\x10\0\0\0\0\0\0\x04\0\0\0\x08\0\0\0\xf0\x10\0\0\0\0\0\0\x04\0\
\0\0\x08\0\0\0\0\x11\0\0\0\0\0\0\x04\0\0\0\x08\0\0\0\x10\x11\0\0\0\0\0\0\x04\0\
\0\0\x08\0\0\0\x20\x11\0\0\0\0\0\0\x04\0\0\0\x08\0\0\0\x30\x11\0\0\0\0\0\0\x04\
\0\0\0\x08\0\0\0\x40\x11\0\0\0\0\0\0\x04\0\0\0\x08\0\0\0\x50\x11\0\0\0\0\0\0\
\x04\0\0\0\x08\0\0\0\x60\x11\0\0\0\0\0\0\x04\0\0\0\x08\0\0\0\x70\x11\0\0\0\0\0\
\0\x04\0\0\0\x08\0\0\0\x80\x11\0\0\0\0\0\0\x04\0\0\0\x08\0\0\0\x90\x11\0\0\0\0\
\0\0\x04\0\0\0\x08\0\0\0\xa0\x11\0\0\0\0\0\0\x04\0\0\0\x08\0\0\0\xb0\x11\0\0\0\
\0\0\0\x04\0\0\0\x08\0\0\0\xc0\x11\0\0\0\0\0\0\x04\0\0\0\x08\0\0\0\xd0\x11\0\0\
\0\0\0\0\x04\0\0\0\x08\0\0\0\xe0\x11\0\0\0\0\0\0\x04\0\0\0\x08\0\0\0\xf0\x11\0\
\0\0\0\0\0\x04\0\0\0\x08\0\0\0\0\x12\0\0\0\0\0\0\x04\0\0\0\x08\0\0\0\x10\x12\0\
\0\0\0\0\0\x04\0\0\0\x08\0\0\0\x20\x12\0\0\0\0\0\0\x04\0\0\0\x08\0\0\0\x30\x12\
\0\0\0\0\0\0\x04\0\0\0\x08\0\0\0\x40\x12\0\0\0\0\0\0\x04\0\0\0\x08\0\0\0\x50\
\x12\0\0\0\0\0\0\x04\0\0\0\x08\0\0\0\x60\x12\0\0\0\0\0\0\x04\0\0\0\x08\0\0\0\
\x70\x12\0\0\0\0\0\0\x04\0\0\0\x08\0\0\0\x80\x12\0\0\0\0\0\0\x04\0\0\0\x08\0\0\
\0\x90\x12\0\0\0\0\0\0\x04\0\0\0\x08\0\0\0\xa0\x12\0\0\0\0\0\0\x04\0\0\0\x08\0\
\0\0\xb0\x12\0\0\0\0\0\0\x04\0\0\0\x08\0\0\0\xc0\x12\0\0\0\0\0\0\x04\0\0\0\x08\
\0\0\0\xd0\x12\0\0\0\0\0\0\x04\0\0\0\x08\0\0\0\xe0\x12\0\0\0\0\0\0\x04\0\0\0\
\x08\0\0\0\xf0\x12\0\0\0\0\0\0\x04\0\0\0\x08\0\0\0\0\x13\0\0\0\0\0\0\x04\0\0\0\
\x08\0\0\0\x10\x13\0\0\0\0\0\0\x04\0\0\0\x08\0\0\0\x20\x13\0\0\0\0\0\0\x04\0\0\
\0\x08\0\0\0\x30\x13\0\0\0\0\0\0\x04\0\0\0\x08\0\0\0\x4c\x13\0\0\0\0\0\0\x04\0\
\0\0\x02\0\0\0\x64\x13\0\0\0\0\0\0\x04\0\0\0\x03\0\0\0\x7c\x13\0\0\0\0\0\0\x04\
\0\0\0\x04\0\0\0\x8c\x13\0\0\0\0\0\0\x04\0\0\0\x04\0\0\0\xa4\x13\0\0\0\0\0\0\
\x04\0\0\0\x05\0\0\0\xbc\x13\0\0\0\0\0\0\x04\0\0\0\x06\0\0\0\xcc\x13\0\0\0\0\0\
\0\x04\0\0\0\x06\0\0\0\xe4\x13\0\0\0\0\0\0\x04\0\0\0\x07\0\0\0\xfc\x13\0\0\0\0\
\0\0\x04\0\0\0\x08\0\0\0\x14\0\0\0\0\0\0\0\x03\0\0\0\x0f\0\0\0\x18\0\0\0\0\0\0\
\0\x02\0\0\0\x02\0\0\0\x2c\0\0\0\0\0\0\0\x03\0\0\0\x0f\0\0\0\x30\0\0\0\0\0\0\0\
\x02\0\0\0\x03\0\0\0\x44\0\0\0\0\0\0\0\x03\0\0\0\x0f\0\0\0\x48\0\0\0\0\0\0\0\
\x02\0\0\0\x04\0\0\0\x5c\0\0\0\0\0\0\0\x03\0\0\0\x0f\0\0\0\x60\0\0\0\0\0\0\0\
\x02\0\0\0\x05\0\0\0\x74\0\0\0\0\0\0\0\x03\0\0\0\x0f\0\0\0\x78\0\0\0\0\0\0\0\
\x02\0\0\0\x06\0\0\0\x8c\0\0\0\0\0\0\0\x03\0\0\0\x0f\0\0\0\x90\0\0\0\0\0\0\0\
\x02\0\0\0\x07\0\0\0\xa4\0\0\0\0\0\0\0\x03\0\0\0\x0f\0\0\0\xa8\0\0\0\0\0\0\0\
\x02\0\0\0\x08\0\0\0\x22\0\0\0\0\0\0\0\x03\0\0\0\x11\0\0\0\x26\0\0\0\0\0\0\0\
\x03\0\0\0\x11\0\0\0\x2a\0\0\0\0\0\0\0\x03\0\0\0\x11\0\0\0\x2e\0\0\0\0\0\0\0\
\x03\0\0\0\x11\0\0\0\x32\0\0\0\0\0\0\0\x03\0\0\0\x11\0\0\0\x3e\0\0\0\0\0\0\0\
\x03\0\0\0\x11\0\0\0\x53\0\0\0\0\0\0\0\x03\0\0\0\x11\0\0\0\x68\0\0\0\0\0\0\0\
\x03\0\0\0\x11\0\0\0\x7d\0\0\0\0\0\0\0\x03\0\0\0\x11\0\0\0\x92\0\0\0\0\0\0\0\
\x03\0\0\0\x11\0\0\0\xaf\0\0\0\0\0\0\0\x02\0\0\0\x02\0\0\0\xf2\0\0\0\0\0\0\0\
\x02\0\0\0\x03\0\0\0\x56\x02\0\0\0\0\0\0\x02\0\0\0\x04\0\0\0\xee\x02\0\0\0\0\0\
\0\x02\0\0\0\x05\0\0\0\x53\x04\0\0\0\0\0\0\x02\0\0\0\x06\0\0\0\xae\x04\0\0\0\0\
\0\0\x02\0\0\0\x07\0\0\0\x5f\x06\0\0\0\0\0\0\x02\0\0\0\x08\0\0\0\x12\x14\x1a\
\x1b\x1c\x1e\x1f\x20\x18\x17\x13\x1d\x19\x16\x15\0\x2e\x64\x65\x62\x75\x67\x5f\
\x61\x62\x62\x72\x65\x76\0\x2e\x74\x65\x78\x74\0\x2e\x72\x65\x6c\x2e\x42\x54\
\x46\x2e\x65\x78\x74\0\x75\x5f\x6d\x61\x6c\x6c\x6f\x63\x5f\x65\x78\x69\x74\0\
\x75\x5f\x72\x65\x61\x6c\x6c\x6f\x63\x5f\x65\x78\x69\x74\0\x75\x5f\x63\x61\x6c\
\x6c\x6f\x63\x5f\x65\x78\x69\x74\0\x2e\x64\x65\x62\x75\x67\x5f\x72\x6e\x67\x6c\
\x69\x73\x74\x73\0\x2e\x64\x65\x62\x75\x67\x5f\x6c\x6f\x63\x6c\x69\x73\x74\x73\
\0\x73\x65\x6e\x74\x69\x6e\x65\x6c\x5f\x65\x76\x65\x6e\x74\x73\0\x2e\x72\x65\
\x6c\x2e\x64\x65\x62\x75\x67\x5f\x73\x74\x72\x5f\x6f\x66\x66\x73\x65\x74\x73\0\
\x2e\x6d\x61\x70\x73\0\x75\x73\x74\x61\x63\x6b\x73\0\x61\x6c\x6c\x6f\x63\x73\0\
\x2e\x64\x65\x62\x75\x67\x5f\x73\x74\x72\0\x2e\x64\x65\x62\x75\x67\x5f\x6c\x69\
\x6e\x65\x5f\x73\x74\x72\0\x75\x5f\x66\x72\x65\x65\x5f\x65\x6e\x74\x65\x72\0\
\x75\x5f\x6d\x61\x6c\x6c\x6f\x63\x5f\x65\x6e\x74\x65\x72\0\x75\x5f\x72\x65\x61\
\x6c\x6c\x6f\x63\x5f\x65\x6e\x74\x65\x72\0\x75\x5f\x63\x61\x6c\x6c\x6f\x63\x5f\
\x65\x6e\x74\x65\x72\0\x2e\x72\x65\x6c\x2e\x64\x65\x62\x75\x67\x5f\x61\x64\x64\
\x72\0\x2e\x72\x65\x6c\x2e\x64\x65\x62\x75\x67\x5f\x69\x6e\x66\x6f\0\x70\x65\
\x6e\x64\x69\x6e\x67\0\x2e\x6c\x6c\x76\x6d\x5f\x61\x64\x64\x72\x73\x69\x67\0\
\x73\x65\x6e\x74\x69\x6e\x65\x6c\x5f\x73\x74\x61\x74\x65\0\x6c\x69\x63\x65\x6e\
\x73\x65\0\x2e\x72\x65\x6c\x2e\x64\x65\x62\x75\x67\x5f\x6c\x69\x6e\x65\0\x2e\
\x72\x65\x6c\x2e\x64\x65\x62\x75\x67\x5f\x66\x72\x61\x6d\x65\0\x2e\x72\x65\x6c\
\x75\x70\x72\x6f\x62\x65\x2f\x66\x72\x65\x65\0\x72\x65\x61\x6c\x6c\x6f\x63\x5f\
\x6f\x6c\x64\0\x66\x72\x65\x65\x64\0\x2e\x72\x65\x6c\x75\x70\x72\x6f\x62\x65\
\x2f\x6d\x61\x6c\x6c\x6f\x63\0\x2e\x72\x65\x6c\x75\x72\x65\x74\x70\x72\x6f\x62\
\x65\x2f\x6d\x61\x6c\x6c\x6f\x63\0\x2e\x72\x65\x6c\x75\x70\x72\x6f\x62\x65\x2f\
\x72\x65\x61\x6c\x6c\x6f\x63\0\x2e\x72\x65\x6c\x75\x72\x65\x74\x70\x72\x6f\x62\
\x65\x2f\x72\x65\x61\x6c\x6c\x6f\x63\0\x2e\x72\x65\x6c\x75\x70\x72\x6f\x62\x65\
\x2f\x63\x61\x6c\x6c\x6f\x63\0\x2e\x72\x65\x6c\x75\x72\x65\x74\x70\x72\x6f\x62\
\x65\x2f\x63\x61\x6c\x6c\x6f\x63\0\x68\x65\x61\x70\x5f\x74\x72\x61\x63\x6b\x65\
\x72\x2e\x62\x70\x66\x2e\x63\0\x2e\x73\x74\x72\x74\x61\x62\0\x2e\x73\x79\x6d\
\x74\x61\x62\0\x2e\x72\x65\x6c\x2e\x42\x54\x46\0\x4c\x49\x43\x45\x4e\x53\x45\0\
\0\0\0\0\0\0\0\0\0\0\0\0\0\0\0\0\0\0\0\0\0\0\0\0\0\0\0\0\0\0\0\0\0\0\0\0\0\0\0\
\0\0\0\0\0\0\0\0\0\0\0\0\0\0\0\0\0\0\0\0\0\0\0\0\0\0\0\0\0\0\0\0\x19\x02\0\0\
\x03\0\0\0\0\0\0\0\0\0\0\0\0\0\0\0\0\0\0\0\x0f\xa7\0\0\0\0\0\0\x3a\x02\0\0\0\0\
\0\0\0\0\0\0\0\0\0\0\x01\0\0\0\0\0\0\0\0\0\0\0\0\0\0\0\x0f\0\0\0\x01\0\0\0\x06\
\0\0\0\0\0\0\0\0\0\0\0\0\0\0\0\x40\0\0\0\0\0\0\0\0\0\0\0\0\0\0\0\0\0\0\0\0\0\0\
\0\x04\0\0\0\0\0\0\0\0\0\0\0\0\0\0\0\x93\x01\0\0\x01\0\0\0\x06\0\0\0\0\0\0\0\0\
\0\0\0\0\0\0\0\x40\0\0\0\0\0\0\0\xa8\0\0\0\0\0\0\0\0\0\0\0\0\0\0\0\x08\0\0\0\0\
\0\0\0\0\0\0\0\0\0\0\0\x8f\x01\0\0\x09\0\0\0\x40\0\0\0\0\0\0\0\0\0\0\0\0\0\0\0\
\x30\x7f\0\0\0\0\0\0\x10\0\0\0\0\0\0\0\x27\0\0\0\x03\0\0\0\x08\0\0\0\0\0\0\0\
\x10\0\0\0\0\0\0\0\xa5\x01\0\0\x01\0\0\0\x06\0\0\0\0\0\0\0\0\0\0\0\0\0\0\0\xe8\
\0\0\0\0\0\0\0\xf0\x04\0\0\0\0\0\0\0\0\0\0\0\0\0\0\x08\0\0\0\0\0\0\0\0\0\0\0\0\
\0\0\0\xa1\x01\0\0\x09\0\0\0\x40\0\0\0\0\0\0\0\0\0\0\0\0\0\0\0\x40\x7f\0\0\0\0\
\0\0\x90\0\0\0\0\0\0\0\x27\0\0\0\x05\0\0\0\x08\0\0\0\0\0\0\0\x10\0\0\0\0\0\0\0\
\xe3\x01\0\0\x01\0\0\0\x06\0\0\0\0\0\0\0\0\0\0\0\0\0\0\0\xd8\x05\0\0\0\0\0\0\
\xa0\x01\0\0\0\0\0\0\0\0\0\0\0\0\0\0\x08\0\0\0\0\0\0\0\0\0\0\0\0\0\0\0\xdf\x01\
\0\0\x09\0\0\0\x40\0\0\0\0\0\0\0\0\0\0\0\0\0\0\0\xd0\x7f\0\0\0\0\0\0\x10\0\0\0\
\0\0\0\0\x27\0\0\0\x07\0\0\0\x08\0\0\0\0\0\0\0\x10\0\0\0\0\0\0\0\xf5\x01\0\0\
\x01\0\0\0\x06\0\0\0\0\0\0\0\0\0\0\0\0\0\0\0\x78\x07\0\0\0\0\0\0\xf0\x04\0\0\0\
\0\0\0\0\0\0\0\0\0\0\0\x08\0\0\0\0\0\0\0\0\0\0\0\0\0\0\0\xf1\x01\0\0\x09\0\0\0\
\x40\0\0\0\0\0\0\0\0\0\0\0\0\0\0\0\xe0\x7f\0\0\0\0\0\0\x90\0\0\0\0\0\0\0\x27\0\
\0\0\x09\0\0\0\x08\0\0\0\0\0\0\0\x10\0\0\0\0\0\0\0\xba\x01\0\0\x01\0\0\0\x06\0\
\0\0\0\0\0\0\0\0\0\0\0\0\0\0\x68\x0c\0\0\0\0\0\0\x10\x01\0\0\0\0\0\0\0\0\0\0\0\
\0\0\0\x08\0\0\0\0\0\0\0\0\0\0\0\0\0\0\0\xb6\x01\0\0\x09\0\0\0\x40\0\0\0\0\0\0\
\0\0\0\0\0\0\0\0\0\x70\x80\0\0\0\0\0\0\x20\0\0\0\0\0\0\0\x27\0\0\0\x0b\0\0\0\
\x08\0\0\0\0\0\0\0\x10\0\0\0\0\0\0\0\xcd\x01\0\0\x01\0\0\0\x06\0\0\0\0\0\0\0\0\
\0\0\0\0\0\0\0\x78\x0d\0\0\0\0\0\0\x28\x06\0\0\0\0\0\0\0\0\0\0\0\0\0\0\x08\0\0\
\0\0\0\0\0\0\0\0\0\0\0\0\0\xc9\x01\0\0\x09\0\0\0\x40\0\0\0\0\0\0\0\0\0\0\0\0\0\
\0\0\x90\x80\0\0\0\0\0\0\xd0\0\0\0\0\0\0\0\x27\0\0\0\x0d\0\0\0\x08\0\0\0\0\0\0\
\0\x10\0\0\0\0\0\0\0\x71\x01\0\0\x01\0\0\0\x06\0\0\0\0\0\0\0\0\0\0\0\0\0\0\0\
\xa0\x13\0\0\0\0\0\0\xf8\x04\0\0\0\0\0\0\0\0\0\0\0\0\0\0\x08\0\0\0\0\0\0\0\0\0\
\0\0\0\0\0\0\x6d\x01\0\0\x09\0\0\0\x40\0\0\0\0\0\0\0\0\0\0\0\0\0\0\0\x60\x81\0\
\0\0\0\0\0\x90\0\0\0\0\0\0\0\x27\0\0\0\x0f\0\0\0\x08\0\0\0\0\0\0\0\x10\0\0\0\0\
\0\0\0\x44\x01\0\0\x01\0\0\0\x03\0\0\0\0\0\0\0\0\0\0\0\0\0\0\0\x98\x18\0\0\0\0\
\0\0\x0d\0\0\0\0\0\0\0\0\0\0\0\0\0\0\0\x01\0\0\0\0\0\0\0\0\0\0\0\0\0\0\0\x94\0\
\0\0\x01\0\0\0\x03\0\0\0\0\0\0\0\0\0\0\0\0\0\0\0\xa8\x18\0\0\0\0\0\0\xd0\0\0\0\
\0\0\0\0\0\0\0\0\0\0\0\0\x08\0\0\0\0\0\0\0\0\0\0\0\0\0\0\0\x5d\0\0\0\x01\0\0\0\
\0\0\0\0\0\0\0\0\0\0\0\0\0\0\0\0\x78\x19\0\0\0\0\0\0\x33\x07\0\0\0\0\0\0\0\0\0\
\0\0\0\0\0\x01\0\0\0\0\0\0\0\0\0\0\0\0\0\0\0\x01\0\0\0\x01\0\0\0\0\0\0\0\0\0\0\
\0\0\0\0\0\0\0\0\0\xab\x20\0\0\0\0\0\0\xd5\x02\0\0\0\0\0\0\0\0\0\0\0\0\0\0\x01\
\0\0\0\0\0\0\0\0\0\0\0\0\0\0\0\x13\x01\0\0\x01\0\0\0\0\0\0\0\0\0\0\0\0\0\0\0\0\
\0\0\0\x80\x23\0\0\0\0\0\0\x77\x11\0\0\0\0\0\0\0\0\0\0\0\0\0\0\x01\0\0\0\0\0\0\
\0\0\0\0\0\0\0\0\0\x0f\x01\0\0\x09\0\0\0\x40\0\0\0\0\0\0\0\0\0\0\0\0\0\0\0\xf0\
\x81\0\0\0\0\0\0\x60\0\0\0\0\0\0\0\x27\0\0\0\x15\0\0\0\x08\0\0\0\0\0\0\0\x10\0\
\0\0\0\0\0\0\x4d\0\0\0\x01\0\0\0\0\0\0\0\0\0\0\0\0\0\0\0\0\0\0\0\xf7\x34\0\0\0\
\0\0\0\xcb\0\0\0\0\0\0\0\0\0\0\0\0\0\0\0\x01\0\0\0\0\0\0\0\0\0\0\0\0\0\0\0\x81\
\0\0\0\x01\0\0\0\0\0\0\0\0\0\0\0\0\0\0\0\0\0\0\0\xc2\x35\0\0\0\0\0\0\x08\x03\0\
\0\0\0\0\0\0\0\0\0\0\0\0\0\x01\0\0\0\0\0\0\0\0\0\0\0\0\0\0\0\x7d\0\0\0\x09\0\0\
\0\x40\0\0\0\0\0\0\0\0\0\0\0\0\0\0\0\x50\x82\0\0\0\0\0\0\0\x0c\0\0\0\0\0\0\x27\
\0\0\0\x18\0\0\0\x08\0\0\0\0\0\0\0\x10\0\0\0\0\0\0\0\xa9\0\0\0\x01\0\0\0\x30\0\
\0\0\0\0\0\0\0\0\0\0\0\0\0\0\xca\x38\0\0\0\0\0\0\xfb\x09\0\0\0\0\0\0\0\0\0\0\0\
\0\0\0\x01\0\0\0\0\0\0\0\x01\0\0\0\0\0\0\0\x03\x01\0\0\x01\0\0\0\0\0\0\0\0\0\0\
\0\0\0\0\0\0\0\0\0\xc5\x42\0\0\0\0\0\0\x70\x01\0\0\0\0\0\0\0\0\0\0\0\0\0\0\x01\
\0\0\0\0\0\0\0\0\0\0\0\0\0\0\0\xff\0\0\0\x09\0\0\0\x40\0\0\0\0\0\0\0\0\0\0\0\0\
\0\0\0\x50\x8e\0\0\0\0\0\0\xd0\x02\0\0\0\0\0\0\x27\0\0\0\x1b\0\0\0\x08\0\0\0\0\
\0\0\0\x10\0\0\0\0\0\0\0\x2d\x02\0\0\x01\0\0\0\0\0\0\0\0\0\0\0\0\0\0\0\0\0\0\0\
\x38\x44\0\0\0\0\0\0\xa1\x1a\0\0\0\0\0\0\0\0\0\0\0\0\0\0\x04\0\0\0\0\0\0\0\0\0\
\0\0\0\0\0\0\x29\x02\0\0\x09\0\0\0\x40\0\0\0\0\0\0\0\0\0\0\0\0\0\0\0\x20\x91\0\
\0\0\0\0\0\x80\0\0\0\0\0\0\0\x27\0\0\0\x1d\0\0\0\x08\0\0\0\0\0\0\0\x10\0\0\0\0\
\0\0\0\x19\0\0\0\x01\0\0\0\0\0\0\0\0\0\0\0\0\0\0\0\0\0\0\0\xdc\x5e\0\0\0\0\0\0\
\x0c\x14\0\0\0\0\0\0\0\0\0\0\0\0\0\0\x04\0\0\0\0\0\0\0\0\0\0\0\0\0\0\0\x15\0\0\
\0\x09\0\0\0\x40\0\0\0\0\0\0\0\0\0\0\0\0\0\0\0\xa0\x91\0\0\0\0\0\0\x70\x13\0\0\
\0\0\0\0\x27\0\0\0\x1f\0\0\0\x08\0\0\0\0\0\0\0\x10\0\0\0\0\0\0\0\x60\x01\0\0\
\x01\0\0\0\0\0\0\0\0\0\0\0\0\0\0\0\0\0\0\0\xe8\x72\0\0\0\0\0\0\xb8\0\0\0\0\0\0\
\0\0\0\0\0\0\0\0\0\x08\0\0\0\0\0\0\0\0\0\0\0\0\0\0\0\x5c\x01\0\0\x09\0\0\0\x40\
\0\0\0\0\0\0\0\0\0\0\0\0\0\0\0\x10\xa5\0\0\0\0\0\0\xe0\0\0\0\0\0\0\0\x27\0\0\0\
\x21\0\0\0\x08\0\0\0\0\0\0\0\x10\0\0\0\0\0\0\0\x50\x01\0\0\x01\0\0\0\0\0\0\0\0\
\0\0\0\0\0\0\0\0\0\0\0\xa0\x73\0\0\0\0\0\0\xc4\x07\0\0\0\0\0\0\0\0\0\0\0\0\0\0\
\x01\0\0\0\0\0\0\0\0\0\0\0\0\0\0\0\x4c\x01\0\0\x09\0\0\0\x40\0\0\0\0\0\0\0\0\0\
\0\0\0\0\0\0\xf0\xa5\0\0\0\0\0\0\x10\x01\0\0\0\0\0\0\x27\0\0\0\x23\0\0\0\x08\0\
\0\0\0\0\0\0\x10\0\0\0\0\0\0\0\xb4\0\0\0\x01\0\0\0\x30\0\0\0\0\0\0\0\0\0\0\0\0\
\0\0\0\x64\x7b\0\0\0\0\0\0\xaf\0\0\0\0\0\0\0\0\0\0\0\0\0\0\0\x01\0\0\0\0\0\0\0\
\x01\0\0\0\0\0\0\0\x27\x01\0\0\x03\x4c\xff\x6f\0\0\0\x80\0\0\0\0\0\0\0\0\0\0\0\
\0\0\xa7\0\0\0\0\0\0\x0f\0\0\0\0\0\0\0\x27\0\0\0\0\0\0\0\x01\0\0\0\0\0\0\0\0\0\
\0\0\0\0\0\0\x21\x02\0\0\x02\0\0\0\0\0\0\0\0\0\0\0\0\0\0\0\0\0\0\0\x18\x7c\0\0\
\0\0\0\0\x18\x03\0\0\0\0\0\0\x01\0\0\0\x12\0\0\0\x08\0\0\0\0\0\0\0\x18\0\0\0\0\
\0\0\0";

	obj->skeleton = s;
	return 0;
err:
	bpf_object__destroy_skeleton(s);
	return -ENOMEM;
}

#endif /* __HEAP_TRACKER_BPF_SKEL_H__ */
