/* SPDX-License-Identifier: (LGPL-2.1 OR BSD-2-Clause) */

/* THIS FILE IS AUTOGENERATED! */
#ifndef __SENTINEL_EXTRA_BPF_SKEL_H__
#define __SENTINEL_EXTRA_BPF_SKEL_H__

#include <errno.h>
#include <stdlib.h>
#include <bpf/libbpf.h>

struct sentinel_extra_bpf {
	struct bpf_object_skeleton *skeleton;
	struct bpf_object *obj;
	struct {
		struct bpf_map *io_pending;
		struct bpf_map *futex_pending;
		struct bpf_map *sentinel_events;
		struct bpf_map *sentinel_state;
		struct bpf_map *mutex_pending;
	} maps;
	struct {
		struct bpf_program *tp_sys_enter_read;
		struct bpf_program *tp_sys_exit_read;
		struct bpf_program *tp_sys_enter_write;
		struct bpf_program *tp_sys_exit_write;
		struct bpf_program *u_mutex_lock_enter;
		struct bpf_program *u_mutex_lock_exit;
		struct bpf_program *u_mutex_unlock_enter;
		struct bpf_program *tp_sys_enter_futex;
		struct bpf_program *tp_sys_exit_futex;
		struct bpf_program *tp_signal_deliver;
	} progs;
	struct {
		struct bpf_link *tp_sys_enter_read;
		struct bpf_link *tp_sys_exit_read;
		struct bpf_link *tp_sys_enter_write;
		struct bpf_link *tp_sys_exit_write;
		struct bpf_link *u_mutex_lock_enter;
		struct bpf_link *u_mutex_lock_exit;
		struct bpf_link *u_mutex_unlock_enter;
		struct bpf_link *tp_sys_enter_futex;
		struct bpf_link *tp_sys_exit_futex;
		struct bpf_link *tp_signal_deliver;
	} links;
};

static void
sentinel_extra_bpf__destroy(struct sentinel_extra_bpf *obj)
{
	if (!obj)
		return;
	if (obj->skeleton)
		bpf_object__destroy_skeleton(obj->skeleton);
	free(obj);
}

static inline int
sentinel_extra_bpf__create_skeleton(struct sentinel_extra_bpf *obj);

static inline struct sentinel_extra_bpf *
sentinel_extra_bpf__open_opts(const struct bpf_object_open_opts *opts)
{
	struct sentinel_extra_bpf *obj;
	int err;

	obj = (struct sentinel_extra_bpf *)calloc(1, sizeof(*obj));
	if (!obj) {
		errno = ENOMEM;
		return NULL;
	}

	err = sentinel_extra_bpf__create_skeleton(obj);
	err = err ?: bpf_object__open_skeleton(obj->skeleton, opts);
	if (err)
		goto err_out;

	return obj;
err_out:
	sentinel_extra_bpf__destroy(obj);
	errno = -err;
	return NULL;
}

static inline struct sentinel_extra_bpf *
sentinel_extra_bpf__open(void)
{
	return sentinel_extra_bpf__open_opts(NULL);
}

static inline int
sentinel_extra_bpf__load(struct sentinel_extra_bpf *obj)
{
	return bpf_object__load_skeleton(obj->skeleton);
}

static inline struct sentinel_extra_bpf *
sentinel_extra_bpf__open_and_load(void)
{
	struct sentinel_extra_bpf *obj;
	int err;

	obj = sentinel_extra_bpf__open();
	if (!obj)
		return NULL;
	err = sentinel_extra_bpf__load(obj);
	if (err) {
		sentinel_extra_bpf__destroy(obj);
		errno = -err;
		return NULL;
	}
	return obj;
}

static inline int
sentinel_extra_bpf__attach(struct sentinel_extra_bpf *obj)
{
	return bpf_object__attach_skeleton(obj->skeleton);
}

static inline void
sentinel_extra_bpf__detach(struct sentinel_extra_bpf *obj)
{
	return bpf_object__detach_skeleton(obj->skeleton);
}

static inline int
sentinel_extra_bpf__create_skeleton(struct sentinel_extra_bpf *obj)
{
	struct bpf_object_skeleton *s;

	s = (struct bpf_object_skeleton *)calloc(1, sizeof(*s));
	if (!s)
		goto err;

	s->sz = sizeof(*s);
	s->name = "sentinel_extra_bpf";
	s->obj = &obj->obj;

	/* maps */
	s->map_cnt = 5;
	s->map_skel_sz = sizeof(*s->maps);
	s->maps = (struct bpf_map_skeleton *)calloc(s->map_cnt, s->map_skel_sz);
	if (!s->maps)
		goto err;

	s->maps[0].name = "io_pending";
	s->maps[0].map = &obj->maps.io_pending;

	s->maps[1].name = "futex_pending";
	s->maps[1].map = &obj->maps.futex_pending;

	s->maps[2].name = "sentinel_events";
	s->maps[2].map = &obj->maps.sentinel_events;

	s->maps[3].name = "sentinel_state";
	s->maps[3].map = &obj->maps.sentinel_state;

	s->maps[4].name = "mutex_pending";
	s->maps[4].map = &obj->maps.mutex_pending;

	/* programs */
	s->prog_cnt = 10;
	s->prog_skel_sz = sizeof(*s->progs);
	s->progs = (struct bpf_prog_skeleton *)calloc(s->prog_cnt, s->prog_skel_sz);
	if (!s->progs)
		goto err;

	s->progs[0].name = "tp_sys_enter_read";
	s->progs[0].prog = &obj->progs.tp_sys_enter_read;
	s->progs[0].link = &obj->links.tp_sys_enter_read;

	s->progs[1].name = "tp_sys_exit_read";
	s->progs[1].prog = &obj->progs.tp_sys_exit_read;
	s->progs[1].link = &obj->links.tp_sys_exit_read;

	s->progs[2].name = "tp_sys_enter_write";
	s->progs[2].prog = &obj->progs.tp_sys_enter_write;
	s->progs[2].link = &obj->links.tp_sys_enter_write;

	s->progs[3].name = "tp_sys_exit_write";
	s->progs[3].prog = &obj->progs.tp_sys_exit_write;
	s->progs[3].link = &obj->links.tp_sys_exit_write;

	s->progs[4].name = "u_mutex_lock_enter";
	s->progs[4].prog = &obj->progs.u_mutex_lock_enter;
	s->progs[4].link = &obj->links.u_mutex_lock_enter;

	s->progs[5].name = "u_mutex_lock_exit";
	s->progs[5].prog = &obj->progs.u_mutex_lock_exit;
	s->progs[5].link = &obj->links.u_mutex_lock_exit;

	s->progs[6].name = "u_mutex_unlock_enter";
	s->progs[6].prog = &obj->progs.u_mutex_unlock_enter;
	s->progs[6].link = &obj->links.u_mutex_unlock_enter;

	s->progs[7].name = "tp_sys_enter_futex";
	s->progs[7].prog = &obj->progs.tp_sys_enter_futex;
	s->progs[7].link = &obj->links.tp_sys_enter_futex;

	s->progs[8].name = "tp_sys_exit_futex";
	s->progs[8].prog = &obj->progs.tp_sys_exit_futex;
	s->progs[8].link = &obj->links.tp_sys_exit_futex;

	s->progs[9].name = "tp_signal_deliver";
	s->progs[9].prog = &obj->progs.tp_signal_deliver;
	s->progs[9].link = &obj->links.tp_signal_deliver;

	s->data_sz = 45032;
	s->data = (void *)"\
\x7f\x45\x4c\x46\x02\x01\x01\0\0\0\0\0\0\0\0\0\x01\0\xf7\0\x01\0\0\0\0\0\0\0\0\
\0\0\0\0\0\0\0\0\0\0\0\x68\xa4\0\0\0\0\0\0\0\0\0\0\x40\0\0\0\0\0\x40\0\x2e\0\
\x01\0\xbf\x16\0\0\0\0\0\0\x85\0\0\0\x0e\0\0\0\x63\x0a\xfc\xff\0\0\0\0\x77\0\0\
\0\x20\0\0\0\x63\x0a\xf8\xff\0\0\0\0\x63\x0a\xe0\xff\0\0\0\0\xbf\xa2\0\0\0\0\0\
\0\x07\x02\0\0\xe0\xff\xff\xff\x18\x01\0\0\0\0\0\0\0\0\0\0\0\0\0\0\x85\0\0\0\
\x01\0\0\0\x15\0\x13\0\0\0\0\0\x61\x01\x0c\0\0\0\0\0\x54\x01\0\0\x01\0\0\0\x16\
\x01\x10\0\0\0\0\0\x79\x61\x10\0\0\0\0\0\xb4\x02\0\0\0\0\0\0\x63\x2a\xe4\xff\0\
\0\0\0\x63\x1a\xe0\xff\0\0\0\0\x79\x61\x20\0\0\0\0\0\x7b\x1a\xe8\xff\0\0\0\0\
\x79\x61\x18\0\0\0\0\0\x7b\x1a\xf0\xff\0\0\0\0\xbf\xa2\0\0\0\0\0\0\x07\x02\0\0\
\xf8\xff\xff\xff\xbf\xa3\0\0\0\0\0\0\x07\x03\0\0\xe0\xff\xff\xff\x18\x01\0\0\0\
\0\0\0\0\0\0\0\0\0\0\0\xb7\x04\0\0\0\0\0\0\x85\0\0\0\x02\0\0\0\xb4\0\0\0\0\0\0\
\0\x95\0\0\0\0\0\0\0\xbf\x17\0\0\0\0\0\0\x85\0\0\0\x0e\0\0\0\xbf\x06\0\0\0\0\0\
\0\xbf\x69\0\0\0\0\0\0\x77\x09\0\0\x20\0\0\0\x63\x9a\xfc\xff\0\0\0\0\xbf\xa2\0\
\0\0\0\0\0\x07\x02\0\0\xfc\xff\xff\xff\x18\x01\0\0\0\0\0\0\0\0\0\0\0\0\0\0\x85\
\0\0\0\x01\0\0\0\x15\0\x51\0\0\0\0\0\x61\x01\x0c\0\0\0\0\0\x54\x01\0\0\x01\0\0\
\0\x16\x01\x4e\0\0\0\0\0\x7b\x7a\xe0\xff\0\0\0\0\x7b\x0a\xe8\xff\0\0\0\0\x63\
\x9a\xf4\xff\0\0\0\0\x63\x6a\xf8\xff\0\0\0\0\xbf\xa2\0\0\0\0\0\0\x07\x02\0\0\
\xf4\xff\xff\xff\x18\x01\0\0\0\0\0\0\0\0\0\0\0\0\0\0\x85\0\0\0\x01\0\0\0\xbf\
\x08\0\0\0\0\0\0\x15\x08\x43\0\0\0\0\0\x18\x01\0\0\0\0\0\0\0\0\0\0\0\0\0\0\xb7\
\x02\0\0\0\x01\0\0\xb7\x03\0\0\0\0\0\0\x85\0\0\0\x83\0\0\0\xbf\x07\0\0\0\0\0\0\
\x55\x07\x05\0\0\0\0\0\x79\xa1\xe8\xff\0\0\0\0\x61\x12\x08\0\0\0\0\0\x04\x02\0\
\0\x01\0\0\0\x63\x21\x08\0\0\0\0\0\x05\0\x32\0\0\0\0\0\x63\x67\x0c\0\0\0\0\0\
\x63\x97\x08\0\0\0\0\0\xb7\x01\0\0\x01\0\0\0\x7b\x17\0\0\0\0\0\0\xb7\x06\0\0\0\
\0\0\0\x7b\x67\x18\0\0\0\0\0\x18\x01\0\0\0\0\0\0\0\0\0\0\xff\xff\xff\xff\x7b\
\x17\x10\0\0\0\0\0\x79\xa2\xe8\xff\0\0\0\0\x61\x23\x08\0\0\0\0\0\x63\x37\x20\0\
\0\0\0\0\xb4\x03\0\0\0\0\0\0\x63\x32\x08\0\0\0\0\0\x7b\x17\x28\0\0\0\0\0\x63\
\x37\x24\0\0\0\0\0\x73\x37\x38\0\0\0\0\0\x7b\x67\x30\0\0\0\0\0\x79\x21\0\0\0\0\
\0\0\x07\x01\0\0\x01\0\0\0\x7b\x17\x40\0\0\0\0\0\x7b\x12\0\0\0\0\0\0\x85\0\0\0\
\x05\0\0\0\x7b\x07\x48\0\0\0\0\0\x7b\x67\x50\0\0\0\0\0\x7b\x67\x58\0\0\0\0\0\
\xb4\x01\0\0\x09\0\0\0\x6b\x17\x02\0\0\0\0\0\x61\x81\0\0\0\0\0\0\x63\x17\x2c\0\
\0\0\0\0\x18\x02\0\0\xff\xff\xff\xff\0\0\0\0\0\0\0\0\x79\x81\x08\0\0\0\0\0\xad\
\x21\x02\0\0\0\0\0\x18\x01\0\0\xff\xff\xff\xff\0\0\0\0\0\0\0\0\x63\x17\x24\0\0\
\0\0\0\x79\x81\x10\0\0\0\0\0\x7b\x17\x50\0\0\0\0\0\x79\xa2\xe0\xff\0\0\0\0\x79\
\x21\x10\0\0\0\0\0\x63\x17\x30\0\0\0\0\0\x79\x21\x10\0\0\0\0\0\x65\x01\x03\0\
\xff\xff\xff\xff\x79\x21\x10\0\0\0\0\0\x84\x01\0\0\0\0\0\0\x63\x17\x34\0\0\0\0\
\0\xbf\x71\0\0\0\0\0\0\xb7\x02\0\0\0\0\0\0\x85\0\0\0\x84\0\0\0\xbf\xa2\0\0\0\0\
\0\0\x07\x02\0\0\xf4\xff\xff\xff\x18\x01\0\0\0\0\0\0\0\0\0\0\0\0\0\0\x85\0\0\0\
\x03\0\0\0\xb4\0\0\0\0\0\0\0\x95\0\0\0\0\0\0\0\xbf\x16\0\0\0\0\0\0\x85\0\0\0\
\x0e\0\0\0\x63\x0a\xfc\xff\0\0\0\0\x77\0\0\0\x20\0\0\0\x63\x0a\xf8\xff\0\0\0\0\
\x63\x0a\xe0\xff\0\0\0\0\xbf\xa2\0\0\0\0\0\0\x07\x02\0\0\xe0\xff\xff\xff\x18\
\x01\0\0\0\0\0\0\0\0\0\0\0\0\0\0\x85\0\0\0\x01\0\0\0\x15\0\x13\0\0\0\0\0\x61\
\x01\x0c\0\0\0\0\0\x54\x01\0\0\x01\0\0\0\x16\x01\x10\0\0\0\0\0\x79\x61\x10\0\0\
\0\0\0\xb4\x02\0\0\0\0\0\0\x63\x2a\xe4\xff\0\0\0\0\x63\x1a\xe0\xff\0\0\0\0\x79\
\x61\x20\0\0\0\0\0\x7b\x1a\xe8\xff\0\0\0\0\x79\x61\x18\0\0\0\0\0\x7b\x1a\xf0\
\xff\0\0\0\0\xbf\xa2\0\0\0\0\0\0\x07\x02\0\0\xf8\xff\xff\xff\xbf\xa3\0\0\0\0\0\
\0\x07\x03\0\0\xe0\xff\xff\xff\x18\x01\0\0\0\0\0\0\0\0\0\0\0\0\0\0\xb7\x04\0\0\
\0\0\0\0\x85\0\0\0\x02\0\0\0\xb4\0\0\0\0\0\0\0\x95\0\0\0\0\0\0\0\xbf\x17\0\0\0\
\0\0\0\x85\0\0\0\x0e\0\0\0\xbf\x06\0\0\0\0\0\0\xbf\x69\0\0\0\0\0\0\x77\x09\0\0\
\x20\0\0\0\x63\x9a\xfc\xff\0\0\0\0\xbf\xa2\0\0\0\0\0\0\x07\x02\0\0\xfc\xff\xff\
\xff\x18\x01\0\0\0\0\0\0\0\0\0\0\0\0\0\0\x85\0\0\0\x01\0\0\0\x15\0\x51\0\0\0\0\
\0\x61\x01\x0c\0\0\0\0\0\x54\x01\0\0\x01\0\0\0\x16\x01\x4e\0\0\0\0\0\x7b\x7a\
\xe0\xff\0\0\0\0\x7b\x0a\xe8\xff\0\0\0\0\x63\x9a\xf4\xff\0\0\0\0\x63\x6a\xf8\
\xff\0\0\0\0\xbf\xa2\0\0\0\0\0\0\x07\x02\0\0\xf4\xff\xff\xff\x18\x01\0\0\0\0\0\
\0\0\0\0\0\0\0\0\0\x85\0\0\0\x01\0\0\0\xbf\x08\0\0\0\0\0\0\x15\x08\x43\0\0\0\0\
\0\x18\x01\0\0\0\0\0\0\0\0\0\0\0\0\0\0\xb7\x02\0\0\0\x01\0\0\xb7\x03\0\0\0\0\0\
\0\x85\0\0\0\x83\0\0\0\xbf\x07\0\0\0\0\0\0\x55\x07\x05\0\0\0\0\0\x79\xa1\xe8\
\xff\0\0\0\0\x61\x12\x08\0\0\0\0\0\x04\x02\0\0\x01\0\0\0\x63\x21\x08\0\0\0\0\0\
\x05\0\x32\0\0\0\0\0\x63\x67\x0c\0\0\0\0\0\x63\x97\x08\0\0\0\0\0\xb7\x01\0\0\
\x01\0\0\0\x7b\x17\0\0\0\0\0\0\xb7\x06\0\0\0\0\0\0\x7b\x67\x18\0\0\0\0\0\x18\
\x01\0\0\0\0\0\0\0\0\0\0\xff\xff\xff\xff\x7b\x17\x10\0\0\0\0\0\x79\xa2\xe8\xff\
\0\0\0\0\x61\x23\x08\0\0\0\0\0\x63\x37\x20\0\0\0\0\0\xb4\x03\0\0\0\0\0\0\x63\
\x32\x08\0\0\0\0\0\x7b\x17\x28\0\0\0\0\0\x63\x37\x24\0\0\0\0\0\x73\x37\x38\0\0\
\0\0\0\x7b\x67\x30\0\0\0\0\0\x79\x21\0\0\0\0\0\0\x07\x01\0\0\x01\0\0\0\x7b\x17\
\x40\0\0\0\0\0\x7b\x12\0\0\0\0\0\0\x85\0\0\0\x05\0\0\0\x7b\x07\x48\0\0\0\0\0\
\x7b\x67\x50\0\0\0\0\0\x7b\x67\x58\0\0\0\0\0\xb4\x01\0\0\x0a\0\0\0\x6b\x17\x02\
\0\0\0\0\0\x61\x81\0\0\0\0\0\0\x63\x17\x2c\0\0\0\0\0\x18\x02\0\0\xff\xff\xff\
\xff\0\0\0\0\0\0\0\0\x79\x81\x08\0\0\0\0\0\xad\x21\x02\0\0\0\0\0\x18\x01\0\0\
\xff\xff\xff\xff\0\0\0\0\0\0\0\0\x63\x17\x24\0\0\0\0\0\x79\x81\x10\0\0\0\0\0\
\x7b\x17\x50\0\0\0\0\0\x79\xa2\xe0\xff\0\0\0\0\x79\x21\x10\0\0\0\0\0\x63\x17\
\x30\0\0\0\0\0\x79\x21\x10\0\0\0\0\0\x65\x01\x03\0\xff\xff\xff\xff\x79\x21\x10\
\0\0\0\0\0\x84\x01\0\0\0\0\0\0\x63\x17\x34\0\0\0\0\0\xbf\x71\0\0\0\0\0\0\xb7\
\x02\0\0\0\0\0\0\x85\0\0\0\x84\0\0\0\xbf\xa2\0\0\0\0\0\0\x07\x02\0\0\xf4\xff\
\xff\xff\x18\x01\0\0\0\0\0\0\0\0\0\0\0\0\0\0\x85\0\0\0\x03\0\0\0\xb4\0\0\0\0\0\
\0\0\x95\0\0\0\0\0\0\0\xbf\x16\0\0\0\0\0\0\x85\0\0\0\x0e\0\0\0\x63\x0a\xfc\xff\
\0\0\0\0\x77\0\0\0\x20\0\0\0\x63\x0a\xf8\xff\0\0\0\0\x63\x0a\xf0\xff\0\0\0\0\
\xbf\xa2\0\0\0\0\0\0\x07\x02\0\0\xf0\xff\xff\xff\x18\x01\0\0\0\0\0\0\0\0\0\0\0\
\0\0\0\x85\0\0\0\x01\0\0\0\x15\0\x0d\0\0\0\0\0\x61\x01\x0c\0\0\0\0\0\x54\x01\0\
\0\x01\0\0\0\x16\x01\x0a\0\0\0\0\0\x79\x61\0\0\0\0\0\0\x7b\x1a\xf0\xff\0\0\0\0\
\xbf\xa2\0\0\0\0\0\0\x07\x02\0\0\xf8\xff\xff\xff\xbf\xa3\0\0\0\0\0\0\x07\x03\0\
\0\xf0\xff\xff\xff\x18\x01\0\0\0\0\0\0\0\0\0\0\0\0\0\0\xb7\x04\0\0\0\0\0\0\x85\
\0\0\0\x02\0\0\0\xb4\0\0\0\0\0\0\0\x95\0\0\0\0\0\0\0\xbf\x17\0\0\0\0\0\0\x85\0\
\0\0\x0e\0\0\0\xbf\x06\0\0\0\0\0\0\x63\x6a\xf8\xff\0\0\0\0\xbf\x68\0\0\0\0\0\0\
\x77\x08\0\0\x20\0\0\0\x63\x8a\xf4\xff\0\0\0\0\x63\x8a\xfc\xff\0\0\0\0\xbf\xa2\
\0\0\0\0\0\0\x07\x02\0\0\xfc\xff\xff\xff\x18\x01\0\0\0\0\0\0\0\0\0\0\0\0\0\0\
\x85\0\0\0\x01\0\0\0\x15\0\x3a\0\0\0\0\0\x61\x01\x0c\0\0\0\0\0\x54\x01\0\0\x01\
\0\0\0\x16\x01\x37\0\0\0\0\0\x79\x71\0\0\0\0\0\0\x55\x01\x35\0\0\0\0\0\xbf\xa2\
\0\0\0\0\0\0\x07\x02\0\0\xf4\xff\xff\xff\x18\x01\0\0\0\0\0\0\0\0\0\0\0\0\0\0\
\xbf\x09\0\0\0\0\0\0\x85\0\0\0\x01\0\0\0\xbf\x07\0\0\0\0\0\0\x15\x07\x2d\0\0\0\
\0\0\x18\x01\0\0\0\0\0\0\0\0\0\0\0\0\0\0\xb7\x02\0\0\0\x01\0\0\xb7\x03\0\0\0\0\
\0\0\x85\0\0\0\x83\0\0\0\x55\0\x04\0\0\0\0\0\x61\x91\x08\0\0\0\0\0\x04\x01\0\0\
\x01\0\0\0\x63\x19\x08\0\0\0\0\0\x05\0\x23\0\0\0\0\0\x63\x60\x0c\0\0\0\0\0\x63\
\x80\x08\0\0\0\0\0\xb7\x01\0\0\x01\0\0\0\x7b\x10\0\0\0\0\0\0\xb7\x08\0\0\0\0\0\
\0\x7b\x80\x18\0\0\0\0\0\x18\x01\0\0\0\0\0\0\0\0\0\0\xff\xff\xff\xff\x7b\x10\
\x10\0\0\0\0\0\x61\x92\x08\0\0\0\0\0\x63\x20\x20\0\0\0\0\0\xb4\x02\0\0\0\0\0\0\
\x63\x29\x08\0\0\0\0\0\x7b\x10\x28\0\0\0\0\0\x63\x20\x24\0\0\0\0\0\x73\x20\x38\
\0\0\0\0\0\x7b\x80\x30\0\0\0\0\0\x79\x91\0\0\0\0\0\0\x07\x01\0\0\x01\0\0\0\x7b\
\x10\x40\0\0\0\0\0\x7b\x19\0\0\0\0\0\0\xbf\x06\0\0\0\0\0\0\x85\0\0\0\x05\0\0\0\
\x7b\x06\x48\0\0\0\0\0\xb4\x01\0\0\x01\0\0\0\x6b\x16\x06\0\0\0\0\0\xb4\x01\0\0\
\x14\0\0\0\x6b\x16\x02\0\0\0\0\0\x7b\x86\x50\0\0\0\0\0\x7b\x86\x58\0\0\0\0\0\
\x79\x71\0\0\0\0\0\0\x7b\x16\x58\0\0\0\0\0\xbf\x61\0\0\0\0\0\0\xb7\x02\0\0\0\0\
\0\0\x85\0\0\0\x84\0\0\0\xbf\xa2\0\0\0\0\0\0\x07\x02\0\0\xf4\xff\xff\xff\x18\
\x01\0\0\0\0\0\0\0\0\0\0\0\0\0\0\x85\0\0\0\x03\0\0\0\xb4\0\0\0\0\0\0\0\x95\0\0\
\0\0\0\0\0\xbf\x16\0\0\0\0\0\0\x85\0\0\0\x0e\0\0\0\xbf\x07\0\0\0\0\0\0\xbf\x79\
\0\0\0\0\0\0\x77\x09\0\0\x20\0\0\0\x63\x9a\xfc\xff\0\0\0\0\xbf\xa2\0\0\0\0\0\0\
\x07\x02\0\0\xfc\xff\xff\xff\x18\x01\0\0\0\0\0\0\0\0\0\0\0\0\0\0\x85\0\0\0\x01\
\0\0\0\x15\0\x31\0\0\0\0\0\x61\x01\x0c\0\0\0\0\0\x54\x01\0\0\x01\0\0\0\x16\x01\
\x2e\0\0\0\0\0\xbf\x08\0\0\0\0\0\0\x18\x01\0\0\0\0\0\0\0\0\0\0\0\0\0\0\xb7\x02\
\0\0\0\x01\0\0\xb7\x03\0\0\0\0\0\0\x85\0\0\0\x83\0\0\0\x55\0\x04\0\0\0\0\0\x61\
\x81\x08\0\0\0\0\0\x04\x01\0\0\x01\0\0\0\x63\x18\x08\0\0\0\0\0\x05\0\x23\0\0\0\
\0\0\x63\x90\x08\0\0\0\0\0\xb7\x01\0\0\x01\0\0\0\x7b\x10\0\0\0\0\0\0\x63\x70\
\x0c\0\0\0\0\0\xb7\x09\0\0\0\0\0\0\x7b\x90\x18\0\0\0\0\0\x18\x01\0\0\0\0\0\0\0\
\0\0\0\xff\xff\xff\xff\x7b\x10\x10\0\0\0\0\0\x61\x82\x08\0\0\0\0\0\x63\x20\x20\
\0\0\0\0\0\xb4\x02\0\0\0\0\0\0\x63\x28\x08\0\0\0\0\0\x7b\x10\x28\0\0\0\0\0\x63\
\x20\x24\0\0\0\0\0\x73\x20\x38\0\0\0\0\0\x7b\x90\x30\0\0\0\0\0\x79\x81\0\0\0\0\
\0\0\x07\x01\0\0\x01\0\0\0\x7b\x10\x40\0\0\0\0\0\x7b\x18\0\0\0\0\0\0\xbf\x07\0\
\0\0\0\0\0\x85\0\0\0\x05\0\0\0\x7b\x07\x48\0\0\0\0\0\xb4\x01\0\0\x01\0\0\0\x6b\
\x17\x06\0\0\0\0\0\xb4\x01\0\0\x15\0\0\0\x6b\x17\x02\0\0\0\0\0\x7b\x97\x50\0\0\
\0\0\0\x7b\x97\x58\0\0\0\0\0\x79\x61\0\0\0\0\0\0\x7b\x17\x58\0\0\0\0\0\xbf\x71\
\0\0\0\0\0\0\xb7\x02\0\0\0\0\0\0\x85\0\0\0\x84\0\0\0\xb4\0\0\0\0\0\0\0\x95\0\0\
\0\0\0\0\0\xbf\x16\0\0\0\0\0\0\x85\0\0\0\x0e\0\0\0\x63\x0a\xfc\xff\0\0\0\0\x77\
\0\0\0\x20\0\0\0\x63\x0a\xf8\xff\0\0\0\0\x63\x0a\xe8\xff\0\0\0\0\xbf\xa2\0\0\0\
\0\0\0\x07\x02\0\0\xe8\xff\xff\xff\x18\x01\0\0\0\0\0\0\0\0\0\0\0\0\0\0\x85\0\0\
\0\x01\0\0\0\x15\0\x14\0\0\0\0\0\x61\x01\x0c\0\0\0\0\0\x54\x01\0\0\x01\0\0\0\
\x16\x01\x11\0\0\0\0\0\x79\x61\x18\0\0\0\0\0\xbc\x12\0\0\0\0\0\0\x54\x02\0\0\
\x3e\0\0\0\x56\x02\x0d\0\0\0\0\0\x63\x1a\xe8\xff\0\0\0\0\x79\x61\x20\0\0\0\0\0\
\x63\x1a\xec\xff\0\0\0\0\x79\x61\x10\0\0\0\0\0\x7b\x1a\xf0\xff\0\0\0\0\xbf\xa2\
\0\0\0\0\0\0\x07\x02\0\0\xf8\xff\xff\xff\xbf\xa3\0\0\0\0\0\0\x07\x03\0\0\xe8\
\xff\xff\xff\x18\x01\0\0\0\0\0\0\0\0\0\0\0\0\0\0\xb7\x04\0\0\0\0\0\0\x85\0\0\0\
\x02\0\0\0\xb4\0\0\0\0\0\0\0\x95\0\0\0\0\0\0\0\xbf\x19\0\0\0\0\0\0\x85\0\0\0\
\x0e\0\0\0\xbf\x06\0\0\0\0\0\0\x63\x6a\xf8\xff\0\0\0\0\xbf\x68\0\0\0\0\0\0\x77\
\x08\0\0\x20\0\0\0\x63\x8a\xf4\xff\0\0\0\0\x63\x8a\xfc\xff\0\0\0\0\xbf\xa2\0\0\
\0\0\0\0\x07\x02\0\0\xfc\xff\xff\xff\x18\x01\0\0\0\0\0\0\0\0\0\0\0\0\0\0\x85\0\
\0\0\x01\0\0\0\xbf\x07\0\0\0\0\0\0\x15\x07\x4a\0\0\0\0\0\x61\x71\x0c\0\0\0\0\0\
\x54\x01\0\0\x01\0\0\0\x16\x01\x47\0\0\0\0\0\xbf\xa2\0\0\0\0\0\0\x07\x02\0\0\
\xf4\xff\xff\xff\x18\x01\0\0\0\0\0\0\0\0\0\0\0\0\0\0\x85\0\0\0\x01\0\0\0\x15\0\
\x41\0\0\0\0\0\xb4\x02\0\0\x16\0\0\0\x61\x01\0\0\0\0\0\0\x54\x01\0\0\x3f\0\0\0\
\x16\x01\x02\0\0\0\0\0\x56\x01\x3c\0\x01\0\0\0\xb4\x02\0\0\x17\0\0\0\x63\x2a\
\xd8\xff\0\0\0\0\x7b\x9a\xe0\xff\0\0\0\0\x7b\x0a\xe8\xff\0\0\0\0\x18\x01\0\0\0\
\0\0\0\0\0\0\0\0\0\0\0\xb7\x02\0\0\0\x01\0\0\xb7\x03\0\0\0\0\0\0\x85\0\0\0\x83\
\0\0\0\xbf\x09\0\0\0\0\0\0\x55\x09\x04\0\0\0\0\0\x61\x71\x08\0\0\0\0\0\x04\x01\
\0\0\x01\0\0\0\x63\x17\x08\0\0\0\0\0\x05\0\x2d\0\0\0\0\0\x63\x69\x0c\0\0\0\0\0\
\x63\x89\x08\0\0\0\0\0\xb7\x01\0\0\x01\0\0\0\x7b\x19\0\0\0\0\0\0\xb7\x06\0\0\0\
\0\0\0\x7b\x69\x18\0\0\0\0\0\x18\x01\0\0\0\0\0\0\0\0\0\0\xff\xff\xff\xff\x7b\
\x19\x10\0\0\0\0\0\x61\x72\x08\0\0\0\0\0\x63\x29\x20\0\0\0\0\0\xb4\x02\0\0\0\0\
\0\0\x63\x27\x08\0\0\0\0\0\x7b\x19\x28\0\0\0\0\0\x63\x29\x24\0\0\0\0\0\x73\x29\
\x38\0\0\0\0\0\x7b\x69\x30\0\0\0\0\0\x79\x71\0\0\0\0\0\0\x07\x01\0\0\x01\0\0\0\
\x7b\x19\x40\0\0\0\0\0\x7b\x17\0\0\0\0\0\0\x85\0\0\0\x05\0\0\0\x7b\x09\x48\0\0\
\0\0\0\x7b\x69\x50\0\0\0\0\0\x7b\x69\x58\0\0\0\0\0\xb4\x01\0\0\x04\0\0\0\x6b\
\x19\x06\0\0\0\0\0\x61\xa1\xd8\xff\0\0\0\0\x6b\x19\x02\0\0\0\0\0\x79\xa1\xe8\
\xff\0\0\0\0\x79\x12\x08\0\0\0\0\0\x7b\x29\x58\0\0\0\0\0\x61\x11\x04\0\0\0\0\0\
\x63\x19\x24\0\0\0\0\0\x79\xa2\xe0\xff\0\0\0\0\x79\x21\x10\0\0\0\0\0\x63\x19\
\x30\0\0\0\0\0\x79\x21\x10\0\0\0\0\0\x65\x01\x03\0\xff\xff\xff\xff\x79\x21\x10\
\0\0\0\0\0\x84\x01\0\0\0\0\0\0\x63\x19\x34\0\0\0\0\0\xbf\x91\0\0\0\0\0\0\xb7\
\x02\0\0\0\0\0\0\x85\0\0\0\x84\0\0\0\xbf\xa2\0\0\0\0\0\0\x07\x02\0\0\xf4\xff\
\xff\xff\x18\x01\0\0\0\0\0\0\0\0\0\0\0\0\0\0\x85\0\0\0\x03\0\0\0\xb4\0\0\0\0\0\
\0\0\x95\0\0\0\0\0\0\0\xbf\x16\0\0\0\0\0\0\x85\0\0\0\x0e\0\0\0\xbf\x07\0\0\0\0\
\0\0\xbf\x79\0\0\0\0\0\0\x77\x09\0\0\x20\0\0\0\x63\x9a\xfc\xff\0\0\0\0\xbf\xa2\
\0\0\0\0\0\0\x07\x02\0\0\xfc\xff\xff\xff\x18\x01\0\0\0\0\0\0\0\0\0\0\0\0\0\0\
\x85\0\0\0\x01\0\0\0\x15\0\x31\0\0\0\0\0\x61\x01\x0c\0\0\0\0\0\x54\x01\0\0\x01\
\0\0\0\x16\x01\x2e\0\0\0\0\0\xbf\x08\0\0\0\0\0\0\x18\x01\0\0\0\0\0\0\0\0\0\0\0\
\0\0\0\xb7\x02\0\0\0\x01\0\0\xb7\x03\0\0\0\0\0\0\x85\0\0\0\x83\0\0\0\x55\0\x04\
\0\0\0\0\0\x61\x81\x08\0\0\0\0\0\x04\x01\0\0\x01\0\0\0\x63\x18\x08\0\0\0\0\0\
\x05\0\x23\0\0\0\0\0\x63\x90\x08\0\0\0\0\0\xb7\x01\0\0\x01\0\0\0\x7b\x10\0\0\0\
\0\0\0\x63\x70\x0c\0\0\0\0\0\xb7\x09\0\0\0\0\0\0\x7b\x90\x18\0\0\0\0\0\x18\x01\
\0\0\0\0\0\0\0\0\0\0\xff\xff\xff\xff\x7b\x10\x10\0\0\0\0\0\x61\x82\x08\0\0\0\0\
\0\x63\x20\x20\0\0\0\0\0\xb4\x02\0\0\0\0\0\0\x63\x28\x08\0\0\0\0\0\x7b\x10\x28\
\0\0\0\0\0\x63\x20\x24\0\0\0\0\0\x73\x20\x38\0\0\0\0\0\x7b\x90\x30\0\0\0\0\0\
\x79\x81\0\0\0\0\0\0\x07\x01\0\0\x01\0\0\0\x7b\x10\x40\0\0\0\0\0\x7b\x18\0\0\0\
\0\0\0\xbf\x07\0\0\0\0\0\0\x85\0\0\0\x05\0\0\0\x7b\x07\x48\0\0\0\0\0\xb4\x01\0\
\0\x1e\0\0\0\x6b\x17\x02\0\0\0\0\0\x7b\x97\x50\0\0\0\0\0\x7b\x97\x58\0\0\0\0\0\
\x61\x61\x08\0\0\0\0\0\x63\x17\x24\0\0\0\0\0\x61\x61\x0c\0\0\0\0\0\x63\x17\x34\
\0\0\0\0\0\xbf\x71\0\0\0\0\0\0\xb7\x02\0\0\0\0\0\0\x85\0\0\0\x84\0\0\0\xb4\0\0\
\0\0\0\0\0\x95\0\0\0\0\0\0\0\x44\x75\x61\x6c\x20\x42\x53\x44\x2f\x47\x50\x4c\0\
\x44\x75\x61\x6c\x20\x42\x53\x44\x2f\x47\x50\x4c\0\0\0\0\0\0\0\0\0\0\0\0\0\0\0\
\0\0\0\0\0\0\0\0\0\0\0\0\0\0\0\0\0\0\0\0\0\0\0\0\0\0\0\0\0\0\0\0\0\0\0\0\0\0\0\
\0\0\0\0\0\0\0\0\0\0\0\0\0\0\0\0\0\0\0\0\0\0\0\0\0\0\0\0\0\0\0\0\0\0\0\0\0\0\0\
\0\0\0\0\0\0\0\0\0\0\0\0\0\0\0\0\0\0\0\0\0\0\0\0\0\0\0\0\0\0\0\0\0\0\0\0\0\0\0\
\0\0\0\0\0\0\0\0\0\0\0\0\0\0\0\0\0\0\0\xa7\x04\0\0\x05\0\x08\0\x4b\0\0\0\x2c\
\x01\0\0\x3a\x01\0\0\x42\x01\0\0\x4a\x01\0\0\x53\x01\0\0\x61\x01\0\0\x6a\x01\0\
\0\x73\x01\0\0\x7c\x01\0\0\x86\x01\0\0\x90\x01\0\0\x9a\x01\0\0\xa4\x01\0\0\xb6\
\x01\0\0\xc4\x01\0\0\xcc\x01\0\0\xd4\x01\0\0\xdd\x01\0\0\xeb\x01\0\0\xf4\x01\0\
\0\xfd\x01\0\0\x06\x02\0\0\x10\x02\0\0\x1a\x02\0\0\x24\x02\0\0\x2e\x02\0\0\x40\
\x02\0\0\x4e\x02\0\0\x56\x02\0\0\x5e\x02\0\0\x67\x02\0\0\x75\x02\0\0\x7e\x02\0\
\0\x87\x02\0\0\x90\x02\0\0\x9a\x02\0\0\xa4\x02\0\0\xae\x02\0\0\xb8\x02\0\0\xc2\
\x02\0\0\xd4\x02\0\0\xe2\x02\0\0\xeb\x02\0\0\xf4\x02\0\0\xfd\x02\0\0\x06\x03\0\
\0\x25\x03\0\0\x3a\x03\0\0\x44\x03\0\0\x56\x03\0\0\x64\x03\0\0\x6c\x03\0\0\x74\
\x03\0\0\x7d\x03\0\0\x87\x03\0\0\x96\x03\0\0\xa4\x03\0\0\xad\x03\0\0\xb6\x03\0\
\0\xbf\x03\0\0\xc9\x03\0\0\xd3\x03\0\0\xed\x03\0\0\xf7\x03\0\0\x01\x04\0\0\x0b\
\x04\0\0\x1d\x04\0\0\x2b\x04\0\0\x34\x04\0\0\x3d\x04\0\0\x46\x04\0\0\x4f\x04\0\
\0\x6e\x04\0\0\x83\x04\0\0\x8d\x04\0\0\x01\x07\x04\0\x08\x01\x51\x04\x08\x88\
\x02\x01\x56\0\x01\x07\x04\x10\x20\x01\x50\0\x01\x07\x04\x20\x58\x01\x50\0\x01\
\x07\x04\x58\xf8\x01\x01\x50\0\x01\x09\x04\0\x08\x01\x51\x04\x08\x80\x02\x01\
\x57\0\x01\x09\x04\x18\xd8\x02\x01\x56\0\x01\x09\x04\x28\xf8\x05\x01\x59\0\x01\
\x09\x04\x58\xc0\x01\x01\x50\0\x01\x09\x04\xc8\x01\xe8\x05\x01\x58\0\x01\x09\
\x04\xb0\x02\xc0\x04\x01\x59\0\x01\x09\x04\xb0\x02\xd8\x02\x01\x56\0\x01\x09\
\x04\x80\x02\xc0\x04\x01\x57\0\x01\x09\x04\xa8\x02\xb0\x02\x02\x30\x9f\x04\xf0\
\x03\xc0\x05\x01\x57\0\x01\x0d\x04\0\x08\x01\x51\x04\x08\x88\x02\x01\x56\0\x01\
\x0d\x04\x10\x20\x01\x50\0\x01\x0d\x04\x20\x58\x01\x50\0\x01\x0d\x04\x58\xf8\
\x01\x01\x50\0\x01\x0f\x04\0\x08\x01\x51\x04\x08\x80\x02\x01\x57\0\x01\x0f\x04\
\x18\xd8\x02\x01\x56\0\x01\x0f\x04\x28\xf8\x05\x01\x59\0\x01\x0f\x04\x58\xc0\
\x01\x01\x50\0\x01\x0f\x04\xc8\x01\xe8\x05\x01\x58\0\x01\x0f\x04\xb0\x02\xc0\
\x04\x01\x59\0\x01\x0f\x04\xb0\x02\xd8\x02\x01\x56\0\x01\x0f\x04\x80\x02\xc0\
\x04\x01\x57\0\x01\x0f\x04\xa8\x02\xb0\x02\x02\x30\x9f\x04\xf0\x03\xc0\x05\x01\
\x57\0\x01\x13\x04\0\x08\x01\x51\x04\x08\xd8\x01\x01\x56\0\x01\x13\x04\x10\x20\
\x01\x50\0\x01\x13\x04\x20\x58\x01\x50\0\x01\x13\x04\x58\xc8\x01\x01\x50\0\x01\
\x16\x04\0\x08\x01\x51\x04\x08\xd0\x01\x01\x57\0\x01\x16\x04\x18\xd8\x03\x01\
\x56\0\x01\x16\x04\x30\xd0\x02\x01\x58\0\x01\x16\x04\x68\xc8\x01\x01\x50\0\x01\
\x16\x04\x90\x01\xb8\x01\x01\x51\0\x01\x16\x04\xd0\x01\xc0\x04\x01\x57\0\x01\
\x16\x04\x80\x02\xe0\x03\x01\x50\0\x01\x16\x04\xa8\x02\xd0\x02\x01\x58\0\x01\
\x16\x04\xa8\x02\xd8\x03\x01\x56\0\x01\x16\x04\xa0\x02\xa8\x02\x02\x30\x9f\x04\
\x88\x04\xc0\x04\x01\x56\0\x01\x1a\x04\0\x08\x01\x51\x04\x08\xf8\x03\x01\x56\0\
\x01\x1a\x04\x18\x80\x03\x01\x57\0\x01\x1a\x04\x28\xf8\x01\x01\x59\0\x01\x1a\
\x04\x58\xa8\x01\x01\x50\0\x01\x1a\x04\x78\x80\x03\x01\x57\0\x01\x1a\x04\x78\
\xd0\x01\x10\x77\0\x10\x20\x25\xa8\xaf\x80\x80\0\xa8\xb3\x80\x80\0\x9f\x04\xd0\
\x01\xf8\x01\x01\x59\0\x01\x1a\x04\x78\xd0\x01\x0d\x77\0\xa8\xaf\x80\x80\0\xa8\
\xb3\x80\x80\0\x9f\0\x01\x1a\x04\xa8\x01\x88\x03\x01\x50\0\x01\x1a\x04\xc8\x01\
\xd0\x01\x02\x30\x9f\x04\xb0\x03\xe8\x03\x01\x57\0\x01\x1e\x04\0\x08\x01\x51\
\x04\x08\x90\x02\x01\x56\0\x01\x1e\x04\x10\x20\x01\x50\0\x01\x1e\x04\x20\x58\
\x01\x50\0\x01\x1e\x04\x58\x80\x02\x01\x50\0\x01\x1e\x04\x80\x01\xa8\x01\x01\
\x51\0\x01\x1e\x04\x90\x01\xa8\x01\x06\x71\0\x10\x3e\x1a\x9f\0\x01\x20\x04\0\
\x08\x01\x51\x04\x08\xb8\x02\x01\x59\0\x01\x20\x04\x18\x88\x03\x01\x56\0\x01\
\x20\x04\x30\x80\x06\x01\x58\0\x01\x20\x04\x70\x80\x06\x01\x57\0\x01\x20\x04\
\xb8\x01\xb0\x02\x01\x50\0\x01\x20\x04\xd8\x01\x98\x02\x01\x51\0\x01\x20\x04\
\xd8\x01\xf0\x01\x02\x30\x9f\x04\xf0\x01\xf8\x01\x01\x52\x04\xf8\x01\xc8\x05\
\x02\x7a\0\0\x01\x20\x04\xb8\x02\x98\x05\x01\x59\0\x01\x20\x04\xe0\x02\x98\x05\
\x01\x58\0\x01\x20\x04\xe0\x02\x88\x03\x01\x56\0\x01\x20\x04\xd8\x02\xe0\x02\
\x02\x30\x9f\x04\x98\x04\xc8\x05\x01\x59\0\x01\x23\x04\0\x08\x01\x51\x04\x08\
\xf8\x03\x01\x56\0\x01\x23\x04\x18\x80\x03\x01\x57\0\x01\x23\x04\x28\xf8\x01\
\x01\x59\0\x01\x23\x04\x58\xa8\x01\x01\x50\0\x01\x23\x04\x78\x80\x03\x01\x57\0\
\x01\x23\x04\x78\xd0\x01\x10\x77\0\x10\x20\x25\xa8\xaf\x80\x80\0\xa8\xb3\x80\
\x80\0\x9f\x04\xd0\x01\xf8\x01\x01\x59\0\x01\x23\x04\x78\xd0\x01\x0d\x77\0\xa8\
\xaf\x80\x80\0\xa8\xb3\x80\x80\0\x9f\0\x01\x23\x04\xa8\x01\x88\x03\x01\x50\0\
\x01\x23\x04\xc8\x01\xd0\x01\x02\x30\x9f\x04\xa0\x03\xe8\x03\x01\x57\0\x01\x11\
\x01\x25\x25\x13\x05\x03\x25\x72\x17\x10\x17\x1b\x25\x11\x01\x55\x23\x73\x17\
\x74\x17\x8c\x01\x17\0\0\x02\x24\0\x03\x25\x3e\x0b\x0b\x0b\0\0\x03\x34\0\x03\
\x25\x49\x13\x3f\x19\x3a\x0b\x3b\x0b\x02\x18\0\0\x04\x01\x01\x49\x13\0\0\x05\
\x21\0\x49\x13\x37\x0b\0\0\x06\x24\0\x03\x25\x0b\x0b\x3e\x0b\0\0\x07\x34\0\x03\
\x25\x49\x13\x3a\x0b\x3b\x05\0\0\x08\x26\0\x49\x13\0\0\x09\x0f\0\x49\x13\0\0\
\x0a\x15\0\x49\x13\x27\x19\0\0\x0b\x16\0\x49\x13\x03\x25\x3a\x0b\x3b\x0b\0\0\
\x0c\x34\0\x03\x25\x49\x13\x3a\x0b\x3b\x0b\0\0\x0d\x15\x01\x49\x13\x27\x19\0\0\
\x0e\x05\0\x49\x13\0\0\x0f\x0f\0\0\0\x10\x26\0\0\0\x11\x34\0\x03\x25\x49\x13\
\x3f\x19\x3a\x0b\x3b\x05\x02\x18\0\0\x12\x13\x01\x0b\x0b\x3a\x0b\x3b\x0b\0\0\
\x13\x0d\0\x03\x25\x49\x13\x3a\x0b\x3b\x0b\x38\x0b\0\0\x14\x21\0\x49\x13\x37\
\x06\0\0\x15\x21\0\x49\x13\x37\x05\0\0\x16\x13\x01\x03\x25\x0b\x0b\x3a\x0b\x3b\
\x0b\0\0\x17\x15\x01\x27\x19\0\0\x18\x04\x01\x49\x13\x0b\x0b\x3a\x0b\x3b\x05\0\
\0\x19\x28\0\x03\x25\x1c\x0f\0\0\x1a\x04\x01\x49\x13\x03\x25\x0b\x0b\x3a\x0b\
\x3b\x0b\0\0\x1b\x13\x01\x03\x25\x0b\x05\x3a\x0b\x3b\x05\0\0\x1c\x0d\0\x03\x25\
\x49\x13\x3a\x0b\x3b\x05\x38\x0b\0\0\x1d\x0d\0\x03\x25\x49\x13\x3a\x0b\x3b\x05\
\x38\x05\0\0\x1e\x2e\x01\x03\x25\x3a\x0b\x3b\x0b\x27\x19\x49\x13\x20\x21\x01\0\
\0\x1f\x05\0\x03\x25\x3a\x0b\x3b\x0b\x49\x13\0\0\x20\x2e\x01\x11\x1b\x12\x06\
\x40\x18\x7a\x19\x03\x25\x3a\x0b\x3b\x0b\x27\x19\x49\x13\x3f\x19\0\0\x21\x05\0\
\x02\x22\x03\x25\x3a\x0b\x3b\x0b\x49\x13\0\0\x22\x34\0\x02\x18\x03\x25\x3a\x0b\
\x3b\x0b\x49\x13\0\0\x23\x34\0\x02\x22\x03\x25\x3a\x0b\x3b\x0b\x49\x13\0\0\x24\
\x1d\x01\x31\x13\x11\x1b\x12\x06\x58\x0b\x59\x0b\x57\x0b\0\0\x25\x05\0\x02\x18\
\x31\x13\0\0\x26\x34\0\x03\x25\x3a\x0b\x3b\x0b\x49\x13\0\0\x27\x13\x01\x03\x25\
\x0b\x05\x3a\x0b\x3b\x0b\0\0\x28\x2e\x01\x03\x25\x3a\x0b\x3b\x0b\x27\x19\x20\
\x21\x01\0\0\x29\x1d\x01\x31\x13\x55\x23\x58\x0b\x59\x0b\x57\x0b\0\0\x2a\x34\0\
\x02\x22\x31\x13\0\0\x2b\x2e\x01\x03\x25\x3a\x0b\x3b\x05\x27\x19\x49\x13\x20\
\x21\x01\0\0\x2c\x05\0\x03\x25\x3a\x0b\x3b\x05\x49\x13\0\0\x2d\x34\0\x03\x25\
\x3a\x0b\x3b\x05\x49\x13\0\0\x2e\x0d\0\x49\x13\x3a\x0b\x3b\x05\x38\x0b\0\0\x2f\
\x17\x01\x0b\x05\x3a\x0b\x3b\x05\0\0\x30\x13\x01\x0b\x05\x3a\x0b\x3b\x05\0\0\
\x31\x2e\x01\x11\x1b\x12\x06\x40\x18\x7a\x19\x03\x25\x3a\x0b\x3b\x05\x27\x19\
\x49\x13\x3f\x19\0\0\x32\x05\0\x02\x22\x03\x25\x3a\x0b\x3b\x05\x49\x13\0\0\x33\
\x1d\x01\x31\x13\x11\x1b\x12\x06\x58\x0b\x59\x05\x57\x0b\0\0\x34\x34\0\x02\x18\
\x31\x13\0\0\x35\x0a\0\x03\x25\x3a\x0b\x3b\x05\x39\x0b\0\0\x36\x0a\0\x31\x13\
\x11\x1b\0\0\x37\x1d\x01\x31\x13\x55\x23\x58\x0b\x59\x05\x57\x0b\0\0\x38\x05\0\
\x02\x22\x31\x13\0\0\x39\x34\0\x02\x18\x03\x25\x3a\x0b\x3b\x05\x49\x13\0\0\x3a\
\x34\0\x02\x22\x03\x25\x3a\x0b\x3b\x05\x49\x13\0\0\x3b\x0a\0\x03\x25\x3a\x0b\
\x3b\x05\x39\x0b\x11\x1b\0\0\x3c\x13\x01\x03\x25\x0b\x0b\x3a\x0b\x3b\x05\0\0\0\
\x6b\x0e\0\0\x05\0\x01\x08\0\0\0\0\x01\0\x1d\0\x01\x08\0\0\0\0\0\0\0\x02\0\0\0\
\0\0\0\0\0\x06\x08\0\0\0\x0c\0\0\0\x0c\0\0\0\x02\x8b\x07\x08\x02\x8a\x07\x04\
\x03\x03\x42\0\0\0\0\x0e\x02\xa1\0\x04\x4e\0\0\0\x05\x52\0\0\0\x0d\0\x02\x04\
\x06\x01\x06\x05\x08\x07\x07\x06\x5f\0\0\0\x02\x72\x01\x08\x64\0\0\0\x09\x69\0\
\0\0\x0a\x6e\0\0\0\x0b\x76\0\0\0\x08\x01\x16\x02\x07\x07\x08\x0c\x09\x82\0\0\0\
\x02\x4e\x08\x87\0\0\0\x09\x8c\0\0\0\x0d\xa6\0\0\0\x0e\xaa\0\0\0\x0e\xab\0\0\0\
\x0e\xab\0\0\0\x0e\x6e\0\0\0\0\x02\x0a\x05\x08\x0f\x09\xb0\0\0\0\x10\x0c\x0b\
\xb9\0\0\0\x02\x38\x08\xbe\0\0\0\x09\xc3\0\0\0\x0d\xaa\0\0\0\x0e\xaa\0\0\0\x0e\
\xab\0\0\0\0\x0c\x0c\xdb\0\0\0\x02\x58\x08\xe0\0\0\0\x09\xe5\0\0\0\x0d\xa6\0\0\
\0\x0e\xaa\0\0\0\x0e\xab\0\0\0\0\x11\x0d\x42\0\0\0\0\xb0\x01\x02\xa1\x01\x03\
\x0e\x0c\x01\0\0\0\x14\x02\xa1\x02\x12\x10\0\x11\x13\x0f\x23\x01\0\0\0\x12\0\
\x13\x11\x38\x01\0\0\0\x13\x08\0\x09\x28\x01\0\0\x04\x34\x01\0\0\x05\x52\0\0\0\
\x1b\0\x02\x10\x05\x04\x09\x3d\x01\0\0\x04\x34\x01\0\0\x14\x52\0\0\0\0\0\x80\0\
\0\x03\x12\x57\x01\0\0\0\x1b\x02\xa1\x03\x12\x20\0\x16\x13\x0f\x80\x01\0\0\0\
\x17\0\x13\x11\x91\x01\0\0\0\x18\x08\x13\x13\xa3\x01\0\0\0\x19\x10\x13\x16\xb4\
\x01\0\0\0\x1a\x18\0\x09\x85\x01\0\0\x04\x34\x01\0\0\x05\x52\0\0\0\x01\0\x09\
\x96\x01\0\0\x04\x34\x01\0\0\x15\x52\0\0\0\0\x80\0\x09\xa8\x01\0\0\x0b\xb0\x01\
\0\0\x15\x03\x0e\x02\x14\x07\x04\x09\xb9\x01\0\0\x16\x1a\x10\x04\x6e\x13\x17\
\xda\x01\0\0\x04\x6f\0\x13\x18\xa8\x01\0\0\x04\x70\x08\x13\x19\xa8\x01\0\0\x04\
\x71\x0c\0\x0b\x76\0\0\0\x08\x03\x10\x03\x1b\xed\x01\0\0\0\x32\x02\xa1\x04\x12\
\x20\0\x2d\x13\x0f\x16\x02\0\0\0\x2e\0\x13\x11\x27\x02\0\0\0\x2f\x08\x13\x13\
\x39\x02\0\0\0\x30\x10\x13\x16\x56\x02\0\0\0\x31\x18\0\x09\x1b\x02\0\0\x04\x34\
\x01\0\0\x05\x52\0\0\0\x09\0\x09\x2c\x02\0\0\x04\x34\x01\0\0\x15\x52\0\0\0\0\
\x20\0\x09\x3e\x02\0\0\x16\x1e\x08\0\x22\x13\x1c\xa8\x01\0\0\0\x23\0\x13\x1d\
\xa8\x01\0\0\0\x24\x04\0\x09\x5b\x02\0\0\x16\x22\x18\0\x27\x13\x1f\xa8\x01\0\0\
\0\x28\0\x13\x20\xda\x01\0\0\0\x29\x08\x13\x21\xda\x01\0\0\0\x2a\x10\0\x03\x23\
\x87\x02\0\0\0\x3d\x02\xa1\x05\x12\x20\0\x38\x13\x0f\x16\x02\0\0\0\x39\0\x13\
\x11\x27\x02\0\0\0\x3a\x08\x13\x13\x39\x02\0\0\0\x3b\x10\x13\x16\xb0\x02\0\0\0\
\x3c\x18\0\x09\xb5\x02\0\0\x16\x25\x08\0\x34\x13\x24\xda\x01\0\0\0\x35\0\0\x03\
\x26\xcf\x02\0\0\0\x4a\x02\xa1\x06\x12\x20\0\x45\x13\x0f\x16\x02\0\0\0\x46\0\
\x13\x11\x27\x02\0\0\0\x47\x08\x13\x13\x39\x02\0\0\0\x48\x10\x13\x16\xf8\x02\0\
\0\0\x49\x18\0\x09\xfd\x02\0\0\x16\x2a\x10\0\x3f\x13\x27\xa8\x01\0\0\0\x40\0\
\x13\x28\xa8\x01\0\0\0\x41\x04\x13\x29\xda\x01\0\0\0\x42\x08\0\x07\x2b\x27\x03\
\0\0\x02\x68\x0c\x08\x2c\x03\0\0\x09\x31\x03\0\0\x0d\xaa\0\0\0\x0e\xaa\0\0\0\
\x0e\x6e\0\0\0\x0e\x6e\0\0\0\0\x0c\x2c\x5f\0\0\0\x02\x72\x07\x2d\x57\x03\0\0\
\x02\x7a\x0c\x08\x5c\x03\0\0\x09\x61\x03\0\0\x17\x0e\xaa\0\0\0\x0e\x6e\0\0\0\0\
\x18\xb0\x01\0\0\x04\x01\xaf\x7b\x19\x2e\0\x19\x2f\x01\x19\x30\x02\x19\x31\x04\
\0\x1a\xb0\x01\0\0\x4a\x04\x04\x17\x19\x32\x01\x19\x33\x02\x19\x34\x03\x19\x35\
\x04\x19\x36\x05\x19\x37\x06\x19\x38\x07\x19\x39\x08\x19\x3a\x09\x19\x3b\x0a\
\x19\x3c\x0b\x19\x3d\x0c\x19\x3e\x0d\x19\x3f\x0e\x19\x40\x0f\x19\x41\x10\x19\
\x42\x14\x19\x43\x15\x19\x44\x16\x19\x45\x17\x19\x46\x1e\x19\x47\x1f\x19\x48\
\x28\x19\x49\x32\0\x1a\xb0\x01\0\0\x51\x04\x04\x33\x19\x4b\0\x19\x4c\x01\x19\
\x4d\x02\x19\x4e\x03\x19\x4f\x04\x19\x50\x05\0\x0b\x34\x01\0\0\x52\x03\x0f\x09\
\xfe\x03\0\0\x08\x03\x04\0\0\x1b\x57\x10\x01\x01\xb8\x04\x1c\x53\x35\x04\0\0\
\x01\xb9\x04\0\x1c\x54\x6e\0\0\0\x01\xba\x04\xf8\x1d\x55\x6e\0\0\0\x01\xbb\x04\
\0\x01\x1d\x56\x6e\0\0\0\x01\xbc\x04\x08\x01\0\x04\x6e\0\0\0\x05\x52\0\0\0\x1f\
\0\x04\x4d\x04\0\0\x05\x52\0\0\0\x06\0\x02\x58\x07\x08\x08\x35\x04\0\0\x1e\x59\
\0\x56\xb4\x01\0\0\x1f\x1c\0\x56\xa8\x01\0\0\0\x20\x07\x08\x01\0\0\x01\x5a\x8c\
\0\x8c\x34\x01\0\0\x21\0\x77\0\x8c\x79\x0d\0\0\x22\x02\x91\x18\x13\0\x90\x3e\
\x02\0\0\x22\x02\x91\0\x85\0\x98\x5b\x02\0\0\x23\x01\x72\0\x8e\xda\x01\0\0\x23\
\x02\x1c\0\x8f\xa8\x01\0\0\x23\x03\x71\0\x94\xb4\x01\0\0\x24\x56\x04\0\0\x08\
\x18\0\0\0\0\x94\x24\x25\x02\x91\0\x5e\x04\0\0\0\0\x1e\x5a\0\x5b\xf8\x04\0\0\
\x1f\x71\0\x5b\xb4\x01\0\0\x1f\x72\0\x5b\xda\x01\0\0\x26\x1c\0\x60\xa8\x01\0\0\
\x26\x1d\0\x61\xa8\x01\0\0\x26\x73\0\x63\xf8\x04\0\0\0\x09\xfd\x04\0\0\x27\x70\
\0\x01\x04\x54\x13\x5b\xd3\x05\0\0\x04\x55\0\x13\x0f\xd3\x05\0\0\x04\x56\x02\
\x13\x19\xd3\x05\0\0\x04\x57\x04\x13\x5e\xd3\x05\0\0\x04\x58\x06\x13\x1c\xa8\
\x01\0\0\x04\x59\x08\x13\x1d\xa8\x01\0\0\x04\x5a\x0c\x13\x5f\xa8\x01\0\0\x04\
\x5b\x10\x13\x60\xf1\x03\0\0\x04\x5c\x14\x13\x61\xa8\x01\0\0\x04\x5d\x18\x13\
\x62\xa8\x01\0\0\x04\x5e\x1c\x13\x63\xa8\x01\0\0\x04\x5f\x20\x13\x20\xa8\x01\0\
\0\x04\x60\x24\x13\x64\xa8\x01\0\0\x04\x61\x28\x13\x1f\xf1\x03\0\0\x04\x62\x2c\
\x13\x65\xf1\x03\0\0\x04\x63\x30\x13\x66\xf1\x03\0\0\x04\x64\x34\x13\x67\xdf\
\x05\0\0\x04\x65\x38\x13\x6a\xeb\x05\0\0\x04\x66\x39\x13\x17\xda\x01\0\0\x04\
\x67\x40\x13\x6b\xda\x01\0\0\x04\x68\x48\x13\x24\xda\x01\0\0\x04\x69\x50\x13\
\x6c\xda\x01\0\0\x04\x6a\x58\x13\x6d\xf7\x05\0\0\x04\x6b\x60\0\x0b\xdb\x05\0\0\
\x5d\x03\x0c\x02\x5c\x07\x02\x0b\xe7\x05\0\0\x69\x03\x0a\x02\x68\x08\x01\x04\
\xdf\x05\0\0\x05\x52\0\0\0\x07\0\x04\x03\x06\0\0\x05\x52\0\0\0\x04\0\x16\x6f\
\x28\x04\x4d\x13\x13\xdf\x05\0\0\x04\x4e\0\x13\x20\xdf\x05\0\0\x04\x4f\x01\x13\
\x6a\x2d\x06\0\0\x04\x50\x02\x13\x6e\x39\x06\0\0\x04\x51\x08\0\x04\xdf\x05\0\0\
\x05\x52\0\0\0\x06\0\x04\xdf\x05\0\0\x05\x52\0\0\0\x20\0\x1e\x74\0\x51\xa8\x01\
\0\0\x1f\x16\0\x51\xda\x01\0\0\0\x28\x75\0\x83\x1f\x73\0\x83\xf8\x04\0\0\0\x20\
\x09\xf8\x02\0\0\x01\x5a\x8d\0\xa2\x34\x01\0\0\x21\x04\x77\0\xa2\xe8\x0d\0\0\
\x22\x02\x91\x14\x13\0\xaa\x3e\x02\0\0\x23\x05\x72\0\xa4\xda\x01\0\0\x23\x06\
\x1c\0\xa5\xa8\x01\0\0\x23\x07\x71\0\xa6\xb4\x01\0\0\x23\x08\x9e\0\xaf\x56\x02\
\0\0\x23\x0c\x73\0\xb3\xf8\x04\0\0\x24\x56\x04\0\0\x0a\x18\0\0\0\0\xa6\x24\x25\
\x02\x91\x1c\x5e\x04\0\0\0\x29\xc7\x04\0\0\0\0\xb3\x25\x25\x02\x91\x08\xcf\x04\
\0\0\x2a\x09\xdf\x04\0\0\x2a\x0a\xe7\x04\0\0\x2a\x0b\xef\x04\0\0\0\x24\x45\x06\
\0\0\x0b\x08\0\0\0\0\xbb\x10\x25\x01\x51\x4d\x06\0\0\0\x24\x56\x06\0\0\x0c\x18\
\0\0\0\0\xc1\x05\x25\x01\x57\x5a\x06\0\0\0\0\x20\x0d\x08\x01\0\0\x01\x5a\x8e\0\
\xc7\x34\x01\0\0\x21\x0d\x77\0\xc7\x79\x0d\0\0\x22\x02\x91\x18\x13\0\xcb\x3e\
\x02\0\0\x22\x02\x91\0\x85\0\xd3\x5b\x02\0\0\x23\x0e\x72\0\xc9\xda\x01\0\0\x23\
\x0f\x1c\0\xca\xa8\x01\0\0\x23\x10\x71\0\xcf\xb4\x01\0\0\x24\x56\x04\0\0\x0e\
\x18\0\0\0\0\xcf\x24\x25\x02\x91\0\x5e\x04\0\0\0\0\x20\x0f\xf8\x02\0\0\x01\x5a\
\x8f\0\xdd\x34\x01\0\0\x21\x11\x77\0\xdd\xe8\x0d\0\0\x22\x02\x91\x14\x13\0\xe5\
\x3e\x02\0\0\x23\x12\x72\0\xdf\xda\x01\0\0\x23\x13\x1c\0\xe0\xa8\x01\0\0\x23\
\x14\x71\0\xe1\xb4\x01\0\0\x23\x15\x9e\0\xea\x56\x02\0\0\x23\x19\x73\0\xee\xf8\
\x04\0\0\x24\x56\x04\0\0\x10\x18\0\0\0\0\xe1\x24\x25\x02\x91\x1c\x5e\x04\0\0\0\
\x29\xc7\x04\0\0\x01\0\xee\x25\x25\x02\x91\x08\xcf\x04\0\0\x2a\x16\xdf\x04\0\0\
\x2a\x17\xe7\x04\0\0\x2a\x18\xef\x04\0\0\0\x24\x45\x06\0\0\x11\x08\0\0\0\0\xf6\
\x10\x25\x01\x51\x4d\x06\0\0\0\x24\x56\x06\0\0\x12\x18\0\0\0\0\xfc\x05\x25\x01\
\x57\x5a\x06\0\0\0\0\x2b\x76\0\x04\x01\x34\x01\0\0\x2c\x77\0\x04\x01\x6d\x08\0\
\0\x2d\x13\0\x08\x01\x3e\x02\0\0\x2d\x85\0\x10\x01\xb5\x02\0\0\x2d\x72\0\x06\
\x01\xda\x01\0\0\x2d\x1c\0\x07\x01\xa8\x01\0\0\x2d\x71\0\x0c\x01\xb4\x01\0\0\0\
\x09\x72\x08\0\0\x1b\x84\x50\x01\x01\xbf\x04\x2e\x82\x08\0\0\x01\xc0\x04\0\x2f\
\x10\x01\x01\xc0\x04\x1c\x78\x03\x04\0\0\x01\xc1\x04\0\x2e\x9b\x08\0\0\x01\xc2\
\x04\0\x30\x10\x01\x01\xc2\x04\x1c\x53\x26\x09\0\0\x01\xc3\x04\0\x1c\x54\x32\
\x09\0\0\x01\xc4\x04\xf8\x1d\x55\x32\x09\0\0\x01\xc5\x04\0\x01\x1d\x56\x32\x09\
\0\0\x01\xc6\x04\x08\x01\0\0\x1d\x7a\x32\x09\0\0\x01\xc9\x04\x10\x01\x1d\x7b\
\x3a\x09\0\0\x01\xca\x04\x18\x01\x1d\x7d\x4a\x09\0\0\x01\xcb\x04\x1c\x01\x1d\
\x7f\x32\x09\0\0\x01\xcc\x04\x20\x01\x1d\x80\x32\x09\0\0\x01\xcd\x04\x28\x01\
\x1d\x81\x5a\x09\0\0\x01\xce\x04\x30\x01\x1d\x82\x32\x09\0\0\x01\xcf\x04\x40\
\x01\x1d\x83\x32\x09\0\0\x01\xd0\x04\x48\x01\0\x04\x32\x09\0\0\x05\x52\0\0\0\
\x1f\0\x0b\x6e\0\0\0\x79\x01\x26\x0b\x42\x09\0\0\x7c\x01\x20\x0b\x34\x01\0\0\
\x52\x01\x10\x0b\x52\x09\0\0\x7e\x01\x22\x0b\xb0\x01\0\0\x15\x01\x12\x04\x32\
\x09\0\0\x05\x52\0\0\0\x02\0\x31\x13\xd8\0\0\0\x01\x5a\x90\0\x04\x01\x34\x01\0\
\0\x32\x1a\x77\0\x04\x01\x6d\x08\0\0\x33\x2d\x08\0\0\x14\xc0\0\0\0\0\x04\x01\
\x05\x34\x02\x91\x08\x3f\x08\0\0\x34\x02\x91\0\x48\x08\0\0\x2a\x1b\x51\x08\0\0\
\x2a\x1c\x5a\x08\0\0\x2a\x1d\x63\x08\0\0\x33\x56\x04\0\0\x15\x18\0\0\0\0\x0c\
\x01\x24\x25\x02\x91\0\x5e\x04\0\0\0\0\0\x2b\x86\0\x18\x01\x34\x01\0\0\x2c\x77\
\0\x18\x01\x6d\x08\0\0\x2d\x13\0\x1c\x01\x3e\x02\0\0\x2d\x72\0\x1a\x01\xda\x01\
\0\0\x2d\x1c\0\x1b\x01\xa8\x01\0\0\x2d\x71\0\x20\x01\xb4\x01\0\0\x2d\x87\0\x24\
\x01\xa6\0\0\0\x2d\x85\0\x28\x01\xb0\x02\0\0\x2d\x73\0\x2c\x01\xf8\x04\0\0\x35\
\x88\0\x35\x01\x01\0\x31\x16\x78\x02\0\0\x01\x5a\x91\0\x18\x01\x34\x01\0\0\x32\
\x1e\x77\0\x18\x01\x6d\x08\0\0\x33\xc9\x09\0\0\x17\x60\x02\0\0\0\x18\x01\x05\
\x34\x02\x91\x04\xdb\x09\0\0\x2a\x1f\xe4\x09\0\0\x2a\x20\xed\x09\0\0\x2a\x21\
\xf6\x09\0\0\x2a\x22\xff\x09\0\0\x2a\x23\x08\x0a\0\0\x2a\x27\x11\x0a\0\0\x36\
\x1a\x0a\0\0\x26\x33\x56\x04\0\0\x18\x18\0\0\0\0\x20\x01\x24\x25\x02\x91\x0c\
\x5e\x04\0\0\0\x37\xc7\x04\0\0\x02\0\x2c\x01\x25\x25\x01\x59\xcf\x04\0\0\x2a\
\x24\xef\x04\0\0\x2a\x25\xdf\x04\0\0\x2a\x26\xe7\x04\0\0\0\x33\x56\x06\0\0\x19\
\x18\0\0\0\0\x34\x01\x05\x25\x01\x56\x5a\x06\0\0\0\0\0\x2b\x89\0\x3b\x01\x34\
\x01\0\0\x2c\x77\0\x3b\x01\x6d\x08\0\0\x2d\x72\0\x3d\x01\xda\x01\0\0\x2d\x1c\0\
\x3e\x01\xa8\x01\0\0\x2d\x71\0\x3f\x01\xb4\x01\0\0\x2d\x73\0\x43\x01\xf8\x04\0\
\0\0\x31\x1a\xf8\x01\0\0\x01\x5a\x92\0\x3b\x01\x34\x01\0\0\x32\x28\x77\0\x3b\
\x01\x6d\x08\0\0\x33\xce\x0a\0\0\x1b\xe0\x01\0\0\0\x3b\x01\x05\x2a\x29\xe0\x0a\
\0\0\x2a\x2a\xe9\x0a\0\0\x2a\x2b\xf2\x0a\0\0\x2a\x30\xfb\x0a\0\0\x33\x56\x04\0\
\0\x1c\x18\0\0\0\0\x3f\x01\x24\x25\x02\x91\x04\x5e\x04\0\0\0\x37\xc7\x04\0\0\
\x03\0\x43\x01\x25\x25\x01\x58\xcf\x04\0\0\x38\x2c\xd7\x04\0\0\x2a\x2d\xdf\x04\
\0\0\x2a\x2e\xe7\x04\0\0\x2a\x2f\xef\x04\0\0\0\x33\x56\x06\0\0\x1d\x18\0\0\0\0\
\x4b\x01\x05\x25\x01\x57\x5a\x06\0\0\0\0\0\x31\x1e\x10\x01\0\0\x01\x5a\x93\0\
\x52\x01\x34\x01\0\0\x32\x31\x77\0\x52\x01\x79\x0d\0\0\x39\x02\x91\x10\x13\0\
\x56\x01\x3e\x02\0\0\x39\x02\x91\0\x85\0\x63\x01\xfd\x02\0\0\x3a\x32\x72\0\x54\
\x01\xda\x01\0\0\x3a\x33\x1c\0\x55\x01\xa8\x01\0\0\x3a\x34\x71\0\x5a\x01\xb4\
\x01\0\0\x3a\x35\x27\0\x5e\x01\xa8\x01\0\0\x3a\x36\x9f\0\x5f\x01\xa8\x01\0\0\
\x33\x56\x04\0\0\x1f\x18\0\0\0\0\x5a\x01\x24\x25\x02\x91\0\x5e\x04\0\0\0\0\x31\
\x20\0\x03\0\0\x01\x5a\x94\0\x6d\x01\x34\x01\0\0\x32\x37\x77\0\x6d\x01\xe8\x0d\
\0\0\x39\x02\x91\x1c\x13\0\x71\x01\x3e\x02\0\0\x3a\x38\x72\0\x6f\x01\xda\x01\0\
\0\x3a\x39\x1c\0\x70\x01\xa8\x01\0\0\x3a\x3a\x71\0\x75\x01\xb4\x01\0\0\x3a\x3b\
\x9e\0\x79\x01\xf8\x02\0\0\x3a\x3c\x9f\0\x7d\x01\xa8\x01\0\0\x3a\x3d\xa0\0\x7e\
\x01\xd3\x05\0\0\x3a\x41\x73\0\x86\x01\xf8\x04\0\0\x3b\x88\0\x93\x01\x01\x27\
\x33\x56\x04\0\0\x21\x20\0\0\0\0\x75\x01\x24\x25\x02\x91\x24\x5e\x04\0\0\0\x37\
\xc7\x04\0\0\x04\0\x86\x01\x25\x25\x01\x57\xcf\x04\0\0\x2a\x3e\xef\x04\0\0\x2a\
\x3f\xdf\x04\0\0\x2a\x40\xe7\x04\0\0\0\x33\x56\x06\0\0\x22\x18\0\0\0\0\x92\x01\
\x05\x25\x01\x59\x5a\x06\0\0\0\0\x31\x23\xf8\x01\0\0\x01\x5a\x95\0\x9b\x01\x34\
\x01\0\0\x32\x42\x77\0\x9b\x01\x1c\x0e\0\0\x3a\x43\x72\0\x9d\x01\xda\x01\0\0\
\x3a\x44\x1c\0\x9e\x01\xa8\x01\0\0\x3a\x45\x71\0\x9f\x01\xb4\x01\0\0\x3a\x4a\
\x73\0\xa3\x01\xf8\x04\0\0\x33\x56\x04\0\0\x24\x18\0\0\0\0\x9f\x01\x24\x25\x02\
\x91\x04\x5e\x04\0\0\0\x37\xc7\x04\0\0\x05\0\xa3\x01\x25\x25\x01\x58\xcf\x04\0\
\0\x38\x46\xd7\x04\0\0\x2a\x47\xdf\x04\0\0\x2a\x48\xe7\x04\0\0\x2a\x49\xef\x04\
\0\0\0\x33\x56\x06\0\0\x25\x18\0\0\0\0\xac\x01\x05\x25\x01\x57\x5a\x06\0\0\0\0\
\x09\x7e\x0d\0\0\x3c\x9c\x40\x01\xb7\x39\x1c\x96\xad\x0d\0\0\x01\xb8\x39\0\x1c\
\x99\xa6\0\0\0\x01\xb9\x39\x08\x1c\x9a\x41\x04\0\0\x01\xba\x39\x10\x1c\x9b\xdc\
\x0d\0\0\x01\xbb\x39\x40\0\x3c\x98\x08\x01\x2d\x20\x1c\x0f\xdb\x05\0\0\x01\x2e\
\x20\0\x1c\x19\xe7\x05\0\0\x01\x2f\x20\x02\x1c\x97\xe7\x05\0\0\x01\x30\x20\x03\
\x1c\x1c\x34\x01\0\0\x01\x31\x20\x04\0\x04\x4e\0\0\0\x05\x52\0\0\0\0\0\x09\xed\
\x0d\0\0\x3c\x9d\x18\x01\xbe\x39\x1c\x96\xad\x0d\0\0\x01\xbf\x39\0\x1c\x99\xa6\
\0\0\0\x01\xc0\x39\x08\x1c\x87\xa6\0\0\0\x01\xc1\x39\x10\x1c\x9b\xdc\x0d\0\0\
\x01\xc2\x39\x18\0\x09\x21\x0e\0\0\x3c\xa6\x28\x01\x08\x57\x1c\x96\xad\x0d\0\0\
\x01\x09\x57\0\x1c\xa1\x34\x01\0\0\x01\x0a\x57\x08\x1c\xa2\x34\x01\0\0\x01\x0b\
\x57\x0c\x1c\xa3\x34\x01\0\0\x01\x0c\x57\x10\x1c\xa4\x4d\x04\0\0\x01\x0d\x57\
\x18\x1c\xa5\x4d\x04\0\0\x01\x0e\x57\x20\x1c\x9b\xdc\x0d\0\0\x01\x0f\x57\x28\0\
\0\xaa\0\0\0\x05\0\x08\0\x07\0\0\0\x1c\0\0\0\x29\0\0\0\x36\0\0\0\x48\0\0\0\x5a\
\0\0\0\x67\0\0\0\x79\0\0\0\x01\x09\x04\xd0\x01\xa8\x02\x04\xb0\x02\x88\x04\0\
\x01\x0f\x04\xd0\x01\xa8\x02\x04\xb0\x02\x88\x04\0\x01\x16\x04\xd8\x01\xa0\x02\
\x04\xa8\x02\xf0\x03\x04\x88\x04\x98\x04\0\x01\x1a\x04\x80\x01\xc8\x01\x04\xd0\
\x01\x98\x03\x04\xb0\x03\xc0\x03\0\x01\x20\x04\x88\x02\xd8\x02\x04\xe0\x02\xb0\
\x04\0\x01\x23\x04\x80\x01\xc8\x01\x04\xd0\x01\x98\x03\x04\xa0\x03\xb0\x03\0\
\x03\x07\x88\x02\x03\x09\xf8\x05\x03\x0d\x88\x02\x03\x0f\xf8\x05\x03\x13\xd8\
\x01\x03\x16\xf8\x04\x03\x1a\xf8\x03\x03\x1e\x90\x02\x03\x20\x80\x06\x03\x23\
\xf8\x03\0\xa0\x02\0\0\x05\0\0\0\0\0\0\0\x1e\0\0\0\x33\0\0\0\x77\0\0\0\x7f\0\0\
\0\x84\0\0\0\x98\0\0\0\xb1\0\0\0\xc4\0\0\0\xca\0\0\0\xde\0\0\0\xe3\0\0\0\xf7\0\
\0\0\x0b\x01\0\0\x14\x01\0\0\x24\x01\0\0\x29\x01\0\0\x2d\x01\0\0\x39\x01\0\0\
\x48\x01\0\0\x4c\x01\0\0\x59\x01\0\0\x5f\x01\0\0\x65\x01\0\0\x69\x01\0\0\x6f\
\x01\0\0\x75\x01\0\0\x87\x01\0\0\x92\x01\0\0\x96\x01\0\0\x9a\x01\0\0\xa6\x01\0\
\0\xa9\x01\0\0\xad\x01\0\0\xb1\x01\0\0\xc0\x01\0\0\xce\x01\0\0\xd3\x01\0\0\xdd\
\x01\0\0\xeb\x01\0\0\xee\x01\0\0\xf2\x01\0\0\xf8\x01\0\0\x02\x02\0\0\x16\x02\0\
\0\x27\x02\0\0\x3a\x02\0\0\x42\x02\0\0\x4e\x02\0\0\x58\x02\0\0\x63\x02\0\0\x7b\
\x02\0\0\x91\x02\0\0\xa7\x02\0\0\xbf\x02\0\0\xd7\x02\0\0\xf0\x02\0\0\x08\x03\0\
\0\x20\x03\0\0\x36\x03\0\0\x4d\x03\0\0\x63\x03\0\0\x79\x03\0\0\x8e\x03\0\0\xa4\
\x03\0\0\xbf\x03\0\0\xdc\x03\0\0\xf6\x03\0\0\x10\x04\0\0\x2c\x04\0\0\x48\x04\0\
\0\x66\x04\0\0\x84\x04\0\0\x9e\x04\0\0\xba\x04\0\0\xcb\x04\0\0\xe1\x04\0\0\xf8\
\x04\0\0\x12\x05\0\0\x2c\x05\0\0\x43\x05\0\0\x59\x05\0\0\x6f\x05\0\0\x75\x05\0\
\0\x7a\x05\0\0\x7d\x05\0\0\x80\x05\0\0\x87\x05\0\0\x94\x05\0\0\xa2\x05\0\0\xb8\
\x05\0\0\xcf\x05\0\0\xd7\x05\0\0\xe6\x05\0\0\xec\x05\0\0\xf6\x05\0\0\xfe\x05\0\
\0\x07\x06\0\0\x10\x06\0\0\x1d\x06\0\0\x28\x06\0\0\x33\x06\0\0\x3d\x06\0\0\x48\
\x06\0\0\x54\x06\0\0\x62\x06\0\0\x67\x06\0\0\x70\x06\0\0\x76\x06\0\0\x80\x06\0\
\0\x86\x06\0\0\x8b\x06\0\0\x9d\x06\0\0\xaf\x06\0\0\xb2\x06\0\0\xbb\x06\0\0\xbf\
\x06\0\0\xcc\x06\0\0\xe2\x06\0\0\xf9\x06\0\0\xfd\x06\0\0\x07\x07\0\0\x0b\x07\0\
\0\x13\x07\0\0\x1d\x07\0\0\x21\x07\0\0\x29\x07\0\0\x2d\x07\0\0\x38\x07\0\0\x41\
\x07\0\0\x4c\x07\0\0\x5d\x07\0\0\x66\x07\0\0\x6e\x07\0\0\x76\x07\0\0\x8c\x07\0\
\0\x90\x07\0\0\x94\x07\0\0\xad\x07\0\0\xc0\x07\0\0\xd3\x07\0\0\xe5\x07\0\0\xf6\
\x07\0\0\x09\x08\0\0\x1b\x08\0\0\x2e\x08\0\0\x40\x08\0\0\x55\x08\0\0\x68\x08\0\
\0\x7a\x08\0\0\x8c\x08\0\0\x90\x08\0\0\x9e\x08\0\0\xaa\x08\0\0\xad\x08\0\0\xb2\
\x08\0\0\xb9\x08\0\0\xd3\x08\0\0\xec\x08\0\0\xf1\x08\0\0\xf5\x08\0\0\0\x09\0\0\
\x04\x09\0\0\x0a\x09\0\0\x0f\x09\0\0\x1a\x09\0\0\x23\x09\0\0\x48\x6f\x6d\x65\
\x62\x72\x65\x77\x20\x63\x6c\x61\x6e\x67\x20\x76\x65\x72\x73\x69\x6f\x6e\x20\
\x32\x31\x2e\x31\x2e\x31\0\x73\x65\x6e\x74\x69\x6e\x65\x6c\x5f\x65\x78\x74\x72\
\x61\x2e\x62\x70\x66\x2e\x63\0\x2f\x55\x73\x65\x72\x73\x2f\x61\x64\x69\x74\x68\
\x79\x61\x73\x72\x69\x6e\x69\x76\x61\x73\x61\x6e\x2f\x50\x72\x6f\x6a\x65\x63\
\x74\x73\x2f\x61\x69\x2d\x63\x6f\x6d\x70\x69\x6c\x65\x72\x2f\x72\x65\x63\x6f\
\x6d\x70\x69\x6c\x65\x2f\x72\x75\x6e\x74\x69\x6d\x65\x2f\x62\x70\x66\0\x4c\x49\
\x43\x45\x4e\x53\x45\0\x63\x68\x61\x72\0\x5f\x5f\x41\x52\x52\x41\x59\x5f\x53\
\x49\x5a\x45\x5f\x54\x59\x50\x45\x5f\x5f\0\x62\x70\x66\x5f\x67\x65\x74\x5f\x63\
\x75\x72\x72\x65\x6e\x74\x5f\x70\x69\x64\x5f\x74\x67\x69\x64\0\x75\x6e\x73\x69\
\x67\x6e\x65\x64\x20\x6c\x6f\x6e\x67\x20\x6c\x6f\x6e\x67\0\x5f\x5f\x75\x36\x34\
\0\x62\x70\x66\x5f\x6d\x61\x70\x5f\x75\x70\x64\x61\x74\x65\x5f\x65\x6c\x65\x6d\
\0\x6c\x6f\x6e\x67\0\x62\x70\x66\x5f\x6d\x61\x70\x5f\x6c\x6f\x6f\x6b\x75\x70\
\x5f\x65\x6c\x65\x6d\0\x62\x70\x66\x5f\x6d\x61\x70\x5f\x64\x65\x6c\x65\x74\x65\
\x5f\x65\x6c\x65\x6d\0\x5f\x6c\x69\x63\x65\x6e\x73\x65\0\x73\x65\x6e\x74\x69\
\x6e\x65\x6c\x5f\x65\x76\x65\x6e\x74\x73\0\x74\x79\x70\x65\0\x69\x6e\x74\0\x6d\
\x61\x78\x5f\x65\x6e\x74\x72\x69\x65\x73\0\x73\x65\x6e\x74\x69\x6e\x65\x6c\x5f\
\x73\x74\x61\x74\x65\0\x6b\x65\x79\0\x75\x6e\x73\x69\x67\x6e\x65\x64\x20\x69\
\x6e\x74\0\x5f\x5f\x75\x33\x32\0\x76\x61\x6c\x75\x65\0\x73\x65\x71\0\x64\x72\
\x6f\x70\x73\0\x66\x6c\x61\x67\x73\0\x72\x65\x5f\x73\x65\x6e\x74\x69\x6e\x65\
\x6c\x5f\x73\x74\x61\x74\x65\0\x69\x6f\x5f\x70\x65\x6e\x64\x69\x6e\x67\0\x70\
\x69\x64\0\x74\x69\x64\0\x70\x69\x64\x5f\x74\x69\x64\x5f\x6b\x65\x79\0\x66\x64\
\0\x6c\x65\x6e\0\x62\x75\x66\0\x69\x6f\x5f\x70\x65\x6e\x64\x69\x6e\x67\x5f\x63\
\x74\x78\0\x6d\x75\x74\x65\x78\x5f\x70\x65\x6e\x64\x69\x6e\x67\0\x61\x64\x64\
\x72\0\x6d\x75\x74\x65\x78\x5f\x63\x74\x78\0\x66\x75\x74\x65\x78\x5f\x70\x65\
\x6e\x64\x69\x6e\x67\0\x6f\x70\0\x76\x61\x6c\0\x75\x61\x64\x64\x72\0\x66\x75\
\x74\x65\x78\x5f\x63\x74\x78\0\x62\x70\x66\x5f\x72\x69\x6e\x67\x62\x75\x66\x5f\
\x72\x65\x73\x65\x72\x76\x65\0\x62\x70\x66\x5f\x6b\x74\x69\x6d\x65\x5f\x67\x65\
\x74\x5f\x6e\x73\0\x62\x70\x66\x5f\x72\x69\x6e\x67\x62\x75\x66\x5f\x73\x75\x62\
\x6d\x69\x74\0\x42\x50\x46\x5f\x41\x4e\x59\0\x42\x50\x46\x5f\x4e\x4f\x45\x58\
\x49\x53\x54\0\x42\x50\x46\x5f\x45\x58\x49\x53\x54\0\x42\x50\x46\x5f\x46\x5f\
\x4c\x4f\x43\x4b\0\x52\x45\x5f\x53\x45\x4e\x54\x49\x4e\x45\x4c\x5f\x54\x59\x50\
\x45\x5f\x4d\x41\x4c\x4c\x4f\x43\0\x52\x45\x5f\x53\x45\x4e\x54\x49\x4e\x45\x4c\
\x5f\x54\x59\x50\x45\x5f\x46\x52\x45\x45\0\x52\x45\x5f\x53\x45\x4e\x54\x49\x4e\
\x45\x4c\x5f\x54\x59\x50\x45\x5f\x4d\x4d\x41\x50\0\x52\x45\x5f\x53\x45\x4e\x54\
\x49\x4e\x45\x4c\x5f\x54\x59\x50\x45\x5f\x4d\x55\x4e\x4d\x41\x50\0\x52\x45\x5f\
\x53\x45\x4e\x54\x49\x4e\x45\x4c\x5f\x54\x59\x50\x45\x5f\x4d\x45\x4d\x43\x50\
\x59\0\x52\x45\x5f\x53\x45\x4e\x54\x49\x4e\x45\x4c\x5f\x54\x59\x50\x45\x5f\x4d\
\x45\x4d\x4d\x4f\x56\x45\0\x52\x45\x5f\x53\x45\x4e\x54\x49\x4e\x45\x4c\x5f\x54\
\x59\x50\x45\x5f\x53\x54\x52\x43\x50\x59\0\x52\x45\x5f\x53\x45\x4e\x54\x49\x4e\
\x45\x4c\x5f\x54\x59\x50\x45\x5f\x53\x54\x52\x4c\x45\x4e\0\x52\x45\x5f\x53\x45\
\x4e\x54\x49\x4e\x45\x4c\x5f\x54\x59\x50\x45\x5f\x52\x45\x41\x44\0\x52\x45\x5f\
\x53\x45\x4e\x54\x49\x4e\x45\x4c\x5f\x54\x59\x50\x45\x5f\x57\x52\x49\x54\x45\0\
\x52\x45\x5f\x53\x45\x4e\x54\x49\x4e\x45\x4c\x5f\x54\x59\x50\x45\x5f\x53\x45\
\x4e\x44\0\x52\x45\x5f\x53\x45\x4e\x54\x49\x4e\x45\x4c\x5f\x54\x59\x50\x45\x5f\
\x52\x45\x43\x56\0\x52\x45\x5f\x53\x45\x4e\x54\x49\x4e\x45\x4c\x5f\x54\x59\x50\
\x45\x5f\x44\x55\x50\0\x52\x45\x5f\x53\x45\x4e\x54\x49\x4e\x45\x4c\x5f\x54\x59\
\x50\x45\x5f\x50\x49\x50\x45\0\x52\x45\x5f\x53\x45\x4e\x54\x49\x4e\x45\x4c\x5f\
\x54\x59\x50\x45\x5f\x45\x50\x4f\x4c\x4c\x5f\x43\x54\x4c\0\x52\x45\x5f\x53\x45\
\x4e\x54\x49\x4e\x45\x4c\x5f\x54\x59\x50\x45\x5f\x49\x4e\x4f\x54\x49\x46\x59\
\x5f\x41\x44\x44\0\x52\x45\x5f\x53\x45\x4e\x54\x49\x4e\x45\x4c\x5f\x54\x59\x50\
\x45\x5f\x4c\x4f\x43\x4b\x5f\x41\x43\x51\0\x52\x45\x5f\x53\x45\x4e\x54\x49\x4e\
\x45\x4c\x5f\x54\x59\x50\x45\x5f\x4c\x4f\x43\x4b\x5f\x52\x45\x4c\0\x52\x45\x5f\
\x53\x45\x4e\x54\x49\x4e\x45\x4c\x5f\x54\x59\x50\x45\x5f\x46\x55\x54\x45\x58\
\x5f\x57\x41\x49\x54\0\x52\x45\x5f\x53\x45\x4e\x54\x49\x4e\x45\x4c\x5f\x54\x59\
\x50\x45\x5f\x46\x55\x54\x45\x58\x5f\x57\x41\x4b\x45\0\x52\x45\x5f\x53\x45\x4e\
\x54\x49\x4e\x45\x4c\x5f\x54\x59\x50\x45\x5f\x53\x49\x47\x4e\x41\x4c\x5f\x45\
\x4e\x54\x45\x52\0\x52\x45\x5f\x53\x45\x4e\x54\x49\x4e\x45\x4c\x5f\x54\x59\x50\
\x45\x5f\x53\x49\x47\x4e\x41\x4c\x5f\x46\x41\x55\x4c\x54\0\x52\x45\x5f\x53\x45\
\x4e\x54\x49\x4e\x45\x4c\x5f\x54\x59\x50\x45\x5f\x53\x45\x47\x46\x41\x55\x4c\
\x54\0\x52\x45\x5f\x53\x45\x4e\x54\x49\x4e\x45\x4c\x5f\x54\x59\x50\x45\x5f\x4d\
\x41\x52\x4b\x5f\x46\x4c\x55\x53\x48\0\x72\x65\x5f\x73\x65\x6e\x74\x69\x6e\x65\
\x6c\x5f\x74\x79\x70\x65\0\x52\x45\x5f\x53\x45\x4e\x54\x49\x4e\x45\x4c\x5f\x4c\
\x4f\x43\x4b\x5f\x4e\x4f\x4e\x45\0\x52\x45\x5f\x53\x45\x4e\x54\x49\x4e\x45\x4c\
\x5f\x4c\x4f\x43\x4b\x5f\x4d\x55\x54\x45\x58\0\x52\x45\x5f\x53\x45\x4e\x54\x49\
\x4e\x45\x4c\x5f\x4c\x4f\x43\x4b\x5f\x52\x57\x4c\x4f\x43\x4b\x5f\x52\0\x52\x45\
\x5f\x53\x45\x4e\x54\x49\x4e\x45\x4c\x5f\x4c\x4f\x43\x4b\x5f\x52\x57\x4c\x4f\
\x43\x4b\x5f\x57\0\x52\x45\x5f\x53\x45\x4e\x54\x49\x4e\x45\x4c\x5f\x4c\x4f\x43\
\x4b\x5f\x46\x55\x54\x45\x58\0\x52\x45\x5f\x53\x45\x4e\x54\x49\x4e\x45\x4c\x5f\
\x4c\x4f\x43\x4b\x5f\x53\x50\x49\x4e\0\x72\x65\x5f\x73\x65\x6e\x74\x69\x6e\x65\
\x6c\x5f\x6c\x6f\x63\x6b\x5f\x6b\x69\x6e\x64\0\x5f\x5f\x73\x33\x32\0\x72\x65\
\x67\x73\0\x73\x70\0\x70\x63\0\x70\x73\x74\x61\x74\x65\0\x75\x73\x65\x72\x5f\
\x70\x74\x5f\x72\x65\x67\x73\0\x75\x6e\x73\x69\x67\x6e\x65\x64\x20\x6c\x6f\x6e\
\x67\0\x73\x65\x6e\x74\x69\x6e\x65\x6c\x5f\x6c\x6f\x6f\x6b\x75\x70\x5f\x73\x74\
\x61\x74\x65\0\x73\x65\x6e\x74\x69\x6e\x65\x6c\x5f\x65\x76\x65\x6e\x74\x5f\x72\
\x65\x73\x65\x72\x76\x65\0\x76\x65\x72\x73\x69\x6f\x6e\0\x75\x6e\x73\x69\x67\
\x6e\x65\x64\x20\x73\x68\x6f\x72\x74\0\x5f\x5f\x75\x31\x36\0\x6c\x6f\x63\x6b\
\x5f\x6b\x69\x6e\x64\0\x73\x69\x74\x65\x5f\x69\x64\0\x73\x74\x61\x63\x6b\x5f\
\x69\x64\0\x73\x74\x61\x63\x6b\x5f\x66\x70\0\x6c\x6f\x63\x6b\x5f\x73\x69\x74\
\x65\x5f\x69\x64\0\x64\x72\x6f\x70\x5f\x63\x6f\x75\x6e\x74\0\x61\x6c\x6c\x6f\
\x63\x5f\x73\x69\x7a\x65\0\x62\x79\x74\x65\x73\x5f\x72\x65\x74\0\x65\x72\x72\
\x6e\x6f\x5f\x63\x6f\x64\x65\0\x65\x78\x74\x72\x61\x5f\x63\x6f\x75\x6e\x74\0\
\x75\x6e\x73\x69\x67\x6e\x65\x64\x20\x63\x68\x61\x72\0\x5f\x5f\x75\x38\0\x72\
\x65\x73\x65\x72\x76\x65\x64\0\x74\x73\x5f\x6e\x73\0\x6c\x6f\x63\x6b\x5f\x61\
\x64\x64\x72\0\x65\x78\x74\x72\x61\0\x64\x61\x74\x61\0\x72\x65\x5f\x73\x65\x6e\
\x74\x69\x6e\x65\x6c\x5f\x65\x78\x74\x72\x61\0\x72\x65\x5f\x73\x65\x6e\x74\x69\
\x6e\x65\x6c\x5f\x65\x76\x65\x6e\x74\0\x73\x74\0\x70\x69\x64\x5f\x74\x67\x69\
\x64\0\x65\x76\x74\0\x73\x61\x74\x75\x72\x61\x74\x65\x5f\x75\x33\x32\0\x73\x65\
\x6e\x74\x69\x6e\x65\x6c\x5f\x65\x76\x65\x6e\x74\x5f\x73\x75\x62\x6d\x69\x74\0\
\x5f\x5f\x5f\x5f\x75\x5f\x6d\x75\x74\x65\x78\x5f\x6c\x6f\x63\x6b\x5f\x65\x6e\
\x74\x65\x72\0\x63\x74\x78\0\x75\x73\x65\x72\x5f\x72\x65\x67\x73\0\x75\x36\x34\
\0\x6f\x72\x69\x67\x5f\x78\x30\0\x73\x79\x73\x63\x61\x6c\x6c\x6e\x6f\0\x73\x33\
\x32\0\x75\x6e\x75\x73\x65\x64\x32\0\x75\x33\x32\0\x73\x64\x65\x69\x5f\x74\x74\
\x62\x72\x31\0\x70\x6d\x72\x5f\x73\x61\x76\x65\0\x73\x74\x61\x63\x6b\x66\x72\
\x61\x6d\x65\0\x6c\x6f\x63\x6b\x64\x65\x70\x5f\x68\x61\x72\x64\x69\x72\x71\x73\
\0\x65\x78\x69\x74\x5f\x72\x63\x75\0\x70\x74\x5f\x72\x65\x67\x73\0\x70\x65\x6e\
\x64\x69\x6e\x67\0\x5f\x5f\x5f\x5f\x75\x5f\x6d\x75\x74\x65\x78\x5f\x6c\x6f\x63\
\x6b\x5f\x65\x78\x69\x74\0\x72\x65\x74\0\x6f\x75\x74\0\x5f\x5f\x5f\x5f\x75\x5f\
\x6d\x75\x74\x65\x78\x5f\x75\x6e\x6c\x6f\x63\x6b\x5f\x65\x6e\x74\x65\x72\0\x44\
\x57\x5f\x41\x54\x45\x5f\x75\x6e\x73\x69\x67\x6e\x65\x64\x5f\x33\x32\0\x44\x57\
\x5f\x41\x54\x45\x5f\x75\x6e\x73\x69\x67\x6e\x65\x64\x5f\x36\x34\0\x74\x70\x5f\
\x73\x79\x73\x5f\x65\x6e\x74\x65\x72\x5f\x72\x65\x61\x64\0\x74\x70\x5f\x73\x79\
\x73\x5f\x65\x78\x69\x74\x5f\x72\x65\x61\x64\0\x74\x70\x5f\x73\x79\x73\x5f\x65\
\x6e\x74\x65\x72\x5f\x77\x72\x69\x74\x65\0\x74\x70\x5f\x73\x79\x73\x5f\x65\x78\
\x69\x74\x5f\x77\x72\x69\x74\x65\0\x75\x5f\x6d\x75\x74\x65\x78\x5f\x6c\x6f\x63\
\x6b\x5f\x65\x6e\x74\x65\x72\0\x75\x5f\x6d\x75\x74\x65\x78\x5f\x6c\x6f\x63\x6b\
\x5f\x65\x78\x69\x74\0\x75\x5f\x6d\x75\x74\x65\x78\x5f\x75\x6e\x6c\x6f\x63\x6b\
\x5f\x65\x6e\x74\x65\x72\0\x74\x70\x5f\x73\x79\x73\x5f\x65\x6e\x74\x65\x72\x5f\
\x66\x75\x74\x65\x78\0\x74\x70\x5f\x73\x79\x73\x5f\x65\x78\x69\x74\x5f\x66\x75\
\x74\x65\x78\0\x74\x70\x5f\x73\x69\x67\x6e\x61\x6c\x5f\x64\x65\x6c\x69\x76\x65\
\x72\0\x65\x6e\x74\0\x70\x72\x65\x65\x6d\x70\x74\x5f\x63\x6f\x75\x6e\x74\0\x74\
\x72\x61\x63\x65\x5f\x65\x6e\x74\x72\x79\0\x69\x64\0\x61\x72\x67\x73\0\x5f\x5f\
\x64\x61\x74\x61\0\x74\x72\x61\x63\x65\x5f\x65\x76\x65\x6e\x74\x5f\x72\x61\x77\
\x5f\x73\x79\x73\x5f\x65\x6e\x74\x65\x72\0\x74\x72\x61\x63\x65\x5f\x65\x76\x65\
\x6e\x74\x5f\x72\x61\x77\x5f\x73\x79\x73\x5f\x65\x78\x69\x74\0\x69\x6e\x66\x6f\
\0\x63\x6d\x64\0\x65\x76\x65\x6e\x74\x5f\x74\x79\x70\x65\0\x73\x69\x67\0\x65\
\x72\x72\x6e\x6f\0\x63\x6f\x64\x65\0\x73\x61\x5f\x68\x61\x6e\x64\x6c\x65\x72\0\
\x73\x61\x5f\x66\x6c\x61\x67\x73\0\x74\x72\x61\x63\x65\x5f\x65\x76\x65\x6e\x74\
\x5f\x72\x61\x77\x5f\x73\x69\x67\x6e\x61\x6c\x5f\x64\x65\x6c\x69\x76\x65\x72\0\
\x44\x01\0\0\x05\0\x08\0\0\0\0\0\0\0\0\0\0\0\0\0\0\0\0\0\0\0\0\0\0\0\0\0\0\0\0\
\0\0\0\0\0\0\0\0\0\0\0\0\0\0\0\0\0\0\0\0\0\0\0\0\0\0\0\0\0\0\0\0\0\0\0\0\0\x40\
\0\0\0\0\0\0\0\0\0\0\0\0\0\0\0\x40\0\0\0\0\0\0\0\x38\x02\0\0\0\0\0\0\xa8\x02\0\
\0\0\0\0\0\0\0\0\0\0\0\0\0\x40\0\0\0\0\0\0\0\0\0\0\0\0\0\0\0\x40\0\0\0\0\0\0\0\
\x38\x02\0\0\0\0\0\0\xa8\x02\0\0\0\0\0\0\0\0\0\0\0\0\0\0\x08\0\0\0\0\0\0\0\x40\
\0\0\0\0\0\0\0\0\0\0\0\0\0\0\0\x08\0\0\0\0\0\0\0\x50\0\0\0\0\0\0\0\x28\x02\0\0\
\0\0\0\0\0\0\0\0\0\0\0\0\x08\0\0\0\0\0\0\0\x40\0\0\0\0\0\0\0\xd0\x01\0\0\0\0\0\
\0\0\0\0\0\0\0\0\0\x40\0\0\0\0\0\0\0\0\0\0\0\0\0\0\0\x50\0\0\0\0\0\0\0\xb0\x02\
\0\0\0\0\0\0\0\0\0\0\0\0\0\0\x40\0\0\0\0\0\0\0\xd0\x01\0\0\0\0\0\0\x40\x02\0\0\
\0\0\0\0\xc8\x02\0\0\0\0\0\0\0\0\0\x9f\xeb\x01\0\x18\0\0\0\0\0\0\0\xf4\x08\0\0\
\xf4\x08\0\0\xca\x11\0\0\0\0\0\0\0\0\0\x02\x03\0\0\0\x01\0\0\0\0\0\0\x01\x04\0\
\0\0\x20\0\0\x01\0\0\0\0\0\0\0\x03\0\0\0\0\x02\0\0\0\x04\0\0\0\x09\0\0\0\x05\0\
\0\0\0\0\0\x01\x04\0\0\0\x20\0\0\0\0\0\0\0\0\0\0\x02\x06\0\0\0\0\0\0\0\0\0\0\
\x03\0\0\0\0\x02\0\0\0\x04\0\0\0\0\x20\0\0\0\0\0\0\0\0\0\x02\x08\0\0\0\x19\0\0\
\0\x02\0\0\x04\x08\0\0\0\x25\0\0\0\x09\0\0\0\0\0\0\0\x29\0\0\0\x09\0\0\0\x20\0\
\0\0\x2d\0\0\0\0\0\0\x08\x0a\0\0\0\x33\0\0\0\0\0\0\x01\x04\0\0\0\x20\0\0\0\0\0\
\0\0\0\0\0\x02\x0c\0\0\0\x40\0\0\0\x03\0\0\x04\x18\0\0\0\x4f\0\0\0\x09\0\0\0\0\
\0\0\0\x52\0\0\0\x0d\0\0\0\x40\0\0\0\x56\0\0\0\x0d\0\0\0\x80\0\0\0\x5a\0\0\0\0\
\0\0\x08\x0e\0\0\0\x60\0\0\0\0\0\0\x01\x08\0\0\0\x40\0\0\0\0\0\0\0\x04\0\0\x04\
\x20\0\0\0\x73\0\0\0\x01\0\0\0\0\0\0\0\x78\0\0\0\x05\0\0\0\x40\0\0\0\x84\0\0\0\
\x07\0\0\0\x80\0\0\0\x88\0\0\0\x0b\0\0\0\xc0\0\0\0\x8e\0\0\0\0\0\0\x0e\x0f\0\0\
\0\x01\0\0\0\0\0\0\0\0\0\0\x02\x12\0\0\0\x99\0\0\0\x03\0\0\x04\x10\0\0\0\xa3\0\
\0\0\x09\0\0\0\0\0\0\0\xa6\0\0\0\x09\0\0\0\x20\0\0\0\xaa\0\0\0\x0d\0\0\0\x40\0\
\0\0\0\0\0\0\x04\0\0\x04\x20\0\0\0\x73\0\0\0\x01\0\0\0\0\0\0\0\x78\0\0\0\x05\0\
\0\0\x40\0\0\0\x84\0\0\0\x07\0\0\0\x80\0\0\0\x88\0\0\0\x11\0\0\0\xc0\0\0\0\xb0\
\0\0\0\0\0\0\x0e\x13\0\0\0\x01\0\0\0\0\0\0\0\0\0\0\x02\x16\0\0\0\0\0\0\0\0\0\0\
\x03\0\0\0\0\x02\0\0\0\x04\0\0\0\x1b\0\0\0\0\0\0\0\0\0\0\x02\x18\0\0\0\0\0\0\0\
\0\0\0\x03\0\0\0\0\x02\0\0\0\x04\0\0\0\0\0\x80\0\0\0\0\0\x02\0\0\x04\x10\0\0\0\
\x73\0\0\0\x15\0\0\0\0\0\0\0\x78\0\0\0\x17\0\0\0\x40\0\0\0\xbe\0\0\0\0\0\0\x0e\
\x19\0\0\0\x01\0\0\0\0\0\0\0\0\0\0\x02\x1c\0\0\0\0\0\0\0\0\0\0\x03\0\0\0\0\x02\
\0\0\0\x04\0\0\0\x01\0\0\0\0\0\0\0\0\0\0\x02\x1e\0\0\0\0\0\0\0\0\0\0\x03\0\0\0\
\0\x02\0\0\0\x04\0\0\0\0\x80\0\0\0\0\0\0\0\0\0\x02\x09\0\0\0\0\0\0\0\0\0\0\x02\
\x21\0\0\0\xce\0\0\0\x03\0\0\x04\x10\0\0\0\xe0\0\0\0\x0d\0\0\0\0\0\0\0\xe4\0\0\
\0\x09\0\0\0\x40\0\0\0\xea\0\0\0\x09\0\0\0\x60\0\0\0\0\0\0\0\x04\0\0\x04\x20\0\
\0\0\x73\0\0\0\x1b\0\0\0\0\0\0\0\x78\0\0\0\x1d\0\0\0\x40\0\0\0\x84\0\0\0\x1f\0\
\0\0\x80\0\0\0\x88\0\0\0\x20\0\0\0\xc0\0\0\0\xf0\0\0\0\0\0\0\x0e\x22\0\0\0\x01\
\0\0\0\0\0\0\0\0\0\0\x02\x25\0\0\0\xff\0\0\0\x01\0\0\x04\x08\0\0\0\x09\x01\0\0\
\x0d\0\0\0\0\0\0\0\0\0\0\0\x04\0\0\x04\x20\0\0\0\x73\0\0\0\x01\0\0\0\0\0\0\0\
\x78\0\0\0\x05\0\0\0\x40\0\0\0\x84\0\0\0\x07\0\0\0\x80\0\0\0\x88\0\0\0\x24\0\0\
\0\xc0\0\0\0\x0e\x01\0\0\0\0\0\x0e\x26\0\0\0\x01\0\0\0\0\0\0\0\0\0\0\x02\x29\0\
\0\0\x1c\x01\0\0\x04\0\0\x04\x40\0\0\0\x36\x01\0\0\x2a\0\0\0\0\0\0\0\x3a\x01\0\
\0\x2d\0\0\0\x40\0\0\0\x3d\x01\0\0\x2f\0\0\0\x80\0\0\0\x42\x01\0\0\x31\0\0\0\0\
\x02\0\0\x49\x01\0\0\x04\0\0\x04\x08\0\0\0\x73\0\0\0\x2b\0\0\0\0\0\0\0\xea\0\0\
\0\x2c\0\0\0\x10\0\0\0\x55\x01\0\0\x2c\0\0\0\x18\0\0\0\x25\0\0\0\x02\0\0\0\x20\
\0\0\0\x63\x01\0\0\0\0\0\x01\x02\0\0\0\x10\0\0\0\x72\x01\0\0\0\0\0\x01\x01\0\0\
\0\x08\0\0\0\x80\x01\0\0\0\0\0\x01\x08\0\0\0\x40\0\0\x01\x85\x01\0\0\0\0\0\x01\
\x08\0\0\0\x40\0\0\0\0\0\0\0\0\0\0\x03\0\0\0\0\x2e\0\0\0\x04\0\0\0\x06\0\0\0\
\x93\x01\0\0\0\0\0\x01\x01\0\0\0\x08\0\0\x01\0\0\0\0\0\0\0\x03\0\0\0\0\x30\0\0\
\0\x04\0\0\0\0\0\0\0\0\0\0\0\x01\0\0\x0d\x02\0\0\0\x98\x01\0\0\x28\0\0\0\x9c\
\x01\0\0\x01\0\0\x0c\x32\0\0\0\0\0\0\0\0\0\0\x02\x35\0\0\0\x1b\x04\0\0\x04\0\0\
\x04\x18\0\0\0\x36\x01\0\0\x2a\0\0\0\0\0\0\0\x3a\x01\0\0\x2d\0\0\0\x40\0\0\0\
\x34\x04\0\0\x2d\0\0\0\x80\0\0\0\x42\x01\0\0\x31\0\0\0\xc0\0\0\0\0\0\0\0\x01\0\
\0\x0d\x02\0\0\0\x98\x01\0\0\x34\0\0\0\x38\x04\0\0\x01\0\0\x0c\x36\0\0\0\0\0\0\
\0\x01\0\0\x0d\x02\0\0\0\x98\x01\0\0\x28\0\0\0\x5c\x08\0\0\x01\0\0\x0c\x38\0\0\
\0\0\0\0\0\x01\0\0\x0d\x02\0\0\0\x98\x01\0\0\x34\0\0\0\xd1\x08\0\0\x01\0\0\x0c\
\x3a\0\0\0\0\0\0\0\0\0\0\x02\x3d\0\0\0\x6a\x09\0\0\x09\0\0\x04\x50\x01\0\0\0\0\
\0\0\x3e\0\0\0\0\0\0\0\x72\x09\0\0\x43\0\0\0\x80\x08\0\0\x7a\x09\0\0\x45\0\0\0\
\xc0\x08\0\0\x84\x09\0\0\x47\0\0\0\xe0\x08\0\0\x8c\x09\0\0\x43\0\0\0\0\x09\0\0\
\x97\x09\0\0\x43\0\0\0\x40\x09\0\0\xa0\x09\0\0\x49\0\0\0\x80\x09\0\0\xab\x09\0\
\0\x43\0\0\0\0\x0a\0\0\xbc\x09\0\0\x43\0\0\0\x40\x0a\0\0\0\0\0\0\x02\0\0\x05\
\x10\x01\0\0\xc5\x09\0\0\x3f\0\0\0\0\0\0\0\0\0\0\0\x42\0\0\0\0\0\0\0\xcf\x09\0\
\0\x04\0\0\x04\x10\x01\0\0\xdc\x09\0\0\x41\0\0\0\0\0\0\0\xe1\x09\0\0\x40\0\0\0\
\xc0\x07\0\0\xe4\x09\0\0\x40\0\0\0\0\x08\0\0\xe7\x09\0\0\x40\0\0\0\x40\x08\0\0\
\x5a\0\0\0\0\0\0\x08\x0e\0\0\0\0\0\0\0\0\0\0\x03\0\0\0\0\x40\0\0\0\x04\0\0\0\
\x1f\0\0\0\0\0\0\0\x04\0\0\x04\x10\x01\0\0\xdc\x09\0\0\x44\0\0\0\0\0\0\0\xe1\
\x09\0\0\x43\0\0\0\xc0\x07\0\0\xe4\x09\0\0\x43\0\0\0\0\x08\0\0\xe7\x09\0\0\x43\
\0\0\0\x40\x08\0\0\xee\x09\0\0\0\0\0\x08\x40\0\0\0\0\0\0\0\0\0\0\x03\0\0\0\0\
\x43\0\0\0\x04\0\0\0\x1f\0\0\0\xf2\x09\0\0\0\0\0\x08\x46\0\0\0\xf6\x09\0\0\0\0\
\0\x08\x02\0\0\0\xfc\x09\0\0\0\0\0\x08\x48\0\0\0\x2d\0\0\0\0\0\0\x08\x0a\0\0\0\
\0\0\0\0\0\0\0\x03\0\0\0\0\x43\0\0\0\x04\0\0\0\x02\0\0\0\0\0\0\0\x01\0\0\x0d\
\x02\0\0\0\x98\x01\0\0\x3c\0\0\0\0\x0a\0\0\x01\0\0\x0c\x4a\0\0\0\0\0\0\0\x01\0\
\0\x0d\x02\0\0\0\x98\x01\0\0\x3c\0\0\0\xe4\x0a\0\0\x01\0\0\x0c\x4c\0\0\0\0\0\0\
\0\x01\0\0\x0d\x02\0\0\0\x98\x01\0\0\x3c\0\0\0\x80\x0c\0\0\x01\0\0\x0c\x4e\0\0\
\0\0\0\0\0\x01\0\0\x0d\x02\0\0\0\x98\x01\0\0\x28\0\0\0\x31\x0d\0\0\x01\0\0\x0c\
\x50\0\0\0\0\0\0\0\x01\0\0\x0d\x02\0\0\0\x98\x01\0\0\x34\0\0\0\xc5\x0e\0\0\x01\
\0\0\x0c\x52\0\0\0\0\0\0\0\0\0\0\x02\x55\0\0\0\x86\x10\0\0\x07\0\0\x04\x28\0\0\
\0\x36\x01\0\0\x2a\0\0\0\0\0\0\0\xa5\x10\0\0\x02\0\0\0\x40\0\0\0\xa9\x10\0\0\
\x02\0\0\0\x60\0\0\0\xaf\x10\0\0\x02\0\0\0\x80\0\0\0\xb4\x10\0\0\x2e\0\0\0\xc0\
\0\0\0\xbf\x10\0\0\x2e\0\0\0\0\x01\0\0\x42\x01\0\0\x31\0\0\0\x40\x01\0\0\0\0\0\
\0\x01\0\0\x0d\x02\0\0\0\x98\x01\0\0\x54\0\0\0\xc8\x10\0\0\x01\0\0\x0c\x56\0\0\
\0\0\0\0\0\0\0\0\x03\0\0\0\0\x30\0\0\0\x04\0\0\0\x0d\0\0\0\xab\x11\0\0\0\0\0\
\x0e\x58\0\0\0\x01\0\0\0\xb3\x11\0\0\0\0\0\x0e\x58\0\0\0\x01\0\0\0\xbc\x11\0\0\
\x05\0\0\x0f\0\0\0\0\x10\0\0\0\0\0\0\0\x20\0\0\0\x14\0\0\0\0\0\0\0\x20\0\0\0\
\x1a\0\0\0\0\0\0\0\x10\0\0\0\x23\0\0\0\0\0\0\0\x20\0\0\0\x27\0\0\0\0\0\0\0\x20\
\0\0\0\xc2\x11\0\0\x02\0\0\x0f\0\0\0\0\x59\0\0\0\0\0\0\0\x0d\0\0\0\x5a\0\0\0\0\
\0\0\0\x0d\0\0\0\0\x69\x6e\x74\0\x5f\x5f\x41\x52\x52\x41\x59\x5f\x53\x49\x5a\
\x45\x5f\x54\x59\x50\x45\x5f\x5f\0\x70\x69\x64\x5f\x74\x69\x64\x5f\x6b\x65\x79\
\0\x70\x69\x64\0\x74\x69\x64\0\x5f\x5f\x75\x33\x32\0\x75\x6e\x73\x69\x67\x6e\
\x65\x64\x20\x69\x6e\x74\0\x69\x6f\x5f\x70\x65\x6e\x64\x69\x6e\x67\x5f\x63\x74\
\x78\0\x66\x64\0\x6c\x65\x6e\0\x62\x75\x66\0\x5f\x5f\x75\x36\x34\0\x75\x6e\x73\
\x69\x67\x6e\x65\x64\x20\x6c\x6f\x6e\x67\x20\x6c\x6f\x6e\x67\0\x74\x79\x70\x65\
\0\x6d\x61\x78\x5f\x65\x6e\x74\x72\x69\x65\x73\0\x6b\x65\x79\0\x76\x61\x6c\x75\
\x65\0\x69\x6f\x5f\x70\x65\x6e\x64\x69\x6e\x67\0\x66\x75\x74\x65\x78\x5f\x63\
\x74\x78\0\x6f\x70\0\x76\x61\x6c\0\x75\x61\x64\x64\x72\0\x66\x75\x74\x65\x78\
\x5f\x70\x65\x6e\x64\x69\x6e\x67\0\x73\x65\x6e\x74\x69\x6e\x65\x6c\x5f\x65\x76\
\x65\x6e\x74\x73\0\x72\x65\x5f\x73\x65\x6e\x74\x69\x6e\x65\x6c\x5f\x73\x74\x61\
\x74\x65\0\x73\x65\x71\0\x64\x72\x6f\x70\x73\0\x66\x6c\x61\x67\x73\0\x73\x65\
\x6e\x74\x69\x6e\x65\x6c\x5f\x73\x74\x61\x74\x65\0\x6d\x75\x74\x65\x78\x5f\x63\
\x74\x78\0\x61\x64\x64\x72\0\x6d\x75\x74\x65\x78\x5f\x70\x65\x6e\x64\x69\x6e\
\x67\0\x74\x72\x61\x63\x65\x5f\x65\x76\x65\x6e\x74\x5f\x72\x61\x77\x5f\x73\x79\
\x73\x5f\x65\x6e\x74\x65\x72\0\x65\x6e\x74\0\x69\x64\0\x61\x72\x67\x73\0\x5f\
\x5f\x64\x61\x74\x61\0\x74\x72\x61\x63\x65\x5f\x65\x6e\x74\x72\x79\0\x70\x72\
\x65\x65\x6d\x70\x74\x5f\x63\x6f\x75\x6e\x74\0\x75\x6e\x73\x69\x67\x6e\x65\x64\
\x20\x73\x68\x6f\x72\x74\0\x75\x6e\x73\x69\x67\x6e\x65\x64\x20\x63\x68\x61\x72\
\0\x6c\x6f\x6e\x67\0\x75\x6e\x73\x69\x67\x6e\x65\x64\x20\x6c\x6f\x6e\x67\0\x63\
\x68\x61\x72\0\x63\x74\x78\0\x74\x70\x5f\x73\x79\x73\x5f\x65\x6e\x74\x65\x72\
\x5f\x72\x65\x61\x64\0\x74\x72\x61\x63\x65\x70\x6f\x69\x6e\x74\x2f\x73\x79\x73\
\x63\x61\x6c\x6c\x73\x2f\x73\x79\x73\x5f\x65\x6e\x74\x65\x72\x5f\x72\x65\x61\
\x64\0\x2f\x55\x73\x65\x72\x73\x2f\x61\x64\x69\x74\x68\x79\x61\x73\x72\x69\x6e\
\x69\x76\x61\x73\x61\x6e\x2f\x50\x72\x6f\x6a\x65\x63\x74\x73\x2f\x61\x69\x2d\
\x63\x6f\x6d\x70\x69\x6c\x65\x72\x2f\x72\x65\x63\x6f\x6d\x70\x69\x6c\x65\x2f\
\x72\x75\x6e\x74\x69\x6d\x65\x2f\x62\x70\x66\x2f\x73\x65\x6e\x74\x69\x6e\x65\
\x6c\x5f\x65\x78\x74\x72\x61\x2e\x62\x70\x66\x2e\x63\0\x69\x6e\x74\x20\x74\x70\
\x5f\x73\x79\x73\x5f\x65\x6e\x74\x65\x72\x5f\x72\x65\x61\x64\x28\x73\x74\x72\
\x75\x63\x74\x20\x74\x72\x61\x63\x65\x5f\x65\x76\x65\x6e\x74\x5f\x72\x61\x77\
\x5f\x73\x79\x73\x5f\x65\x6e\x74\x65\x72\x20\x2a\x63\x74\x78\x29\0\x20\x20\x20\
\x20\x5f\x5f\x75\x36\x34\x20\x70\x69\x64\x5f\x74\x67\x69\x64\x20\x3d\x20\x62\
\x70\x66\x5f\x67\x65\x74\x5f\x63\x75\x72\x72\x65\x6e\x74\x5f\x70\x69\x64\x5f\
\x74\x67\x69\x64\x28\x29\x3b\0\x20\x20\x20\x20\x73\x74\x72\x75\x63\x74\x20\x70\
\x69\x64\x5f\x74\x69\x64\x5f\x6b\x65\x79\x20\x6b\x65\x79\x20\x3d\x20\x7b\0\x20\
\x20\x20\x20\x5f\x5f\x75\x33\x32\x20\x70\x69\x64\x20\x3d\x20\x70\x69\x64\x5f\
\x74\x67\x69\x64\x20\x3e\x3e\x20\x33\x32\x3b\0\x20\x20\x20\x20\x72\x65\x74\x75\
\x72\x6e\x20\x62\x70\x66\x5f\x6d\x61\x70\x5f\x6c\x6f\x6f\x6b\x75\x70\x5f\x65\
\x6c\x65\x6d\x28\x26\x73\x65\x6e\x74\x69\x6e\x65\x6c\x5f\x73\x74\x61\x74\x65\
\x2c\x20\x26\x70\x69\x64\x29\x3b\0\x20\x20\x20\x20\x69\x66\x20\x28\x21\x73\x74\
\x20\x7c\x7c\x20\x21\x28\x73\x74\x2d\x3e\x66\x6c\x61\x67\x73\x20\x26\x20\x52\
\x45\x5f\x53\x45\x4e\x54\x49\x4e\x45\x4c\x5f\x53\x54\x41\x54\x45\x5f\x41\x52\
\x4d\x45\x44\x29\x29\0\x30\x3a\x32\x3a\x30\0\x20\x20\x20\x20\x20\x20\x20\x20\
\x2e\x66\x64\x20\x3d\x20\x28\x5f\x5f\x75\x33\x32\x29\x63\x74\x78\x2d\x3e\x61\
\x72\x67\x73\x5b\x30\x5d\x2c\0\x20\x20\x20\x20\x73\x74\x72\x75\x63\x74\x20\x69\
\x6f\x5f\x70\x65\x6e\x64\x69\x6e\x67\x5f\x63\x74\x78\x20\x70\x65\x6e\x64\x69\
\x6e\x67\x20\x3d\x20\x7b\0\x30\x3a\x32\x3a\x32\0\x20\x20\x20\x20\x20\x20\x20\
\x20\x2e\x6c\x65\x6e\x20\x3d\x20\x63\x74\x78\x2d\x3e\x61\x72\x67\x73\x5b\x32\
\x5d\x2c\0\x30\x3a\x32\x3a\x31\0\x20\x20\x20\x20\x20\x20\x20\x20\x2e\x62\x75\
\x66\x20\x3d\x20\x63\x74\x78\x2d\x3e\x61\x72\x67\x73\x5b\x31\x5d\x2c\0\x20\x20\
\x20\x20\x62\x70\x66\x5f\x6d\x61\x70\x5f\x75\x70\x64\x61\x74\x65\x5f\x65\x6c\
\x65\x6d\x28\x26\x69\x6f\x5f\x70\x65\x6e\x64\x69\x6e\x67\x2c\x20\x26\x6b\x65\
\x79\x2c\x20\x26\x70\x65\x6e\x64\x69\x6e\x67\x2c\x20\x42\x50\x46\x5f\x41\x4e\
\x59\x29\x3b\0\x7d\0\x74\x72\x61\x63\x65\x5f\x65\x76\x65\x6e\x74\x5f\x72\x61\
\x77\x5f\x73\x79\x73\x5f\x65\x78\x69\x74\0\x72\x65\x74\0\x74\x70\x5f\x73\x79\
\x73\x5f\x65\x78\x69\x74\x5f\x72\x65\x61\x64\0\x74\x72\x61\x63\x65\x70\x6f\x69\
\x6e\x74\x2f\x73\x79\x73\x63\x61\x6c\x6c\x73\x2f\x73\x79\x73\x5f\x65\x78\x69\
\x74\x5f\x72\x65\x61\x64\0\x69\x6e\x74\x20\x74\x70\x5f\x73\x79\x73\x5f\x65\x78\
\x69\x74\x5f\x72\x65\x61\x64\x28\x73\x74\x72\x75\x63\x74\x20\x74\x72\x61\x63\
\x65\x5f\x65\x76\x65\x6e\x74\x5f\x72\x61\x77\x5f\x73\x79\x73\x5f\x65\x78\x69\
\x74\x20\x2a\x63\x74\x78\x29\0\x20\x20\x20\x20\x73\x74\x72\x75\x63\x74\x20\x69\
\x6f\x5f\x70\x65\x6e\x64\x69\x6e\x67\x5f\x63\x74\x78\x20\x2a\x69\x6e\x66\x6f\
\x20\x3d\x20\x62\x70\x66\x5f\x6d\x61\x70\x5f\x6c\x6f\x6f\x6b\x75\x70\x5f\x65\
\x6c\x65\x6d\x28\x26\x69\x6f\x5f\x70\x65\x6e\x64\x69\x6e\x67\x2c\x20\x26\x6b\
\x65\x79\x29\x3b\0\x20\x20\x20\x20\x69\x66\x20\x28\x21\x69\x6e\x66\x6f\x29\0\
\x20\x20\x20\x20\x73\x74\x72\x75\x63\x74\x20\x72\x65\x5f\x73\x65\x6e\x74\x69\
\x6e\x65\x6c\x5f\x65\x76\x65\x6e\x74\x20\x2a\x65\x76\x74\x20\x3d\x20\x62\x70\
\x66\x5f\x72\x69\x6e\x67\x62\x75\x66\x5f\x72\x65\x73\x65\x72\x76\x65\x28\x26\
\x73\x65\x6e\x74\x69\x6e\x65\x6c\x5f\x65\x76\x65\x6e\x74\x73\x2c\x20\x73\x69\
\x7a\x65\x6f\x66\x28\x2a\x65\x76\x74\x29\x2c\x20\x30\x29\x3b\0\x20\x20\x20\x20\
\x69\x66\x20\x28\x21\x65\x76\x74\x29\x20\x7b\0\x20\x20\x20\x20\x20\x20\x20\x20\
\x73\x74\x2d\x3e\x64\x72\x6f\x70\x73\x20\x2b\x3d\x20\x31\x3b\0\x20\x20\x20\x20\
\x20\x20\x20\x20\x72\x65\x74\x75\x72\x6e\x20\x30\x3b\0\x20\x20\x20\x20\x65\x76\
\x74\x2d\x3e\x74\x69\x64\x20\x3d\x20\x74\x69\x64\x3b\0\x20\x20\x20\x20\x65\x76\
\x74\x2d\x3e\x70\x69\x64\x20\x3d\x20\x70\x69\x64\x3b\0\x20\x20\x20\x20\x65\x76\
\x74\x2d\x3e\x76\x65\x72\x73\x69\x6f\x6e\x20\x3d\x20\x52\x45\x5f\x53\x45\x4e\
\x54\x49\x4e\x45\x4c\x5f\x45\x56\x45\x4e\x54\x5f\x56\x45\x52\x53\x49\x4f\x4e\
\x3b\0\x20\x20\x20\x20\x65\x76\x74\x2d\x3e\x73\x74\x61\x63\x6b\x5f\x66\x70\x20\
\x3d\x20\x30\x3b\0\x20\x20\x20\x20\x65\x76\x74\x2d\x3e\x73\x69\x74\x65\x5f\x69\
\x64\x20\x3d\x20\x30\x3b\0\x20\x20\x20\x20\x65\x76\x74\x2d\x3e\x64\x72\x6f\x70\
\x5f\x63\x6f\x75\x6e\x74\x20\x3d\x20\x73\x74\x2d\x3e\x64\x72\x6f\x70\x73\x3b\0\
\x20\x20\x20\x20\x73\x74\x2d\x3e\x64\x72\x6f\x70\x73\x20\x3d\x20\x30\x3b\0\x20\
\x20\x20\x20\x65\x76\x74\x2d\x3e\x61\x6c\x6c\x6f\x63\x5f\x73\x69\x7a\x65\x20\
\x3d\x20\x30\x3b\0\x20\x20\x20\x20\x65\x76\x74\x2d\x3e\x6c\x65\x6e\x20\x3d\x20\
\x30\x3b\0\x20\x20\x20\x20\x65\x76\x74\x2d\x3e\x65\x72\x72\x6e\x6f\x5f\x63\x6f\
\x64\x65\x20\x3d\x20\x30\x3b\0\x20\x20\x20\x20\x65\x76\x74\x2d\x3e\x73\x65\x71\
\x20\x3d\x20\x73\x74\x2d\x3e\x73\x65\x71\x20\x2b\x20\x31\x3b\0\x20\x20\x20\x20\
\x73\x74\x2d\x3e\x73\x65\x71\x20\x3d\x20\x65\x76\x74\x2d\x3e\x73\x65\x71\x3b\0\
\x20\x20\x20\x20\x65\x76\x74\x2d\x3e\x74\x73\x5f\x6e\x73\x20\x3d\x20\x62\x70\
\x66\x5f\x6b\x74\x69\x6d\x65\x5f\x67\x65\x74\x5f\x6e\x73\x28\x29\x3b\0\x20\x20\
\x20\x20\x65\x76\x74\x2d\x3e\x6c\x6f\x63\x6b\x5f\x61\x64\x64\x72\x20\x3d\x20\
\x30\x3b\0\x20\x20\x20\x20\x65\x76\x74\x2d\x3e\x74\x79\x70\x65\x20\x3d\x20\x52\
\x45\x5f\x53\x45\x4e\x54\x49\x4e\x45\x4c\x5f\x54\x59\x50\x45\x5f\x52\x45\x41\
\x44\x3b\0\x20\x20\x20\x20\x65\x76\x74\x2d\x3e\x66\x64\x20\x3d\x20\x28\x5f\x5f\
\x73\x33\x32\x29\x69\x6e\x66\x6f\x2d\x3e\x66\x64\x3b\0\x20\x20\x20\x20\x65\x76\
\x74\x2d\x3e\x6c\x65\x6e\x20\x3d\x20\x73\x61\x74\x75\x72\x61\x74\x65\x5f\x75\
\x33\x32\x28\x69\x6e\x66\x6f\x2d\x3e\x6c\x65\x6e\x29\x3b\0\x20\x20\x20\x20\x72\
\x65\x74\x75\x72\x6e\x20\x76\x61\x6c\x75\x65\x20\x3e\x20\x28\x5f\x5f\x75\x36\
\x34\x29\x30\x78\x66\x66\x66\x66\x66\x66\x66\x66\x20\x3f\x20\x28\x5f\x5f\x75\
\x33\x32\x29\x30\x78\x66\x66\x66\x66\x66\x66\x66\x66\x20\x3a\x20\x28\x5f\x5f\
\x75\x33\x32\x29\x76\x61\x6c\x75\x65\x3b\0\x20\x20\x20\x20\x65\x76\x74\x2d\x3e\
\x61\x64\x64\x72\x20\x3d\x20\x69\x6e\x66\x6f\x2d\x3e\x62\x75\x66\x3b\0\x30\x3a\
\x32\0\x20\x20\x20\x20\x65\x76\x74\x2d\x3e\x62\x79\x74\x65\x73\x5f\x72\x65\x74\
\x20\x3d\x20\x63\x74\x78\x2d\x3e\x72\x65\x74\x3b\0\x20\x20\x20\x20\x69\x66\x20\
\x28\x63\x74\x78\x2d\x3e\x72\x65\x74\x20\x3c\x20\x30\x29\0\x20\x20\x20\x20\x20\
\x20\x20\x20\x65\x76\x74\x2d\x3e\x65\x72\x72\x6e\x6f\x5f\x63\x6f\x64\x65\x20\
\x3d\x20\x28\x69\x6e\x74\x29\x28\x2d\x63\x74\x78\x2d\x3e\x72\x65\x74\x29\x3b\0\
\x20\x20\x20\x20\x20\x20\x20\x20\x62\x70\x66\x5f\x72\x69\x6e\x67\x62\x75\x66\
\x5f\x73\x75\x62\x6d\x69\x74\x28\x65\x76\x74\x2c\x20\x30\x29\x3b\0\x74\x70\x5f\
\x73\x79\x73\x5f\x65\x6e\x74\x65\x72\x5f\x77\x72\x69\x74\x65\0\x74\x72\x61\x63\
\x65\x70\x6f\x69\x6e\x74\x2f\x73\x79\x73\x63\x61\x6c\x6c\x73\x2f\x73\x79\x73\
\x5f\x65\x6e\x74\x65\x72\x5f\x77\x72\x69\x74\x65\0\x69\x6e\x74\x20\x74\x70\x5f\
\x73\x79\x73\x5f\x65\x6e\x74\x65\x72\x5f\x77\x72\x69\x74\x65\x28\x73\x74\x72\
\x75\x63\x74\x20\x74\x72\x61\x63\x65\x5f\x65\x76\x65\x6e\x74\x5f\x72\x61\x77\
\x5f\x73\x79\x73\x5f\x65\x6e\x74\x65\x72\x20\x2a\x63\x74\x78\x29\0\x74\x70\x5f\
\x73\x79\x73\x5f\x65\x78\x69\x74\x5f\x77\x72\x69\x74\x65\0\x74\x72\x61\x63\x65\
\x70\x6f\x69\x6e\x74\x2f\x73\x79\x73\x63\x61\x6c\x6c\x73\x2f\x73\x79\x73\x5f\
\x65\x78\x69\x74\x5f\x77\x72\x69\x74\x65\0\x69\x6e\x74\x20\x74\x70\x5f\x73\x79\
\x73\x5f\x65\x78\x69\x74\x5f\x77\x72\x69\x74\x65\x28\x73\x74\x72\x75\x63\x74\
\x20\x74\x72\x61\x63\x65\x5f\x65\x76\x65\x6e\x74\x5f\x72\x61\x77\x5f\x73\x79\
\x73\x5f\x65\x78\x69\x74\x20\x2a\x63\x74\x78\x29\0\x20\x20\x20\x20\x65\x76\x74\
\x2d\x3e\x74\x79\x70\x65\x20\x3d\x20\x52\x45\x5f\x53\x45\x4e\x54\x49\x4e\x45\
\x4c\x5f\x54\x59\x50\x45\x5f\x57\x52\x49\x54\x45\x3b\0\x70\x74\x5f\x72\x65\x67\
\x73\0\x6f\x72\x69\x67\x5f\x78\x30\0\x73\x79\x73\x63\x61\x6c\x6c\x6e\x6f\0\x75\
\x6e\x75\x73\x65\x64\x32\0\x73\x64\x65\x69\x5f\x74\x74\x62\x72\x31\0\x70\x6d\
\x72\x5f\x73\x61\x76\x65\0\x73\x74\x61\x63\x6b\x66\x72\x61\x6d\x65\0\x6c\x6f\
\x63\x6b\x64\x65\x70\x5f\x68\x61\x72\x64\x69\x72\x71\x73\0\x65\x78\x69\x74\x5f\
\x72\x63\x75\0\x75\x73\x65\x72\x5f\x72\x65\x67\x73\0\x75\x73\x65\x72\x5f\x70\
\x74\x5f\x72\x65\x67\x73\0\x72\x65\x67\x73\0\x73\x70\0\x70\x63\0\x70\x73\x74\
\x61\x74\x65\0\x75\x36\x34\0\x73\x33\x32\0\x5f\x5f\x73\x33\x32\0\x75\x33\x32\0\
\x75\x5f\x6d\x75\x74\x65\x78\x5f\x6c\x6f\x63\x6b\x5f\x65\x6e\x74\x65\x72\0\x75\
\x70\x72\x6f\x62\x65\x2f\x70\x74\x68\x72\x65\x61\x64\x5f\x6d\x75\x74\x65\x78\
\x5f\x6c\x6f\x63\x6b\0\x69\x6e\x74\x20\x42\x50\x46\x5f\x4b\x50\x52\x4f\x42\x45\
\x28\x75\x5f\x6d\x75\x74\x65\x78\x5f\x6c\x6f\x63\x6b\x5f\x65\x6e\x74\x65\x72\
\x29\0\x30\x3a\x30\x3a\x30\0\x20\x20\x20\x20\x20\x20\x20\x20\x2e\x61\x64\x64\
\x72\x20\x3d\x20\x28\x5f\x5f\x75\x36\x34\x29\x50\x54\x5f\x52\x45\x47\x53\x5f\
\x50\x41\x52\x4d\x31\x28\x63\x74\x78\x29\x2c\0\x20\x20\x20\x20\x73\x74\x72\x75\
\x63\x74\x20\x6d\x75\x74\x65\x78\x5f\x63\x74\x78\x20\x70\x65\x6e\x64\x69\x6e\
\x67\x20\x3d\x20\x7b\0\x20\x20\x20\x20\x62\x70\x66\x5f\x6d\x61\x70\x5f\x75\x70\
\x64\x61\x74\x65\x5f\x65\x6c\x65\x6d\x28\x26\x6d\x75\x74\x65\x78\x5f\x70\x65\
\x6e\x64\x69\x6e\x67\x2c\x20\x26\x6b\x65\x79\x2c\x20\x26\x70\x65\x6e\x64\x69\
\x6e\x67\x2c\x20\x42\x50\x46\x5f\x41\x4e\x59\x29\x3b\0\x75\x5f\x6d\x75\x74\x65\
\x78\x5f\x6c\x6f\x63\x6b\x5f\x65\x78\x69\x74\0\x75\x72\x65\x74\x70\x72\x6f\x62\
\x65\x2f\x70\x74\x68\x72\x65\x61\x64\x5f\x6d\x75\x74\x65\x78\x5f\x6c\x6f\x63\
\x6b\0\x69\x6e\x74\x20\x42\x50\x46\x5f\x4b\x52\x45\x54\x50\x52\x4f\x42\x45\x28\
\x75\x5f\x6d\x75\x74\x65\x78\x5f\x6c\x6f\x63\x6b\x5f\x65\x78\x69\x74\x29\0\x20\
\x20\x20\x20\x6c\x6f\x6e\x67\x20\x72\x65\x74\x20\x3d\x20\x50\x54\x5f\x52\x45\
\x47\x53\x5f\x52\x43\x28\x63\x74\x78\x29\x3b\0\x20\x20\x20\x20\x69\x66\x20\x28\
\x72\x65\x74\x20\x21\x3d\x20\x30\x29\0\x20\x20\x20\x20\x73\x74\x72\x75\x63\x74\
\x20\x6d\x75\x74\x65\x78\x5f\x63\x74\x78\x20\x2a\x70\x65\x6e\x64\x69\x6e\x67\
\x20\x3d\x20\x62\x70\x66\x5f\x6d\x61\x70\x5f\x6c\x6f\x6f\x6b\x75\x70\x5f\x65\
\x6c\x65\x6d\x28\x26\x6d\x75\x74\x65\x78\x5f\x70\x65\x6e\x64\x69\x6e\x67\x2c\
\x20\x26\x6b\x65\x79\x29\x3b\0\x20\x20\x20\x20\x69\x66\x20\x28\x21\x70\x65\x6e\
\x64\x69\x6e\x67\x29\0\x20\x20\x20\x20\x69\x66\x20\x28\x21\x65\x76\x74\x29\0\
\x20\x20\x20\x20\x65\x76\x74\x2d\x3e\x6c\x6f\x63\x6b\x5f\x6b\x69\x6e\x64\x20\
\x3d\x20\x52\x45\x5f\x53\x45\x4e\x54\x49\x4e\x45\x4c\x5f\x4c\x4f\x43\x4b\x5f\
\x4d\x55\x54\x45\x58\x3b\0\x20\x20\x20\x20\x65\x76\x74\x2d\x3e\x74\x79\x70\x65\
\x20\x3d\x20\x52\x45\x5f\x53\x45\x4e\x54\x49\x4e\x45\x4c\x5f\x54\x59\x50\x45\
\x5f\x4c\x4f\x43\x4b\x5f\x41\x43\x51\x3b\0\x20\x20\x20\x20\x65\x76\x74\x2d\x3e\
\x6c\x6f\x63\x6b\x5f\x61\x64\x64\x72\x20\x3d\x20\x70\x65\x6e\x64\x69\x6e\x67\
\x2d\x3e\x61\x64\x64\x72\x3b\0\x20\x20\x20\x20\x62\x70\x66\x5f\x6d\x61\x70\x5f\
\x64\x65\x6c\x65\x74\x65\x5f\x65\x6c\x65\x6d\x28\x26\x6d\x75\x74\x65\x78\x5f\
\x70\x65\x6e\x64\x69\x6e\x67\x2c\x20\x26\x6b\x65\x79\x29\x3b\0\x75\x5f\x6d\x75\
\x74\x65\x78\x5f\x75\x6e\x6c\x6f\x63\x6b\x5f\x65\x6e\x74\x65\x72\0\x75\x70\x72\
\x6f\x62\x65\x2f\x70\x74\x68\x72\x65\x61\x64\x5f\x6d\x75\x74\x65\x78\x5f\x75\
\x6e\x6c\x6f\x63\x6b\0\x69\x6e\x74\x20\x42\x50\x46\x5f\x4b\x50\x52\x4f\x42\x45\
\x28\x75\x5f\x6d\x75\x74\x65\x78\x5f\x75\x6e\x6c\x6f\x63\x6b\x5f\x65\x6e\x74\
\x65\x72\x29\0\x20\x20\x20\x20\x65\x76\x74\x2d\x3e\x74\x79\x70\x65\x20\x3d\x20\
\x52\x45\x5f\x53\x45\x4e\x54\x49\x4e\x45\x4c\x5f\x54\x59\x50\x45\x5f\x4c\x4f\
\x43\x4b\x5f\x52\x45\x4c\x3b\0\x20\x20\x20\x20\x65\x76\x74\x2d\x3e\x6c\x6f\x63\
\x6b\x5f\x61\x64\x64\x72\x20\x3d\x20\x28\x5f\x5f\x75\x36\x34\x29\x50\x54\x5f\
\x52\x45\x47\x53\x5f\x50\x41\x52\x4d\x31\x28\x63\x74\x78\x29\x3b\0\x74\x70\x5f\
\x73\x79\x73\x5f\x65\x6e\x74\x65\x72\x5f\x66\x75\x74\x65\x78\0\x74\x72\x61\x63\
\x65\x70\x6f\x69\x6e\x74\x2f\x73\x79\x73\x63\x61\x6c\x6c\x73\x2f\x73\x79\x73\
\x5f\x65\x6e\x74\x65\x72\x5f\x66\x75\x74\x65\x78\0\x69\x6e\x74\x20\x74\x70\x5f\
\x73\x79\x73\x5f\x65\x6e\x74\x65\x72\x5f\x66\x75\x74\x65\x78\x28\x73\x74\x72\
\x75\x63\x74\x20\x74\x72\x61\x63\x65\x5f\x65\x76\x65\x6e\x74\x5f\x72\x61\x77\
\x5f\x73\x79\x73\x5f\x65\x6e\x74\x65\x72\x20\x2a\x63\x74\x78\x29\0\x20\x20\x20\
\x20\x5f\x5f\x75\x33\x32\x20\x6f\x70\x20\x3d\x20\x28\x5f\x5f\x75\x33\x32\x29\
\x63\x74\x78\x2d\x3e\x61\x72\x67\x73\x5b\x31\x5d\x3b\0\x20\x20\x20\x20\x5f\x5f\
\x75\x33\x32\x20\x63\x6d\x64\x20\x3d\x20\x6f\x70\x20\x26\x20\x46\x55\x54\x45\
\x58\x5f\x43\x4d\x44\x5f\x4d\x41\x53\x4b\x3b\0\x20\x20\x20\x20\x69\x66\x20\x28\
\x63\x6d\x64\x20\x21\x3d\x20\x46\x55\x54\x45\x58\x5f\x57\x41\x49\x54\x20\x26\
\x26\x20\x63\x6d\x64\x20\x21\x3d\x20\x46\x55\x54\x45\x58\x5f\x57\x41\x4b\x45\
\x29\0\x20\x20\x20\x20\x73\x74\x72\x75\x63\x74\x20\x66\x75\x74\x65\x78\x5f\x63\
\x74\x78\x20\x70\x65\x6e\x64\x69\x6e\x67\x20\x3d\x20\x7b\0\x20\x20\x20\x20\x20\
\x20\x20\x20\x2e\x76\x61\x6c\x20\x3d\x20\x28\x5f\x5f\x75\x33\x32\x29\x63\x74\
\x78\x2d\x3e\x61\x72\x67\x73\x5b\x32\x5d\x2c\0\x20\x20\x20\x20\x20\x20\x20\x20\
\x2e\x75\x61\x64\x64\x72\x20\x3d\x20\x63\x74\x78\x2d\x3e\x61\x72\x67\x73\x5b\
\x30\x5d\x2c\0\x20\x20\x20\x20\x62\x70\x66\x5f\x6d\x61\x70\x5f\x75\x70\x64\x61\
\x74\x65\x5f\x65\x6c\x65\x6d\x28\x26\x66\x75\x74\x65\x78\x5f\x70\x65\x6e\x64\
\x69\x6e\x67\x2c\x20\x26\x6b\x65\x79\x2c\x20\x26\x70\x65\x6e\x64\x69\x6e\x67\
\x2c\x20\x42\x50\x46\x5f\x41\x4e\x59\x29\x3b\0\x74\x70\x5f\x73\x79\x73\x5f\x65\
\x78\x69\x74\x5f\x66\x75\x74\x65\x78\0\x74\x72\x61\x63\x65\x70\x6f\x69\x6e\x74\
\x2f\x73\x79\x73\x63\x61\x6c\x6c\x73\x2f\x73\x79\x73\x5f\x65\x78\x69\x74\x5f\
\x66\x75\x74\x65\x78\0\x69\x6e\x74\x20\x74\x70\x5f\x73\x79\x73\x5f\x65\x78\x69\
\x74\x5f\x66\x75\x74\x65\x78\x28\x73\x74\x72\x75\x63\x74\x20\x74\x72\x61\x63\
\x65\x5f\x65\x76\x65\x6e\x74\x5f\x72\x61\x77\x5f\x73\x79\x73\x5f\x65\x78\x69\
\x74\x20\x2a\x63\x74\x78\x29\0\x20\x20\x20\x20\x73\x74\x72\x75\x63\x74\x20\x66\
\x75\x74\x65\x78\x5f\x63\x74\x78\x20\x2a\x69\x6e\x66\x6f\x20\x3d\x20\x62\x70\
\x66\x5f\x6d\x61\x70\x5f\x6c\x6f\x6f\x6b\x75\x70\x5f\x65\x6c\x65\x6d\x28\x26\
\x66\x75\x74\x65\x78\x5f\x70\x65\x6e\x64\x69\x6e\x67\x2c\x20\x26\x6b\x65\x79\
\x29\x3b\0\x20\x20\x20\x20\x5f\x5f\x75\x33\x32\x20\x63\x6d\x64\x20\x3d\x20\x69\
\x6e\x66\x6f\x2d\x3e\x6f\x70\x20\x26\x20\x46\x55\x54\x45\x58\x5f\x43\x4d\x44\
\x5f\x4d\x41\x53\x4b\x3b\0\x20\x20\x20\x20\x69\x66\x20\x28\x63\x6d\x64\x20\x3d\
\x3d\x20\x46\x55\x54\x45\x58\x5f\x57\x41\x49\x54\x29\0\x20\x20\x20\x20\x65\x76\
\x74\x2d\x3e\x6c\x6f\x63\x6b\x5f\x6b\x69\x6e\x64\x20\x3d\x20\x52\x45\x5f\x53\
\x45\x4e\x54\x49\x4e\x45\x4c\x5f\x4c\x4f\x43\x4b\x5f\x46\x55\x54\x45\x58\x3b\0\
\x20\x20\x20\x20\x65\x76\x74\x2d\x3e\x74\x79\x70\x65\x20\x3d\x20\x65\x76\x65\
\x6e\x74\x5f\x74\x79\x70\x65\x3b\0\x20\x20\x20\x20\x65\x76\x74\x2d\x3e\x6c\x6f\
\x63\x6b\x5f\x61\x64\x64\x72\x20\x3d\x20\x69\x6e\x66\x6f\x2d\x3e\x75\x61\x64\
\x64\x72\x3b\0\x20\x20\x20\x20\x65\x76\x74\x2d\x3e\x6c\x65\x6e\x20\x3d\x20\x69\
\x6e\x66\x6f\x2d\x3e\x76\x61\x6c\x3b\0\x20\x20\x20\x20\x62\x70\x66\x5f\x6d\x61\
\x70\x5f\x64\x65\x6c\x65\x74\x65\x5f\x65\x6c\x65\x6d\x28\x26\x66\x75\x74\x65\
\x78\x5f\x70\x65\x6e\x64\x69\x6e\x67\x2c\x20\x26\x6b\x65\x79\x29\x3b\0\x20\x20\
\x20\x20\x72\x65\x74\x75\x72\x6e\x20\x30\x3b\0\x74\x72\x61\x63\x65\x5f\x65\x76\
\x65\x6e\x74\x5f\x72\x61\x77\x5f\x73\x69\x67\x6e\x61\x6c\x5f\x64\x65\x6c\x69\
\x76\x65\x72\0\x73\x69\x67\0\x65\x72\x72\x6e\x6f\0\x63\x6f\x64\x65\0\x73\x61\
\x5f\x68\x61\x6e\x64\x6c\x65\x72\0\x73\x61\x5f\x66\x6c\x61\x67\x73\0\x74\x70\
\x5f\x73\x69\x67\x6e\x61\x6c\x5f\x64\x65\x6c\x69\x76\x65\x72\0\x74\x72\x61\x63\
\x65\x70\x6f\x69\x6e\x74\x2f\x73\x69\x67\x6e\x61\x6c\x2f\x73\x69\x67\x6e\x61\
\x6c\x5f\x64\x65\x6c\x69\x76\x65\x72\0\x69\x6e\x74\x20\x74\x70\x5f\x73\x69\x67\
\x6e\x61\x6c\x5f\x64\x65\x6c\x69\x76\x65\x72\x28\x73\x74\x72\x75\x63\x74\x20\
\x74\x72\x61\x63\x65\x5f\x65\x76\x65\x6e\x74\x5f\x72\x61\x77\x5f\x73\x69\x67\
\x6e\x61\x6c\x5f\x64\x65\x6c\x69\x76\x65\x72\x20\x2a\x63\x74\x78\x29\0\x20\x20\
\x20\x20\x65\x76\x74\x2d\x3e\x74\x79\x70\x65\x20\x3d\x20\x52\x45\x5f\x53\x45\
\x4e\x54\x49\x4e\x45\x4c\x5f\x54\x59\x50\x45\x5f\x53\x49\x47\x4e\x41\x4c\x5f\
\x45\x4e\x54\x45\x52\x3b\0\x30\x3a\x31\0\x20\x20\x20\x20\x65\x76\x74\x2d\x3e\
\x6c\x65\x6e\x20\x3d\x20\x63\x74\x78\x2d\x3e\x73\x69\x67\x3b\0\x20\x20\x20\x20\
\x65\x76\x74\x2d\x3e\x65\x72\x72\x6e\x6f\x5f\x63\x6f\x64\x65\x20\x3d\x20\x63\
\x74\x78\x2d\x3e\x65\x72\x72\x6e\x6f\x3b\0\x4c\x49\x43\x45\x4e\x53\x45\0\x5f\
\x6c\x69\x63\x65\x6e\x73\x65\0\x2e\x6d\x61\x70\x73\0\x6c\x69\x63\x65\x6e\x73\
\x65\0\0\0\x9f\xeb\x01\0\x20\0\0\0\0\0\0\0\xa4\0\0\0\xa4\0\0\0\x84\x15\0\0\x28\
\x16\0\0\xc4\x01\0\0\x08\0\0\0\xae\x01\0\0\x01\0\0\0\0\0\0\0\x33\0\0\0\x49\x04\
\0\0\x01\0\0\0\0\0\0\0\x37\0\0\0\x6f\x08\0\0\x01\0\0\0\0\0\0\0\x39\0\0\0\xe3\
\x08\0\0\x01\0\0\0\0\0\0\0\x3b\0\0\0\x13\x0a\0\0\x01\0\0\0\0\0\0\0\x4b\0\0\0\
\xf6\x0a\0\0\x01\0\0\0\0\0\0\0\x4d\0\0\0\x95\x0c\0\0\x01\0\0\0\0\0\0\0\x4f\0\0\
\0\x44\x0d\0\0\x01\0\0\0\0\0\0\0\x51\0\0\0\xd7\x0e\0\0\x01\0\0\0\0\0\0\0\x53\0\
\0\0\xda\x10\0\0\x01\0\0\0\0\0\0\0\x57\0\0\0\x10\0\0\0\xae\x01\0\0\x12\0\0\0\0\
\0\0\0\xd1\x01\0\0\x2a\x02\0\0\0\x30\x02\0\x08\0\0\0\xd1\x01\0\0\x67\x02\0\0\
\x16\x38\x02\0\x10\0\0\0\xd1\x01\0\0\x98\x02\0\0\x1e\x40\x02\0\x18\0\0\0\xd1\
\x01\0\0\xb7\x02\0\0\x1a\x3c\x02\0\x20\0\0\0\xd1\x01\0\0\x98\x02\0\0\x1e\x40\
\x02\0\x40\0\0\0\xd1\x01\0\0\xd7\x02\0\0\x0c\x60\x01\0\x58\0\0\0\xd1\x01\0\0\
\x0e\x03\0\0\x0d\x54\x02\0\x60\0\0\0\xd1\x01\0\0\x0e\x03\0\0\x16\x54\x02\0\x68\
\0\0\0\xd1\x01\0\0\x0e\x03\0\0\x1c\x54\x02\0\x70\0\0\0\xd1\x01\0\0\x0e\x03\0\0\
\x0d\x54\x02\0\x78\0\0\0\xd1\x01\0\0\x4b\x03\0\0\x16\x64\x02\0\x88\0\0\0\xd1\
\x01\0\0\x6e\x03\0\0\x25\x60\x02\0\x98\0\0\0\xd1\x01\0\0\x9a\x03\0\0\x10\x68\
\x02\0\xa0\0\0\0\xd1\x01\0\0\x6e\x03\0\0\x25\x60\x02\0\xa8\0\0\0\xd1\x01\0\0\
\xbd\x03\0\0\x10\x6c\x02\0\xb0\0\0\0\xd1\x01\0\0\x6e\x03\0\0\x25\x60\x02\0\xd8\
\0\0\0\xd1\x01\0\0\xda\x03\0\0\x05\x74\x02\0\xf8\0\0\0\xd1\x01\0\0\x19\x04\0\0\
\x01\x7c\x02\0\x49\x04\0\0\x32\0\0\0\0\0\0\0\xd1\x01\0\0\x6b\x04\0\0\0\x88\x02\
\0\x08\0\0\0\xd1\x01\0\0\x67\x02\0\0\x16\x90\x02\0\x18\0\0\0\xd1\x01\0\0\xb7\
\x02\0\0\x1a\x94\x02\0\x40\0\0\0\xd1\x01\0\0\xd7\x02\0\0\x0c\x60\x01\0\x58\0\0\
\0\xd1\x01\0\0\x0e\x03\0\0\x0d\x9c\x02\0\x60\0\0\0\xd1\x01\0\0\x0e\x03\0\0\x16\
\x9c\x02\0\x68\0\0\0\xd1\x01\0\0\x0e\x03\0\0\x1c\x9c\x02\0\x70\0\0\0\xd1\x01\0\
\0\x0e\x03\0\0\x0d\x9c\x02\0\x88\0\0\0\xd1\x01\0\0\x98\x02\0\0\x1e\xa8\x02\0\
\xa8\0\0\0\xd1\x01\0\0\xa6\x04\0\0\x23\xbc\x02\0\xc8\0\0\0\xd1\x01\0\0\xf0\x04\
\0\0\x09\xc0\x02\0\xd0\0\0\0\xd1\x01\0\0\xff\x04\0\0\x25\x8c\x01\0\0\x01\0\0\
\xd1\x01\0\0\x5b\x05\0\0\x09\x90\x01\0\x10\x01\0\0\xd1\x01\0\0\x6b\x05\0\0\x13\
\x94\x01\0\x28\x01\0\0\xd1\x01\0\0\x83\x05\0\0\x09\xd8\x02\0\x30\x01\0\0\xd1\
\x01\0\0\x95\x05\0\0\x0e\xb8\x01\0\x38\x01\0\0\xd1\x01\0\0\xa9\x05\0\0\x0e\xb4\
\x01\0\x48\x01\0\0\xd1\x01\0\0\xbd\x05\0\0\x12\xa4\x01\0\x58\x01\0\0\xd1\x01\0\
\0\xeb\x05\0\0\x13\xc4\x01\0\x70\x01\0\0\xd1\x01\0\0\x02\x06\0\0\x12\xbc\x01\0\
\x80\x01\0\0\xd1\x01\0\0\x18\x06\0\0\x1b\xcc\x01\0\x88\x01\0\0\xd1\x01\0\0\x18\
\x06\0\0\x15\xcc\x01\0\x98\x01\0\0\xd1\x01\0\0\x39\x06\0\0\x0f\xd0\x01\0\xa0\
\x01\0\0\xd1\x01\0\0\x4c\x06\0\0\x15\xd8\x01\0\xa8\x01\0\0\xd1\x01\0\0\x65\x06\
\0\0\x0e\xd4\x01\0\xb0\x01\0\0\xd1\x01\0\0\x77\x06\0\0\x15\xe4\x01\0\xc0\x01\0\
\0\xd1\x01\0\0\x90\x06\0\0\x14\xec\x01\0\xc8\x01\0\0\xd1\x01\0\0\x90\x06\0\0\
\x18\xec\x01\0\xd0\x01\0\0\xd1\x01\0\0\x90\x06\0\0\x0e\xec\x01\0\xd8\x01\0\0\
\xd1\x01\0\0\xac\x06\0\0\x0d\xf0\x01\0\xe0\x01\0\0\xd1\x01\0\0\xc4\x06\0\0\x12\
\xf4\x01\0\xe8\x01\0\0\xd1\x01\0\0\xc4\x06\0\0\x10\xf4\x01\0\xf0\x01\0\0\xd1\
\x01\0\0\xe9\x06\0\0\x14\xfc\x01\0\x08\x02\0\0\xd1\x01\0\0\x01\x07\0\0\x0f\xe4\
\x02\0\x10\x02\0\0\xd1\x01\0\0\x28\x07\0\0\x1c\xe8\x02\0\x18\x02\0\0\xd1\x01\0\
\0\x28\x07\0\0\x0d\xe8\x02\0\x30\x02\0\0\xd1\x01\0\0\x47\x07\0\0\x23\xec\x02\0\
\x38\x02\0\0\xd1\x01\0\0\x6f\x07\0\0\x0c\x4c\x01\0\x50\x02\0\0\xd1\x01\0\0\x47\
\x07\0\0\x0e\xec\x02\0\x58\x02\0\0\xd1\x01\0\0\xb8\x07\0\0\x17\xf0\x02\0\x60\
\x02\0\0\xd1\x01\0\0\xb8\x07\0\0\x0f\xf0\x02\0\x70\x02\0\0\xd1\x01\0\0\xd7\x07\
\0\0\x1b\xf4\x02\0\x78\x02\0\0\xd1\x01\0\0\xd7\x07\0\0\x14\xf4\x02\0\x80\x02\0\
\0\xd1\x01\0\0\xf6\x07\0\0\x0e\xf8\x02\0\x88\x02\0\0\xd1\x01\0\0\xf6\x07\0\0\
\x12\xf8\x02\0\x90\x02\0\0\xd1\x01\0\0\x0c\x08\0\0\x27\xfc\x02\0\x98\x02\0\0\
\xd1\x01\0\0\x0c\x08\0\0\x1b\xfc\x02\0\xa0\x02\0\0\xd1\x01\0\0\x0c\x08\0\0\x19\
\xfc\x02\0\xa8\x02\0\0\xd1\x01\0\0\x38\x08\0\0\x09\x18\x02\0\xe8\x02\0\0\xd1\
\x01\0\0\x19\x04\0\0\x01\x10\x03\0\x6f\x08\0\0\x12\0\0\0\0\0\0\0\xd1\x01\0\0\
\x93\x08\0\0\0\x1c\x03\0\x08\0\0\0\xd1\x01\0\0\x67\x02\0\0\x16\x24\x03\0\x10\0\
\0\0\xd1\x01\0\0\x98\x02\0\0\x1e\x2c\x03\0\x18\0\0\0\xd1\x01\0\0\xb7\x02\0\0\
\x1a\x28\x03\0\x20\0\0\0\xd1\x01\0\0\x98\x02\0\0\x1e\x2c\x03\0\x40\0\0\0\xd1\
\x01\0\0\xd7\x02\0\0\x0c\x60\x01\0\x58\0\0\0\xd1\x01\0\0\x0e\x03\0\0\x0d\x40\
\x03\0\x60\0\0\0\xd1\x01\0\0\x0e\x03\0\0\x16\x40\x03\0\x68\0\0\0\xd1\x01\0\0\
\x0e\x03\0\0\x1c\x40\x03\0\x70\0\0\0\xd1\x01\0\0\x0e\x03\0\0\x0d\x40\x03\0\x78\
\0\0\0\xd1\x01\0\0\x4b\x03\0\0\x16\x50\x03\0\x88\0\0\0\xd1\x01\0\0\x6e\x03\0\0\
\x25\x4c\x03\0\x98\0\0\0\xd1\x01\0\0\x9a\x03\0\0\x10\x54\x03\0\xa0\0\0\0\xd1\
\x01\0\0\x6e\x03\0\0\x25\x4c\x03\0\xa8\0\0\0\xd1\x01\0\0\xbd\x03\0\0\x10\x58\
\x03\0\xb0\0\0\0\xd1\x01\0\0\x6e\x03\0\0\x25\x4c\x03\0\xd8\0\0\0\xd1\x01\0\0\
\xda\x03\0\0\x05\x60\x03\0\xf8\0\0\0\xd1\x01\0\0\x19\x04\0\0\x01\x68\x03\0\xe3\
\x08\0\0\x32\0\0\0\0\0\0\0\xd1\x01\0\0\x06\x09\0\0\0\x74\x03\0\x08\0\0\0\xd1\
\x01\0\0\x67\x02\0\0\x16\x7c\x03\0\x18\0\0\0\xd1\x01\0\0\xb7\x02\0\0\x1a\x80\
\x03\0\x40\0\0\0\xd1\x01\0\0\xd7\x02\0\0\x0c\x60\x01\0\x58\0\0\0\xd1\x01\0\0\
\x0e\x03\0\0\x0d\x88\x03\0\x60\0\0\0\xd1\x01\0\0\x0e\x03\0\0\x16\x88\x03\0\x68\
\0\0\0\xd1\x01\0\0\x0e\x03\0\0\x1c\x88\x03\0\x70\0\0\0\xd1\x01\0\0\x0e\x03\0\0\
\x0d\x88\x03\0\x88\0\0\0\xd1\x01\0\0\x98\x02\0\0\x1e\x94\x03\0\xa8\0\0\0\xd1\
\x01\0\0\xa6\x04\0\0\x23\xa8\x03\0\xc8\0\0\0\xd1\x01\0\0\xf0\x04\0\0\x09\xac\
\x03\0\xd0\0\0\0\xd1\x01\0\0\xff\x04\0\0\x25\x8c\x01\0\0\x01\0\0\xd1\x01\0\0\
\x5b\x05\0\0\x09\x90\x01\0\x10\x01\0\0\xd1\x01\0\0\x6b\x05\0\0\x13\x94\x01\0\
\x28\x01\0\0\xd1\x01\0\0\x83\x05\0\0\x09\xc4\x03\0\x30\x01\0\0\xd1\x01\0\0\x95\
\x05\0\0\x0e\xb8\x01\0\x38\x01\0\0\xd1\x01\0\0\xa9\x05\0\0\x0e\xb4\x01\0\x48\
\x01\0\0\xd1\x01\0\0\xbd\x05\0\0\x12\xa4\x01\0\x58\x01\0\0\xd1\x01\0\0\xeb\x05\
\0\0\x13\xc4\x01\0\x70\x01\0\0\xd1\x01\0\0\x02\x06\0\0\x12\xbc\x01\0\x80\x01\0\
\0\xd1\x01\0\0\x18\x06\0\0\x1b\xcc\x01\0\x88\x01\0\0\xd1\x01\0\0\x18\x06\0\0\
\x15\xcc\x01\0\x98\x01\0\0\xd1\x01\0\0\x39\x06\0\0\x0f\xd0\x01\0\xa0\x01\0\0\
\xd1\x01\0\0\x4c\x06\0\0\x15\xd8\x01\0\xa8\x01\0\0\xd1\x01\0\0\x65\x06\0\0\x0e\
\xd4\x01\0\xb0\x01\0\0\xd1\x01\0\0\x77\x06\0\0\x15\xe4\x01\0\xc0\x01\0\0\xd1\
\x01\0\0\x90\x06\0\0\x14\xec\x01\0\xc8\x01\0\0\xd1\x01\0\0\x90\x06\0\0\x18\xec\
\x01\0\xd0\x01\0\0\xd1\x01\0\0\x90\x06\0\0\x0e\xec\x01\0\xd8\x01\0\0\xd1\x01\0\
\0\xac\x06\0\0\x0d\xf0\x01\0\xe0\x01\0\0\xd1\x01\0\0\xc4\x06\0\0\x12\xf4\x01\0\
\xe8\x01\0\0\xd1\x01\0\0\xc4\x06\0\0\x10\xf4\x01\0\xf0\x01\0\0\xd1\x01\0\0\xe9\
\x06\0\0\x14\xfc\x01\0\x08\x02\0\0\xd1\x01\0\0\x42\x09\0\0\x0f\xd0\x03\0\x10\
\x02\0\0\xd1\x01\0\0\x28\x07\0\0\x1c\xd4\x03\0\x18\x02\0\0\xd1\x01\0\0\x28\x07\
\0\0\x0d\xd4\x03\0\x30\x02\0\0\xd1\x01\0\0\x47\x07\0\0\x23\xd8\x03\0\x38\x02\0\
\0\xd1\x01\0\0\x6f\x07\0\0\x0c\x4c\x01\0\x50\x02\0\0\xd1\x01\0\0\x47\x07\0\0\
\x0e\xd8\x03\0\x58\x02\0\0\xd1\x01\0\0\xb8\x07\0\0\x17\xdc\x03\0\x60\x02\0\0\
\xd1\x01\0\0\xb8\x07\0\0\x0f\xdc\x03\0\x70\x02\0\0\xd1\x01\0\0\xd7\x07\0\0\x1b\
\xe0\x03\0\x78\x02\0\0\xd1\x01\0\0\xd7\x07\0\0\x14\xe0\x03\0\x80\x02\0\0\xd1\
\x01\0\0\xf6\x07\0\0\x0e\xe4\x03\0\x88\x02\0\0\xd1\x01\0\0\xf6\x07\0\0\x12\xe4\
\x03\0\x90\x02\0\0\xd1\x01\0\0\x0c\x08\0\0\x27\xe8\x03\0\x98\x02\0\0\xd1\x01\0\
\0\x0c\x08\0\0\x1b\xe8\x03\0\xa0\x02\0\0\xd1\x01\0\0\x0c\x08\0\0\x19\xe8\x03\0\
\xa8\x02\0\0\xd1\x01\0\0\x38\x08\0\0\x09\x18\x02\0\xe8\x02\0\0\xd1\x01\0\0\x19\
\x04\0\0\x01\xfc\x03\0\x13\x0a\0\0\x0e\0\0\0\0\0\0\0\xd1\x01\0\0\x2d\x0a\0\0\0\
\x10\x04\0\x08\0\0\0\xd1\x01\0\0\x67\x02\0\0\x16\x18\x04\0\x10\0\0\0\xd1\x01\0\
\0\x98\x02\0\0\x1e\x20\x04\0\x18\0\0\0\xd1\x01\0\0\xb7\x02\0\0\x1a\x1c\x04\0\
\x20\0\0\0\xd1\x01\0\0\x98\x02\0\0\x1e\x20\x04\0\x40\0\0\0\xd1\x01\0\0\xd7\x02\
\0\0\x0c\x60\x01\0\x58\0\0\0\xd1\x01\0\0\x0e\x03\0\0\x0d\x34\x04\0\x60\0\0\0\
\xd1\x01\0\0\x0e\x03\0\0\x16\x34\x04\0\x68\0\0\0\xd1\x01\0\0\x0e\x03\0\0\x1c\
\x34\x04\0\x70\0\0\0\xd1\x01\0\0\x0e\x03\0\0\x0d\x34\x04\0\x78\0\0\0\xd1\x01\0\
\0\x56\x0a\0\0\x18\x44\x04\0\x80\0\0\0\xd1\x01\0\0\x81\x0a\0\0\x20\x40\x04\0\
\xa8\0\0\0\xd1\x01\0\0\xa2\x0a\0\0\x05\x4c\x04\0\xc8\0\0\0\xd1\x01\0\0\x2d\x0a\
\0\0\x05\x10\x04\0\xf6\x0a\0\0\x2b\0\0\0\0\0\0\0\xd1\x01\0\0\x13\x0b\0\0\0\x60\
\x04\0\x08\0\0\0\xd1\x01\0\0\x67\x02\0\0\x16\x68\x04\0\x18\0\0\0\xd1\x01\0\0\
\x98\x02\0\0\x1e\x70\x04\0\x20\0\0\0\xd1\x01\0\0\xb7\x02\0\0\x1a\x6c\x04\0\x30\
\0\0\0\xd1\x01\0\0\x98\x02\0\0\x1e\x70\x04\0\x50\0\0\0\xd1\x01\0\0\xd7\x02\0\0\
\x0c\x60\x01\0\x68\0\0\0\xd1\x01\0\0\x0e\x03\0\0\x0d\x84\x04\0\x70\0\0\0\xd1\
\x01\0\0\x0e\x03\0\0\x16\x84\x04\0\x78\0\0\0\xd1\x01\0\0\x0e\x03\0\0\x1c\x84\
\x04\0\x80\0\0\0\xd1\x01\0\0\x0e\x03\0\0\x0d\x84\x04\0\x88\0\0\0\xd1\x01\0\0\
\x38\x0b\0\0\x10\x90\x04\0\x90\0\0\0\xd1\x01\0\0\x58\x0b\0\0\x0d\x94\x04\0\xa8\
\0\0\0\xd1\x01\0\0\x6a\x0b\0\0\x21\xa0\x04\0\xd0\0\0\0\xd1\x01\0\0\xb5\x0b\0\0\
\x09\xa4\x04\0\xd8\0\0\0\xd1\x01\0\0\xff\x04\0\0\x25\x8c\x01\0\0\x01\0\0\xd1\
\x01\0\0\x5b\x05\0\0\x09\x90\x01\0\x08\x01\0\0\xd1\x01\0\0\x6b\x05\0\0\x13\x94\
\x01\0\x20\x01\0\0\xd1\x01\0\0\xc7\x0b\0\0\x09\xb4\x04\0\x28\x01\0\0\xd1\x01\0\
\0\x95\x05\0\0\x0e\xb8\x01\0\x30\x01\0\0\xd1\x01\0\0\xa9\x05\0\0\x0e\xb4\x01\0\
\x40\x01\0\0\xd1\x01\0\0\xbd\x05\0\0\x12\xa4\x01\0\x50\x01\0\0\xd1\x01\0\0\xeb\
\x05\0\0\x13\xc4\x01\0\x68\x01\0\0\xd1\x01\0\0\x02\x06\0\0\x12\xbc\x01\0\x70\
\x01\0\0\xd1\x01\0\0\x18\x06\0\0\x1b\xcc\x01\0\x78\x01\0\0\xd1\x01\0\0\x18\x06\
\0\0\x15\xcc\x01\0\x88\x01\0\0\xd1\x01\0\0\x39\x06\0\0\x0f\xd0\x01\0\x90\x01\0\
\0\xd1\x01\0\0\x4c\x06\0\0\x15\xd8\x01\0\x98\x01\0\0\xd1\x01\0\0\x65\x06\0\0\
\x0e\xd4\x01\0\xa0\x01\0\0\xd1\x01\0\0\x77\x06\0\0\x15\xe4\x01\0\xb0\x01\0\0\
\xd1\x01\0\0\x90\x06\0\0\x14\xec\x01\0\xb8\x01\0\0\xd1\x01\0\0\x90\x06\0\0\x18\
\xec\x01\0\xc0\x01\0\0\xd1\x01\0\0\x90\x06\0\0\x0e\xec\x01\0\xc8\x01\0\0\xd1\
\x01\0\0\xac\x06\0\0\x0d\xf0\x01\0\xd8\x01\0\0\xd1\x01\0\0\xc4\x06\0\0\x12\xf4\
\x01\0\xe0\x01\0\0\xd1\x01\0\0\xc4\x06\0\0\x10\xf4\x01\0\xf0\x01\0\0\xd1\x01\0\
\0\xd5\x0b\0\0\x14\xc4\x04\0\0\x02\0\0\xd1\x01\0\0\x02\x0c\0\0\x0f\xc0\x04\0\
\x08\x02\0\0\xd1\x01\0\0\xe9\x06\0\0\x14\xfc\x01\0\x18\x02\0\0\xd1\x01\0\0\x2d\
\x0c\0\0\x1f\xc8\x04\0\x20\x02\0\0\xd1\x01\0\0\x2d\x0c\0\0\x14\xc8\x04\0\x28\
\x02\0\0\xd1\x01\0\0\x38\x08\0\0\x09\x18\x02\0\x50\x02\0\0\xd1\x01\0\0\x51\x0c\
\0\0\x05\xd8\x04\0\x68\x02\0\0\xd1\x01\0\0\x13\x0b\0\0\x05\x60\x04\0\x95\x0c\0\
\0\x24\0\0\0\0\0\0\0\xd1\x01\0\0\xb1\x0c\0\0\0\xec\x04\0\x08\0\0\0\xd1\x01\0\0\
\x67\x02\0\0\x16\xf4\x04\0\x18\0\0\0\xd1\x01\0\0\xb7\x02\0\0\x1a\xf8\x04\0\x40\
\0\0\0\xd1\x01\0\0\xd7\x02\0\0\x0c\x60\x01\0\x58\0\0\0\xd1\x01\0\0\x0e\x03\0\0\
\x0d\0\x05\0\x60\0\0\0\xd1\x01\0\0\x0e\x03\0\0\x16\0\x05\0\x68\0\0\0\xd1\x01\0\
\0\x0e\x03\0\0\x1c\0\x05\0\x70\0\0\0\xd1\x01\0\0\x0e\x03\0\0\x0d\0\x05\0\x80\0\
\0\0\xd1\x01\0\0\xff\x04\0\0\x25\x8c\x01\0\xa8\0\0\0\xd1\x01\0\0\x5b\x05\0\0\
\x09\x90\x01\0\xb0\0\0\0\xd1\x01\0\0\x6b\x05\0\0\x13\x94\x01\0\xc8\0\0\0\xd1\
\x01\0\0\xc7\x0b\0\0\x09\x10\x05\0\xd0\0\0\0\xd1\x01\0\0\xa9\x05\0\0\x0e\xb4\
\x01\0\xe0\0\0\0\xd1\x01\0\0\xbd\x05\0\0\x12\xa4\x01\0\xe8\0\0\0\xd1\x01\0\0\
\x95\x05\0\0\x0e\xb8\x01\0\xf8\0\0\0\xd1\x01\0\0\xeb\x05\0\0\x13\xc4\x01\0\x10\
\x01\0\0\xd1\x01\0\0\x02\x06\0\0\x12\xbc\x01\0\x18\x01\0\0\xd1\x01\0\0\x18\x06\
\0\0\x1b\xcc\x01\0\x20\x01\0\0\xd1\x01\0\0\x18\x06\0\0\x15\xcc\x01\0\x30\x01\0\
\0\xd1\x01\0\0\x39\x06\0\0\x0f\xd0\x01\0\x38\x01\0\0\xd1\x01\0\0\x4c\x06\0\0\
\x15\xd8\x01\0\x40\x01\0\0\xd1\x01\0\0\x65\x06\0\0\x0e\xd4\x01\0\x48\x01\0\0\
\xd1\x01\0\0\x77\x06\0\0\x15\xe4\x01\0\x58\x01\0\0\xd1\x01\0\0\x90\x06\0\0\x14\
\xec\x01\0\x60\x01\0\0\xd1\x01\0\0\x90\x06\0\0\x18\xec\x01\0\x68\x01\0\0\xd1\
\x01\0\0\x90\x06\0\0\x0e\xec\x01\0\x70\x01\0\0\xd1\x01\0\0\xac\x06\0\0\x0d\xf0\
\x01\0\x80\x01\0\0\xd1\x01\0\0\xc4\x06\0\0\x12\xf4\x01\0\x88\x01\0\0\xd1\x01\0\
\0\xc4\x06\0\0\x10\xf4\x01\0\x98\x01\0\0\xd1\x01\0\0\xd5\x0b\0\0\x14\x20\x05\0\
\xa8\x01\0\0\xd1\x01\0\0\xd6\x0c\0\0\x0f\x1c\x05\0\xb0\x01\0\0\xd1\x01\0\0\xe9\
\x06\0\0\x14\xfc\x01\0\xc0\x01\0\0\xd1\x01\0\0\x01\x0d\0\0\x1d\x24\x05\0\xc8\
\x01\0\0\xd1\x01\0\0\x01\x0d\0\0\x14\x24\x05\0\xd0\x01\0\0\xd1\x01\0\0\x38\x08\
\0\0\x09\x18\x02\0\xe8\x01\0\0\xd1\x01\0\0\xb1\x0c\0\0\x05\xec\x04\0\x44\x0d\0\
\0\x14\0\0\0\0\0\0\0\xd1\x01\0\0\x68\x0d\0\0\0\x48\x05\0\x08\0\0\0\xd1\x01\0\0\
\x67\x02\0\0\x16\x50\x05\0\x10\0\0\0\xd1\x01\0\0\x98\x02\0\0\x1e\x58\x05\0\x18\
\0\0\0\xd1\x01\0\0\xb7\x02\0\0\x1a\x54\x05\0\x20\0\0\0\xd1\x01\0\0\x98\x02\0\0\
\x1e\x58\x05\0\x40\0\0\0\xd1\x01\0\0\xd7\x02\0\0\x0c\x60\x01\0\x58\0\0\0\xd1\
\x01\0\0\x0e\x03\0\0\x0d\x6c\x05\0\x60\0\0\0\xd1\x01\0\0\x0e\x03\0\0\x16\x6c\
\x05\0\x68\0\0\0\xd1\x01\0\0\x0e\x03\0\0\x1c\x6c\x05\0\x70\0\0\0\xd1\x01\0\0\
\x0e\x03\0\0\x0d\x6c\x05\0\x78\0\0\0\xd1\x01\0\0\xa6\x0d\0\0\x17\x78\x05\0\x80\
\0\0\0\xd1\x01\0\0\xca\x0d\0\0\x14\x7c\x05\0\x90\0\0\0\xd1\x01\0\0\xef\x0d\0\0\
\x1b\x80\x05\0\x98\0\0\0\xd1\x01\0\0\x1f\x0e\0\0\x20\x8c\x05\0\xa0\0\0\0\xd1\
\x01\0\0\x40\x0e\0\0\x17\x94\x05\0\xa8\0\0\0\xd1\x01\0\0\x1f\x0e\0\0\x20\x8c\
\x05\0\xb0\0\0\0\xd1\x01\0\0\x64\x0e\0\0\x12\x98\x05\0\xb8\0\0\0\xd1\x01\0\0\
\x1f\x0e\0\0\x20\x8c\x05\0\xe0\0\0\0\xd1\x01\0\0\x83\x0e\0\0\x05\xa0\x05\0\0\
\x01\0\0\xd1\x01\0\0\x19\x04\0\0\x01\xa8\x05\0\xd7\x0e\0\0\x35\0\0\0\0\0\0\0\
\xd1\x01\0\0\xfa\x0e\0\0\0\xb4\x05\0\x08\0\0\0\xd1\x01\0\0\x67\x02\0\0\x16\xbc\
\x05\0\x18\0\0\0\xd1\x01\0\0\x98\x02\0\0\x1e\xc4\x05\0\x20\0\0\0\xd1\x01\0\0\
\xb7\x02\0\0\x1a\xc0\x05\0\x30\0\0\0\xd1\x01\0\0\x98\x02\0\0\x1e\xc4\x05\0\x50\
\0\0\0\xd1\x01\0\0\xd7\x02\0\0\x0c\x60\x01\0\x70\0\0\0\xd1\x01\0\0\x0e\x03\0\0\
\x0d\xd8\x05\0\x78\0\0\0\xd1\x01\0\0\x0e\x03\0\0\x16\xd8\x05\0\x80\0\0\0\xd1\
\x01\0\0\x0e\x03\0\0\x1c\xd8\x05\0\x88\0\0\0\xd1\x01\0\0\x0e\x03\0\0\x0d\xd8\
\x05\0\xa0\0\0\0\xd1\x01\0\0\x36\x0f\0\0\x1e\xe4\x05\0\xb8\0\0\0\xd1\x01\0\0\
\xf0\x04\0\0\x09\xe8\x05\0\xc8\0\0\0\xd1\x01\0\0\x7e\x0f\0\0\x17\xf4\x05\0\xd0\
\0\0\0\xd1\x01\0\0\x7e\x0f\0\0\x1a\xf4\x05\0\xd8\0\0\0\xd1\x01\0\0\xa9\x0f\0\0\
\x0d\xfc\x05\0\x08\x01\0\0\xd1\x01\0\0\xff\x04\0\0\x25\x8c\x01\0\x38\x01\0\0\
\xd1\x01\0\0\x5b\x05\0\0\x09\x90\x01\0\x40\x01\0\0\xd1\x01\0\0\x6b\x05\0\0\x13\
\x94\x01\0\x58\x01\0\0\xd1\x01\0\0\xc7\x0b\0\0\x09\x1c\x06\0\x60\x01\0\0\xd1\
\x01\0\0\x95\x05\0\0\x0e\xb8\x01\0\x68\x01\0\0\xd1\x01\0\0\xa9\x05\0\0\x0e\xb4\
\x01\0\x78\x01\0\0\xd1\x01\0\0\xbd\x05\0\0\x12\xa4\x01\0\x88\x01\0\0\xd1\x01\0\
\0\xeb\x05\0\0\x13\xc4\x01\0\xa0\x01\0\0\xd1\x01\0\0\x02\x06\0\0\x12\xbc\x01\0\
\xa8\x01\0\0\xd1\x01\0\0\x18\x06\0\0\x1b\xcc\x01\0\xb0\x01\0\0\xd1\x01\0\0\x18\
\x06\0\0\x15\xcc\x01\0\xc0\x01\0\0\xd1\x01\0\0\x39\x06\0\0\x0f\xd0\x01\0\xc8\
\x01\0\0\xd1\x01\0\0\x4c\x06\0\0\x15\xd8\x01\0\xd0\x01\0\0\xd1\x01\0\0\x65\x06\
\0\0\x0e\xd4\x01\0\xd8\x01\0\0\xd1\x01\0\0\x77\x06\0\0\x15\xe4\x01\0\xe8\x01\0\
\0\xd1\x01\0\0\x90\x06\0\0\x14\xec\x01\0\xf0\x01\0\0\xd1\x01\0\0\x90\x06\0\0\
\x18\xec\x01\0\xf8\x01\0\0\xd1\x01\0\0\x90\x06\0\0\x0e\xec\x01\0\0\x02\0\0\xd1\
\x01\0\0\xac\x06\0\0\x0d\xf0\x01\0\x08\x02\0\0\xd1\x01\0\0\xc4\x06\0\0\x12\xf4\
\x01\0\x10\x02\0\0\xd1\x01\0\0\xc4\x06\0\0\x10\xf4\x01\0\x18\x02\0\0\xd1\x01\0\
\0\xe9\x06\0\0\x14\xfc\x01\0\x30\x02\0\0\xd1\x01\0\0\xc4\x0f\0\0\x14\x2c\x06\0\
\x38\x02\0\0\xd1\x01\0\0\xf1\x0f\0\0\x0f\x28\x06\0\x50\x02\0\0\xd1\x01\0\0\x0d\
\x10\0\0\x1c\x30\x06\0\x58\x02\0\0\xd1\x01\0\0\x0d\x10\0\0\x14\x30\x06\0\x60\
\x02\0\0\xd1\x01\0\0\x2f\x10\0\0\x16\x34\x06\0\x68\x02\0\0\xd1\x01\0\0\x2f\x10\
\0\0\x0e\x34\x06\0\x78\x02\0\0\xd1\x01\0\0\xd7\x07\0\0\x1b\x38\x06\0\x80\x02\0\
\0\xd1\x01\0\0\xd7\x07\0\0\x14\x38\x06\0\x88\x02\0\0\xd1\x01\0\0\xf6\x07\0\0\
\x0e\x3c\x06\0\x90\x02\0\0\xd1\x01\0\0\xf6\x07\0\0\x12\x3c\x06\0\x98\x02\0\0\
\xd1\x01\0\0\x0c\x08\0\0\x27\x40\x06\0\xa0\x02\0\0\xd1\x01\0\0\x0c\x08\0\0\x1b\
\x40\x06\0\xa8\x02\0\0\xd1\x01\0\0\x0c\x08\0\0\x19\x40\x06\0\xb0\x02\0\0\xd1\
\x01\0\0\x38\x08\0\0\x09\x18\x02\0\xd8\x02\0\0\xd1\x01\0\0\x49\x10\0\0\x05\x50\
\x06\0\xf0\x02\0\0\xd1\x01\0\0\x78\x10\0\0\x05\x54\x06\0\xda\x10\0\0\x25\0\0\0\
\0\0\0\0\xd1\x01\0\0\xfb\x10\0\0\0\x6c\x06\0\x08\0\0\0\xd1\x01\0\0\x67\x02\0\0\
\x16\x74\x06\0\x18\0\0\0\xd1\x01\0\0\xb7\x02\0\0\x1a\x78\x06\0\x40\0\0\0\xd1\
\x01\0\0\xd7\x02\0\0\x0c\x60\x01\0\x58\0\0\0\xd1\x01\0\0\x0e\x03\0\0\x0d\x80\
\x06\0\x60\0\0\0\xd1\x01\0\0\x0e\x03\0\0\x16\x80\x06\0\x68\0\0\0\xd1\x01\0\0\
\x0e\x03\0\0\x1c\x80\x06\0\x70\0\0\0\xd1\x01\0\0\x0e\x03\0\0\x0d\x80\x06\0\x80\
\0\0\0\xd1\x01\0\0\xff\x04\0\0\x25\x8c\x01\0\xa8\0\0\0\xd1\x01\0\0\x5b\x05\0\0\
\x09\x90\x01\0\xb0\0\0\0\xd1\x01\0\0\x6b\x05\0\0\x13\x94\x01\0\xc8\0\0\0\xd1\
\x01\0\0\xc7\x0b\0\0\x09\x90\x06\0\xd0\0\0\0\xd1\x01\0\0\xa9\x05\0\0\x0e\xb4\
\x01\0\xe0\0\0\0\xd1\x01\0\0\xbd\x05\0\0\x12\xa4\x01\0\xe8\0\0\0\xd1\x01\0\0\
\x95\x05\0\0\x0e\xb8\x01\0\xf8\0\0\0\xd1\x01\0\0\xeb\x05\0\0\x13\xc4\x01\0\x10\
\x01\0\0\xd1\x01\0\0\x02\x06\0\0\x12\xbc\x01\0\x18\x01\0\0\xd1\x01\0\0\x18\x06\
\0\0\x1b\xcc\x01\0\x20\x01\0\0\xd1\x01\0\0\x18\x06\0\0\x15\xcc\x01\0\x30\x01\0\
\0\xd1\x01\0\0\x39\x06\0\0\x0f\xd0\x01\0\x38\x01\0\0\xd1\x01\0\0\x4c\x06\0\0\
\x15\xd8\x01\0\x40\x01\0\0\xd1\x01\0\0\x65\x06\0\0\x0e\xd4\x01\0\x48\x01\0\0\
\xd1\x01\0\0\x77\x06\0\0\x15\xe4\x01\0\x58\x01\0\0\xd1\x01\0\0\x90\x06\0\0\x14\
\xec\x01\0\x60\x01\0\0\xd1\x01\0\0\x90\x06\0\0\x18\xec\x01\0\x68\x01\0\0\xd1\
\x01\0\0\x90\x06\0\0\x0e\xec\x01\0\x70\x01\0\0\xd1\x01\0\0\xac\x06\0\0\x0d\xf0\
\x01\0\x80\x01\0\0\xd1\x01\0\0\xc4\x06\0\0\x12\xf4\x01\0\x88\x01\0\0\xd1\x01\0\
\0\xc4\x06\0\0\x10\xf4\x01\0\x98\x01\0\0\xd1\x01\0\0\x3d\x11\0\0\x0f\x9c\x06\0\
\xa0\x01\0\0\xd1\x01\0\0\xe9\x06\0\0\x14\xfc\x01\0\xb0\x01\0\0\xd1\x01\0\0\x70\
\x11\0\0\x15\xa0\x06\0\xb8\x01\0\0\xd1\x01\0\0\x70\x11\0\0\x0e\xa0\x06\0\xc0\
\x01\0\0\xd1\x01\0\0\x89\x11\0\0\x1c\xa4\x06\0\xc8\x01\0\0\xd1\x01\0\0\x89\x11\
\0\0\x15\xa4\x06\0\xd0\x01\0\0\xd1\x01\0\0\x38\x08\0\0\x09\x18\x02\0\xe8\x01\0\
\0\xd1\x01\0\0\x19\x04\0\0\x01\xb8\x06\0\x10\0\0\0\xae\x01\0\0\x03\0\0\0\x78\0\
\0\0\x29\0\0\0\x45\x03\0\0\0\0\0\0\x98\0\0\0\x29\0\0\0\x94\x03\0\0\0\0\0\0\xa8\
\0\0\0\x29\0\0\0\xb7\x03\0\0\0\0\0\0\x49\x04\0\0\x03\0\0\0\x70\x02\0\0\x35\0\0\
\0\xd3\x07\0\0\0\0\0\0\x80\x02\0\0\x35\0\0\0\xd3\x07\0\0\0\0\0\0\x90\x02\0\0\
\x35\0\0\0\xd3\x07\0\0\0\0\0\0\x6f\x08\0\0\x03\0\0\0\x78\0\0\0\x29\0\0\0\x45\
\x03\0\0\0\0\0\0\x98\0\0\0\x29\0\0\0\x94\x03\0\0\0\0\0\0\xa8\0\0\0\x29\0\0\0\
\xb7\x03\0\0\0\0\0\0\xe3\x08\0\0\x03\0\0\0\x70\x02\0\0\x35\0\0\0\xd3\x07\0\0\0\
\0\0\0\x80\x02\0\0\x35\0\0\0\xd3\x07\0\0\0\0\0\0\x90\x02\0\0\x35\0\0\0\xd3\x07\
\0\0\0\0\0\0\x13\x0a\0\0\x01\0\0\0\x78\0\0\0\x3f\0\0\0\x50\x0a\0\0\0\0\0\0\xf6\
\x0a\0\0\x01\0\0\0\x88\0\0\0\x3f\0\0\0\x50\x0a\0\0\0\0\0\0\x95\x0c\0\0\x01\0\0\
\0\xc0\x01\0\0\x3f\0\0\0\x50\x0a\0\0\0\0\0\0\x44\x0d\0\0\x03\0\0\0\x78\0\0\0\
\x29\0\0\0\xb7\x03\0\0\0\0\0\0\xa0\0\0\0\x29\0\0\0\x94\x03\0\0\0\0\0\0\xb0\0\0\
\0\x29\0\0\0\x45\x03\0\0\0\0\0\0\xd7\x0e\0\0\x03\0\0\0\x78\x02\0\0\x35\0\0\0\
\xd3\x07\0\0\0\0\0\0\x88\x02\0\0\x35\0\0\0\xd3\x07\0\0\0\0\0\0\x98\x02\0\0\x35\
\0\0\0\xd3\x07\0\0\0\0\0\0\xda\x10\0\0\x02\0\0\0\xb0\x01\0\0\x55\0\0\0\x6c\x11\
\0\0\0\0\0\0\xc0\x01\0\0\x55\0\0\0\xd3\x07\0\0\0\0\0\0\0\0\0\0\x0c\0\0\0\xff\
\xff\xff\xff\x04\0\x08\0\x08\x7c\x0b\0\x14\0\0\0\0\0\0\0\0\0\0\0\0\0\0\0\x08\
\x01\0\0\0\0\0\0\x14\0\0\0\0\0\0\0\0\0\0\0\0\0\0\0\xf8\x02\0\0\0\0\0\0\x14\0\0\
\0\0\0\0\0\0\0\0\0\0\0\0\0\x08\x01\0\0\0\0\0\0\x14\0\0\0\0\0\0\0\0\0\0\0\0\0\0\
\0\xf8\x02\0\0\0\0\0\0\x14\0\0\0\0\0\0\0\0\0\0\0\0\0\0\0\xd8\0\0\0\0\0\0\0\x14\
\0\0\0\0\0\0\0\0\0\0\0\0\0\0\0\x78\x02\0\0\0\0\0\0\x14\0\0\0\0\0\0\0\0\0\0\0\0\
\0\0\0\xf8\x01\0\0\0\0\0\0\x14\0\0\0\0\0\0\0\0\0\0\0\0\0\0\0\x10\x01\0\0\0\0\0\
\0\x14\0\0\0\0\0\0\0\0\0\0\0\0\0\0\0\0\x03\0\0\0\0\0\0\x14\0\0\0\0\0\0\0\0\0\0\
\0\0\0\0\0\xf8\x01\0\0\0\0\0\0\x2c\x07\0\0\x05\0\x08\0\x9b\0\0\0\x08\x01\x01\
\xfb\x0e\x0d\0\x01\x01\x01\x01\0\0\0\x01\0\0\x01\x01\x01\x1f\x05\0\0\0\0\x44\0\
\0\0\x46\0\0\0\x52\0\0\0\x60\0\0\0\x03\x01\x1f\x02\x0f\x05\x1e\x05\x6c\0\0\0\0\
\x8f\xbd\x64\xeb\xf0\x75\xa5\x2a\x27\xc2\x92\xfc\x9e\x57\xe3\xfd\x81\0\0\0\x01\
\xb6\x22\x0f\x07\xe1\x8f\x98\x9c\xe6\xac\x29\x32\xbb\xa5\x65\xce\x8b\0\0\0\x02\
\x65\xe4\xdc\x8e\x31\x21\xf9\x1a\x5c\x2c\x9e\xb8\x56\x3c\x56\x92\x9d\0\0\0\x03\
\xb3\x07\x81\xd4\x67\x0a\x59\xbc\xeb\x38\xca\x79\xf5\x44\xcb\x48\xa5\0\0\0\x04\
\x45\x56\xed\x61\x8f\x24\x84\x94\xbc\x8f\x69\xff\x1e\xcf\x77\xcb\x04\0\0\x09\
\x02\0\0\0\0\0\0\0\0\x03\x8c\x01\x01\x05\x16\x0a\x21\x05\x1e\x22\x05\x1a\x1f\
\x05\x1e\x21\x06\x03\xf0\x7e\x2e\x05\x0c\x06\x03\xd8\0\x2e\x05\x0d\x03\x3d\x3c\
\x05\x16\x06\x20\x05\x1c\x20\x05\x0d\x20\x05\x16\x06\x24\x05\x25\x2d\x05\x10\
\x30\x05\x25\x1e\x05\x10\x23\x05\x25\x1d\x05\x05\x5d\x05\x01\x4c\x02\x02\0\x01\
\x01\x04\0\0\x09\x02\0\0\0\0\0\0\0\0\x03\xa2\x01\x01\x05\x16\x0a\x21\x05\x1a\
\x2f\x06\x03\xdb\x7e\x2e\x05\x0c\x06\x03\xd8\0\x3c\x05\x0d\x03\xcf\0\x3c\x05\
\x16\x06\x20\x05\x1c\x20\x05\x0d\x20\x03\xd9\x7e\x20\x05\x1e\x06\x03\xaa\x01\
\x2e\x05\x23\x4f\x05\x09\x4b\x05\x25\x03\xb3\x7f\x20\x05\x09\x67\x06\x03\x9c\
\x7f\x20\x05\x13\x06\x03\xe5\0\x20\x05\x09\x03\xd1\0\x3c\x05\x0e\x03\xb8\x7f\
\x20\x1f\x05\x12\x2a\x05\x13\x36\x05\x12\x3a\x05\x1b\x32\x05\x15\x06\x20\x05\
\x0f\x06\x2f\x05\x15\x22\x05\x0e\x1f\x05\x15\x24\x05\x14\x30\x05\x18\x06\x20\
\x05\x0e\x20\x05\x0d\x06\x21\x05\x12\x21\x05\x10\x06\x20\x05\x14\x06\x22\x05\
\x0f\x03\x3a\x3c\x05\x1c\x21\x05\x0d\x06\x20\x05\x23\x06\x3d\x05\x0c\x03\x98\
\x7f\x20\x06\x03\xad\x7f\x20\x05\x0e\x06\x03\xbb\x01\x2e\x05\x17\x21\x05\x0f\
\x06\x20\x05\x1b\x06\x2f\x05\x14\x06\x20\x05\x0e\x06\x21\x05\x12\x06\x20\x05\
\x27\x06\x21\x05\x1b\x06\x20\x05\x19\x20\x05\x09\x06\x03\x47\x20\x06\x03\xfa\
\x7e\x3c\x05\x01\x06\x03\xc4\x01\x58\x02\x02\0\x01\x01\x04\0\0\x09\x02\0\0\0\0\
\0\0\0\0\x03\xc7\x01\x01\x05\x16\x0a\x21\x05\x1e\x22\x05\x1a\x1f\x05\x1e\x21\
\x06\x03\xb5\x7e\x2e\x05\x0c\x06\x03\xd8\0\x2e\x05\x0d\x03\xf8\0\x3c\x05\x16\
\x06\x20\x05\x1c\x20\x05\x0d\x20\x05\x16\x06\x24\x05\x25\x2d\x05\x10\x30\x05\
\x25\x1e\x05\x10\x23\x05\x25\x1d\x05\x05\x5d\x05\x01\x4c\x02\x02\0\x01\x01\x04\
\0\0\x09\x02\0\0\0\0\0\0\0\0\x03\xdd\x01\x01\x05\x16\x0a\x21\x05\x1a\x2f\x06\
\x03\xa0\x7e\x2e\x05\x0c\x06\x03\xd8\0\x3c\x05\x0d\x03\x8a\x01\x3c\x05\x16\x06\
\x20\x05\x1c\x20\x05\x0d\x20\x03\x9e\x7e\x20\x05\x1e\x06\x03\xe5\x01\x2e\x05\
\x23\x4f\x05\x09\x4b\x05\x25\x03\xf8\x7e\x20\x05\x09\x67\x06\x03\x9c\x7f\x20\
\x05\x13\x06\x03\xe5\0\x20\x05\x09\x03\x8c\x01\x3c\x05\x0e\x03\xfd\x7e\x20\x1f\
\x05\x12\x2a\x05\x13\x36\x05\x12\x3a\x05\x1b\x32\x05\x15\x06\x20\x05\x0f\x06\
\x2f\x05\x15\x22\x05\x0e\x1f\x05\x15\x24\x05\x14\x30\x05\x18\x06\x20\x05\x0e\
\x20\x05\x0d\x06\x21\x05\x12\x21\x05\x10\x06\x20\x05\x14\x06\x22\x05\x0f\x03\
\xf5\0\x3c\x05\x1c\x21\x05\x0d\x06\x20\x05\x23\x06\x3d\x05\x0c\x03\xdd\x7e\x20\
\x06\x03\xad\x7f\x20\x05\x0e\x06\x03\xf6\x01\x2e\x05\x17\x21\x05\x0f\x06\x20\
\x05\x1b\x06\x2f\x05\x14\x06\x20\x05\x0e\x06\x21\x05\x12\x06\x20\x05\x27\x06\
\x21\x05\x1b\x06\x20\x05\x19\x20\x05\x09\x06\x03\x8c\x7f\x20\x06\x03\xfa\x7e\
\x3c\x05\x01\x06\x03\xff\x01\x58\x02\x02\0\x01\x01\x04\0\0\x09\x02\0\0\0\0\0\0\
\0\0\x03\x83\x02\x01\x05\x16\x0a\x22\x05\x1e\x22\x05\x1a\x1f\x05\x1e\x21\x06\
\x03\xf8\x7d\x2e\x05\x0c\x06\x03\xd8\0\x2e\x05\x0d\x03\xb5\x01\x3c\x05\x16\x06\
\x20\x05\x1c\x20\x05\x0d\x20\x05\x18\x06\x24\x05\x20\x1f\x05\x05\x5b\x03\x71\
\x4a\x02\x02\0\x01\x01\x04\0\0\x09\x02\0\0\0\0\0\0\0\0\x03\x97\x02\x01\x05\x16\
\x0a\x22\x05\x1e\x30\x05\x1a\x1f\x05\x1e\x2f\x06\x03\xe4\x7d\x2e\x05\x0c\x06\
\x03\xd8\0\x2e\x05\x0d\x03\xc9\x01\x3c\x05\x16\x06\x20\x05\x1c\x20\x05\x0d\x20\
\x05\x10\x06\x23\x05\x0d\x21\x06\x03\xdb\x7d\x20\x05\x21\x06\x03\xa8\x02\x2e\
\x06\x03\xd8\x7d\x2e\x03\xa8\x02\x20\x05\x09\x06\x2f\x05\x25\x03\xba\x7e\x20\
\x05\x09\x59\x05\x13\x21\x05\x09\x03\xc8\x01\x3c\x05\x0e\x03\xc1\x7e\x20\x1f\
\x05\x12\x2a\x05\x13\x36\x05\x12\x3a\x05\x1b\x24\x05\x15\x06\x20\x05\x0f\x06\
\x2f\x05\x15\x22\x05\x0e\x1f\x05\x15\x24\x05\x14\x30\x05\x18\x06\x20\x05\x0e\
\x20\x05\x0d\x06\x21\x05\x12\x2f\x05\x10\x06\x20\x05\x14\x06\x03\xb4\x01\x2e\
\x05\x0f\x2d\x05\x14\x03\xcf\x7e\x20\x05\x1f\x03\xb3\x01\x2e\x05\x14\x06\x20\
\x05\x09\x06\x03\xd4\x7e\x20\x06\x03\xfa\x7e\x3c\x05\x05\x06\x03\xb6\x02\x2e\
\x03\x62\x3c\x02\x02\0\x01\x01\x04\0\0\x09\x02\0\0\0\0\0\0\0\0\x03\xba\x02\x01\
\x05\x16\x0a\x22\x05\x1a\x2f\x06\x03\xc2\x7d\x2e\x05\x0c\x06\x03\xd8\0\x3c\x05\
\x0d\x03\xe8\x01\x3c\x05\x16\x06\x20\x05\x1c\x20\x05\x0d\x20\x03\xc0\x7d\x20\
\x05\x25\x06\x03\xe3\0\x20\x05\x09\x59\x05\x13\x21\x05\x09\x03\xdf\x01\x3c\x05\
\x0e\x03\xa9\x7e\x20\x05\x12\x2a\x05\x0e\x25\x05\x13\x31\x05\x12\x3a\x05\x1b\
\x24\x05\x15\x06\x20\x05\x0f\x06\x2f\x05\x15\x22\x05\x0e\x1f\x05\x15\x24\x05\
\x14\x30\x05\x18\x06\x20\x05\x0e\x20\x05\x0d\x06\x21\x05\x12\x2f\x05\x10\x06\
\x20\x05\x14\x06\x03\xcb\x01\x2e\x05\x0f\x2d\x05\x14\x03\xb8\x7e\x20\x05\x1d\
\x03\xca\x01\x2e\x05\x14\x06\x20\x05\x09\x06\x03\xbd\x7e\x20\x05\x05\x03\xb5\
\x01\x3c\x02\x02\0\x01\x01\x04\0\0\x09\x02\0\0\0\0\0\0\0\0\x03\xd2\x02\x01\x05\
\x16\x0a\x21\x05\x1e\x22\x05\x1a\x1f\x05\x1e\x21\x06\x03\xaa\x7d\x2e\x05\x0c\
\x06\x03\xd8\0\x2e\x05\x0d\x03\x83\x02\x3c\x05\x16\x06\x20\x05\x1c\x20\x05\x0d\
\x20\x05\x17\x06\x23\x05\x14\x21\x05\x1b\x2f\x05\x20\x23\x05\x17\x22\x05\x20\
\x1e\x05\x12\x23\x05\x20\x1d\x05\x05\x5d\x05\x01\x4c\x02\x02\0\x01\x01\x04\0\0\
\x09\x02\0\0\0\0\0\0\0\0\x03\xed\x02\x01\x05\x16\x0a\x21\x05\x1e\x30\x05\x1a\
\x1f\x05\x1e\x2f\x06\x03\x8f\x7d\x2e\x05\x0c\x06\x03\xd8\0\x2e\x05\x0d\x03\x9e\
\x02\x4a\x05\x16\x06\x20\x05\x1c\x20\x05\x0d\x20\x03\x8a\x7d\x20\x05\x1e\x06\
\x03\xf9\x02\x2e\x05\x09\x3d\x06\x03\x86\x7d\x20\x05\x17\x06\x03\xfd\x02\x20\
\x05\x1a\x06\x20\x05\x0d\x06\x22\x06\x03\x81\x7d\x2e\x05\x25\x06\x03\xe3\0\x4a\
\x05\x09\x67\x05\x13\x21\x05\x09\x03\xa2\x02\x3c\x05\x0e\x03\xe7\x7d\x20\x1f\
\x05\x12\x2a\x05\x13\x36\x05\x12\x3a\x05\x1b\x24\x05\x15\x06\x20\x05\x0f\x06\
\x2f\x05\x15\x22\x05\x0e\x1f\x05\x15\x24\x05\x14\x30\x05\x18\x06\x20\x05\x0e\
\x20\x05\x0d\x06\x21\x05\x12\x21\x05\x10\x06\x20\x05\x14\x06\x22\x03\x8c\x02\
\x3c\x05\x0f\x1f\x05\x1c\x3e\x05\x14\x06\x20\x05\x16\x06\x21\x05\x0e\x06\x20\
\x05\x1b\x06\x2f\x05\x14\x06\x20\x05\x0e\x06\x21\x05\x12\x06\x20\x05\x27\x06\
\x21\x05\x1b\x06\x20\x05\x19\x20\x05\x09\x06\x03\xf6\x7d\x20\x06\x03\xfa\x7e\
\x3c\x05\x05\x06\x03\x94\x03\x2e\x3d\x02\x02\0\x01\x01\x04\0\0\x09\x02\0\0\0\0\
\0\0\0\0\x03\x9b\x03\x01\x05\x16\x0a\x21\x05\x1a\x2f\x06\x03\xe2\x7c\x2e\x05\
\x0c\x06\x03\xd8\0\x3c\x05\x0d\x03\xc8\x02\x3c\x05\x16\x06\x20\x05\x1c\x20\x05\
\x0d\x20\x03\xe0\x7c\x20\x05\x25\x06\x03\xe3\0\x20\x05\x09\x59\x05\x13\x21\x05\
\x09\x03\xbf\x02\x3c\x05\x0e\x03\xc9\x7d\x20\x05\x12\x2a\x05\x0e\x25\x05\x13\
\x31\x05\x12\x3a\x05\x1b\x24\x05\x15\x06\x20\x05\x0f\x06\x2f\x05\x15\x22\x05\
\x0e\x1f\x05\x15\x24\x05\x14\x30\x05\x18\x06\x20\x05\x0e\x20\x05\x0d\x06\x21\
\x05\x12\x2f\x05\x10\x06\x20\x05\x0f\x06\x03\xaa\x02\x2e\x05\x14\x03\xd8\x7d\
\x20\x05\x15\x03\xa9\x02\x2e\x05\x0e\x06\x20\x05\x1c\x06\x21\x05\x15\x06\x20\
\x05\x09\x06\x03\xdd\x7d\x20\x05\x01\x03\xa8\x02\x3c\x02\x02\0\x01\x01\x2f\x55\
\x73\x65\x72\x73\x2f\x61\x64\x69\x74\x68\x79\x61\x73\x72\x69\x6e\x69\x76\x61\
\x73\x61\x6e\x2f\x50\x72\x6f\x6a\x65\x63\x74\x73\x2f\x61\x69\x2d\x63\x6f\x6d\
\x70\x69\x6c\x65\x72\x2f\x72\x65\x63\x6f\x6d\x70\x69\x6c\x65\x2f\x72\x75\x6e\
\x74\x69\x6d\x65\x2f\x62\x70\x66\0\x2e\0\x69\x6e\x63\x6c\x75\x64\x65\x2f\x62\
\x70\x66\0\x69\x6e\x63\x6c\x75\x64\x65\x2f\x6c\x69\x6e\x75\x78\0\x2e\x2f\x2e\
\x2e\x2f\x73\x68\x61\x72\x65\x64\0\x73\x65\x6e\x74\x69\x6e\x65\x6c\x5f\x65\x78\
\x74\x72\x61\x2e\x62\x70\x66\x2e\x63\0\x76\x6d\x6c\x69\x6e\x75\x78\x2e\x68\0\
\x62\x70\x66\x5f\x68\x65\x6c\x70\x65\x72\x5f\x64\x65\x66\x73\x2e\x68\0\x74\x79\
\x70\x65\x73\x2e\x68\0\x72\x65\x5f\x65\x76\x65\x6e\x74\x73\x2e\x68\0\0\0\0\0\0\
\0\0\0\0\0\0\0\0\0\0\0\0\0\0\0\0\0\0\0\0\0\0\0\0\0\0\x40\x03\0\0\x04\0\xf1\xff\
\0\0\0\0\0\0\0\0\0\0\0\0\0\0\0\0\0\0\0\0\x03\0\x03\0\0\0\0\0\0\0\0\0\0\0\0\0\0\
\0\0\0\0\0\0\0\x03\0\x05\0\0\0\0\0\0\0\0\0\0\0\0\0\0\0\0\0\0\0\0\0\x03\0\x07\0\
\0\0\0\0\0\0\0\0\0\0\0\0\0\0\0\0\0\0\0\0\x03\0\x09\0\0\0\0\0\0\0\0\0\0\0\0\0\0\
\0\0\0\0\0\0\0\x03\0\x0b\0\0\0\0\0\0\0\0\0\0\0\0\0\0\0\0\0\0\0\0\0\x03\0\x0d\0\
\0\0\0\0\0\0\0\0\0\0\0\0\0\0\0\0\0\0\0\0\x03\0\x0f\0\0\0\0\0\0\0\0\0\0\0\0\0\0\
\0\0\0\0\0\0\0\x03\0\x11\0\0\0\0\0\0\0\0\0\0\0\0\0\0\0\0\0\0\0\0\0\x03\0\x13\0\
\0\0\0\0\0\0\0\0\0\0\0\0\0\0\0\0\0\0\0\0\x03\0\x15\0\0\0\0\0\0\0\0\0\0\0\0\0\0\
\0\0\0\0\0\0\0\x03\0\x19\0\0\0\0\0\0\0\0\0\0\0\0\0\0\0\0\0\0\0\0\0\x03\0\x1a\0\
\0\0\0\0\0\0\0\0\0\0\0\0\0\0\0\0\0\0\0\0\x03\0\x1d\0\0\0\0\0\0\0\0\0\0\0\0\0\0\
\0\0\0\0\0\0\0\x03\0\x1e\0\0\0\0\0\0\0\0\0\0\0\0\0\0\0\0\0\0\0\0\0\x03\0\x20\0\
\0\0\0\0\0\0\0\0\0\0\0\0\0\0\0\0\0\0\0\0\x03\0\x21\0\0\0\0\0\0\0\0\0\0\0\0\0\0\
\0\0\0\0\0\0\0\x03\0\x27\0\0\0\0\0\0\0\0\0\0\0\0\0\0\0\0\0\0\0\0\0\x03\0\x29\0\
\0\0\0\0\0\0\0\0\0\0\0\0\0\0\0\0\0\0\0\0\x03\0\x2b\0\0\0\0\0\0\0\0\0\0\0\0\0\0\
\0\0\0\x07\x03\0\0\x12\0\x03\0\0\0\0\0\0\0\0\0\x08\x01\0\0\0\0\0\0\x97\x02\0\0\
\x11\0\x18\0\x50\0\0\0\0\0\0\0\x20\0\0\0\0\0\0\0\x0a\x02\0\0\x11\0\x18\0\0\0\0\
\0\0\0\0\0\x20\0\0\0\0\0\0\0\xd0\x02\0\0\x12\0\x05\0\0\0\0\0\0\0\0\0\xf8\x02\0\
\0\0\0\0\0\xc8\0\0\0\x11\0\x18\0\x40\0\0\0\0\0\0\0\x10\0\0\0\0\0\0\0\x5c\x02\0\
\0\x12\0\x07\0\0\0\0\0\0\0\0\0\x08\x01\0\0\0\0\0\0\x23\x02\0\0\x12\0\x09\0\0\0\
\0\0\0\0\0\0\xf8\x02\0\0\0\0\0\0\x5c\x01\0\0\x12\0\x0b\0\0\0\0\0\0\0\0\0\xd8\0\
\0\0\0\0\0\0\xee\x01\0\0\x11\0\x18\0\x70\0\0\0\0\0\0\0\x20\0\0\0\0\0\0\0\x96\0\
\0\0\x12\0\x0d\0\0\0\0\0\0\0\0\0\x78\x02\0\0\0\0\0\0\x47\x01\0\0\x12\0\x0f\0\0\
\0\0\0\0\0\0\0\xf8\x01\0\0\0\0\0\0\x3a\0\0\0\x12\0\x11\0\0\0\0\0\0\0\0\0\x10\
\x01\0\0\0\0\0\0\xfc\x01\0\0\x11\0\x18\0\x20\0\0\0\0\0\0\0\x20\0\0\0\0\0\0\0\
\x01\0\0\0\x12\0\x13\0\0\0\0\0\0\0\0\0\0\x03\0\0\0\0\0\0\x10\x01\0\0\x12\0\x15\
\0\0\0\0\0\0\0\0\0\xf8\x01\0\0\0\0\0\0\x6e\x03\0\0\x11\0\x17\0\0\0\0\0\0\0\0\0\
\x0d\0\0\0\0\0\0\0\xa6\x02\0\0\x11\0\x17\0\x0d\0\0\0\0\0\0\0\x0d\0\0\0\0\0\0\0\
\x40\0\0\0\0\0\0\0\x01\0\0\0\x16\0\0\0\xd8\0\0\0\0\0\0\0\x01\0\0\0\x17\0\0\0\
\x40\0\0\0\0\0\0\0\x01\0\0\0\x16\0\0\0\xa8\0\0\0\0\0\0\0\x01\0\0\0\x17\0\0\0\
\xd0\0\0\0\0\0\0\0\x01\0\0\0\x19\0\0\0\xd0\x02\0\0\0\0\0\0\x01\0\0\0\x17\0\0\0\
\x40\0\0\0\0\0\0\0\x01\0\0\0\x16\0\0\0\xd8\0\0\0\0\0\0\0\x01\0\0\0\x17\0\0\0\
\x40\0\0\0\0\0\0\0\x01\0\0\0\x16\0\0\0\xa8\0\0\0\0\0\0\0\x01\0\0\0\x17\0\0\0\
\xd0\0\0\0\0\0\0\0\x01\0\0\0\x19\0\0\0\xd0\x02\0\0\0\0\0\0\x01\0\0\0\x17\0\0\0\
\x40\0\0\0\0\0\0\0\x01\0\0\0\x16\0\0\0\xa8\0\0\0\0\0\0\0\x01\0\0\0\x1d\0\0\0\
\x50\0\0\0\0\0\0\0\x01\0\0\0\x16\0\0\0\xa8\0\0\0\0\0\0\0\x01\0\0\0\x1d\0\0\0\
\xd8\0\0\0\0\0\0\0\x01\0\0\0\x19\0\0\0\x50\x02\0\0\0\0\0\0\x01\0\0\0\x1d\0\0\0\
\x40\0\0\0\0\0\0\0\x01\0\0\0\x16\0\0\0\x80\0\0\0\0\0\0\0\x01\0\0\0\x19\0\0\0\
\x40\0\0\0\0\0\0\0\x01\0\0\0\x16\0\0\0\xe0\0\0\0\0\0\0\0\x01\0\0\0\x21\0\0\0\
\x50\0\0\0\0\0\0\0\x01\0\0\0\x16\0\0\0\xa0\0\0\0\0\0\0\0\x01\0\0\0\x21\0\0\0\
\x08\x01\0\0\0\0\0\0\x01\0\0\0\x19\0\0\0\xd8\x02\0\0\0\0\0\0\x01\0\0\0\x21\0\0\
\0\x40\0\0\0\0\0\0\0\x01\0\0\0\x16\0\0\0\x80\0\0\0\0\0\0\0\x01\0\0\0\x19\0\0\0\
\x08\0\0\0\0\0\0\0\x03\0\0\0\x0d\0\0\0\x11\0\0\0\0\0\0\0\x03\0\0\0\x0f\0\0\0\
\x15\0\0\0\0\0\0\0\x03\0\0\0\x13\0\0\0\x23\0\0\0\0\0\0\0\x03\0\0\0\x11\0\0\0\
\x27\0\0\0\0\0\0\0\x03\0\0\0\x0e\0\0\0\x2b\0\0\0\0\0\0\0\x03\0\0\0\x0c\0\0\0\
\x08\0\0\0\0\0\0\0\x03\0\0\0\x10\0\0\0\x0c\0\0\0\0\0\0\0\x03\0\0\0\x10\0\0\0\
\x10\0\0\0\0\0\0\0\x03\0\0\0\x10\0\0\0\x14\0\0\0\0\0\0\0\x03\0\0\0\x10\0\0\0\
\x18\0\0\0\0\0\0\0\x03\0\0\0\x10\0\0\0\x1c\0\0\0\0\0\0\0\x03\0\0\0\x10\0\0\0\
\x20\0\0\0\0\0\0\0\x03\0\0\0\x10\0\0\0\x24\0\0\0\0\0\0\0\x03\0\0\0\x10\0\0\0\
\x28\0\0\0\0\0\0\0\x03\0\0\0\x10\0\0\0\x2c\0\0\0\0\0\0\0\x03\0\0\0\x10\0\0\0\
\x30\0\0\0\0\0\0\0\x03\0\0\0\x10\0\0\0\x34\0\0\0\0\0\0\0\x03\0\0\0\x10\0\0\0\
\x38\0\0\0\0\0\0\0\x03\0\0\0\x10\0\0\0\x3c\0\0\0\0\0\0\0\x03\0\0\0\x10\0\0\0\
\x40\0\0\0\0\0\0\0\x03\0\0\0\x10\0\0\0\x44\0\0\0\0\0\0\0\x03\0\0\0\x10\0\0\0\
\x48\0\0\0\0\0\0\0\x03\0\0\0\x10\0\0\0\x4c\0\0\0\0\0\0\0\x03\0\0\0\x10\0\0\0\
\x50\0\0\0\0\0\0\0\x03\0\0\0\x10\0\0\0\x54\0\0\0\0\0\0\0\x03\0\0\0\x10\0\0\0\
\x58\0\0\0\0\0\0\0\x03\0\0\0\x10\0\0\0\x5c\0\0\0\0\0\0\0\x03\0\0\0\x10\0\0\0\
\x60\0\0\0\0\0\0\0\x03\0\0\0\x10\0\0\0\x64\0\0\0\0\0\0\0\x03\0\0\0\x10\0\0\0\
\x68\0\0\0\0\0\0\0\x03\0\0\0\x10\0\0\0\x6c\0\0\0\0\0\0\0\x03\0\0\0\x10\0\0\0\
\x70\0\0\0\0\0\0\0\x03\0\0\0\x10\0\0\0\x74\0\0\0\0\0\0\0\x03\0\0\0\x10\0\0\0\
\x78\0\0\0\0\0\0\0\x03\0\0\0\x10\0\0\0\x7c\0\0\0\0\0\0\0\x03\0\0\0\x10\0\0\0\
\x80\0\0\0\0\0\0\0\x03\0\0\0\x10\0\0\0\x84\0\0\0\0\0\0\0\x03\0\0\0\x10\0\0\0\
\x88\0\0\0\0\0\0\0\x03\0\0\0\x10\0\0\0\x8c\0\0\0\0\0\0\0\x03\0\0\0\x10\0\0\0\
\x90\0\0\0\0\0\0\0\x03\0\0\0\x10\0\0\0\x94\0\0\0\0\0\0\0\x03\0\0\0\x10\0\0\0\
\x98\0\0\0\0\0\0\0\x03\0\0\0\x10\0\0\0\x9c\0\0\0\0\0\0\0\x03\0\0\0\x10\0\0\0\
\xa0\0\0\0\0\0\0\0\x03\0\0\0\x10\0\0\0\xa4\0\0\0\0\0\0\0\x03\0\0\0\x10\0\0\0\
\xa8\0\0\0\0\0\0\0\x03\0\0\0\x10\0\0\0\xac\0\0\0\0\0\0\0\x03\0\0\0\x10\0\0\0\
\xb0\0\0\0\0\0\0\0\x03\0\0\0\x10\0\0\0\xb4\0\0\0\0\0\0\0\x03\0\0\0\x10\0\0\0\
\xb8\0\0\0\0\0\0\0\x03\0\0\0\x10\0\0\0\xbc\0\0\0\0\0\0\0\x03\0\0\0\x10\0\0\0\
\xc0\0\0\0\0\0\0\0\x03\0\0\0\x10\0\0\0\xc4\0\0\0\0\0\0\0\x03\0\0\0\x10\0\0\0\
\xc8\0\0\0\0\0\0\0\x03\0\0\0\x10\0\0\0\xcc\0\0\0\0\0\0\0\x03\0\0\0\x10\0\0\0\
\xd0\0\0\0\0\0\0\0\x03\0\0\0\x10\0\0\0\xd4\0\0\0\0\0\0\0\x03\0\0\0\x10\0\0\0\
\xd8\0\0\0\0\0\0\0\x03\0\0\0\x10\0\0\0\xdc\0\0\0\0\0\0\0\x03\0\0\0\x10\0\0\0\
\xe0\0\0\0\0\0\0\0\x03\0\0\0\x10\0\0\0\xe4\0\0\0\0\0\0\0\x03\0\0\0\x10\0\0\0\
\xe8\0\0\0\0\0\0\0\x03\0\0\0\x10\0\0\0\xec\0\0\0\0\0\0\0\x03\0\0\0\x10\0\0\0\
\xf0\0\0\0\0\0\0\0\x03\0\0\0\x10\0\0\0\xf4\0\0\0\0\0\0\0\x03\0\0\0\x10\0\0\0\
\xf8\0\0\0\0\0\0\0\x03\0\0\0\x10\0\0\0\xfc\0\0\0\0\0\0\0\x03\0\0\0\x10\0\0\0\0\
\x01\0\0\0\0\0\0\x03\0\0\0\x10\0\0\0\x04\x01\0\0\0\0\0\0\x03\0\0\0\x10\0\0\0\
\x08\x01\0\0\0\0\0\0\x03\0\0\0\x10\0\0\0\x0c\x01\0\0\0\0\0\0\x03\0\0\0\x10\0\0\
\0\x10\x01\0\0\0\0\0\0\x03\0\0\0\x10\0\0\0\x14\x01\0\0\0\0\0\0\x03\0\0\0\x10\0\
\0\0\x18\x01\0\0\0\0\0\0\x03\0\0\0\x10\0\0\0\x1c\x01\0\0\0\0\0\0\x03\0\0\0\x10\
\0\0\0\x20\x01\0\0\0\0\0\0\x03\0\0\0\x10\0\0\0\x24\x01\0\0\0\0\0\0\x03\0\0\0\
\x10\0\0\0\x28\x01\0\0\0\0\0\0\x03\0\0\0\x10\0\0\0\x2c\x01\0\0\0\0\0\0\x03\0\0\
\0\x10\0\0\0\x30\x01\0\0\0\0\0\0\x03\0\0\0\x10\0\0\0\x34\x01\0\0\0\0\0\0\x03\0\
\0\0\x10\0\0\0\x38\x01\0\0\0\0\0\0\x03\0\0\0\x10\0\0\0\x3c\x01\0\0\0\0\0\0\x03\
\0\0\0\x10\0\0\0\x40\x01\0\0\0\0\0\0\x03\0\0\0\x10\0\0\0\x44\x01\0\0\0\0\0\0\
\x03\0\0\0\x10\0\0\0\x48\x01\0\0\0\0\0\0\x03\0\0\0\x10\0\0\0\x4c\x01\0\0\0\0\0\
\0\x03\0\0\0\x10\0\0\0\x50\x01\0\0\0\0\0\0\x03\0\0\0\x10\0\0\0\x54\x01\0\0\0\0\
\0\0\x03\0\0\0\x10\0\0\0\x58\x01\0\0\0\0\0\0\x03\0\0\0\x10\0\0\0\x5c\x01\0\0\0\
\0\0\0\x03\0\0\0\x10\0\0\0\x60\x01\0\0\0\0\0\0\x03\0\0\0\x10\0\0\0\x64\x01\0\0\
\0\0\0\0\x03\0\0\0\x10\0\0\0\x68\x01\0\0\0\0\0\0\x03\0\0\0\x10\0\0\0\x6c\x01\0\
\0\0\0\0\0\x03\0\0\0\x10\0\0\0\x70\x01\0\0\0\0\0\0\x03\0\0\0\x10\0\0\0\x74\x01\
\0\0\0\0\0\0\x03\0\0\0\x10\0\0\0\x78\x01\0\0\0\0\0\0\x03\0\0\0\x10\0\0\0\x7c\
\x01\0\0\0\0\0\0\x03\0\0\0\x10\0\0\0\x80\x01\0\0\0\0\0\0\x03\0\0\0\x10\0\0\0\
\x84\x01\0\0\0\0\0\0\x03\0\0\0\x10\0\0\0\x88\x01\0\0\0\0\0\0\x03\0\0\0\x10\0\0\
\0\x8c\x01\0\0\0\0\0\0\x03\0\0\0\x10\0\0\0\x90\x01\0\0\0\0\0\0\x03\0\0\0\x10\0\
\0\0\x94\x01\0\0\0\0\0\0\x03\0\0\0\x10\0\0\0\x98\x01\0\0\0\0\0\0\x03\0\0\0\x10\
\0\0\0\x9c\x01\0\0\0\0\0\0\x03\0\0\0\x10\0\0\0\xa0\x01\0\0\0\0\0\0\x03\0\0\0\
\x10\0\0\0\xa4\x01\0\0\0\0\0\0\x03\0\0\0\x10\0\0\0\xa8\x01\0\0\0\0\0\0\x03\0\0\
\0\x10\0\0\0\xac\x01\0\0\0\0\0\0\x03\0\0\0\x10\0\0\0\xb0\x01\0\0\0\0\0\0\x03\0\
\0\0\x10\0\0\0\xb4\x01\0\0\0\0\0\0\x03\0\0\0\x10\0\0\0\xb8\x01\0\0\0\0\0\0\x03\
\0\0\0\x10\0\0\0\xbc\x01\0\0\0\0\0\0\x03\0\0\0\x10\0\0\0\xc0\x01\0\0\0\0\0\0\
\x03\0\0\0\x10\0\0\0\xc4\x01\0\0\0\0\0\0\x03\0\0\0\x10\0\0\0\xc8\x01\0\0\0\0\0\
\0\x03\0\0\0\x10\0\0\0\xcc\x01\0\0\0\0\0\0\x03\0\0\0\x10\0\0\0\xd0\x01\0\0\0\0\
\0\0\x03\0\0\0\x10\0\0\0\xd4\x01\0\0\0\0\0\0\x03\0\0\0\x10\0\0\0\xd8\x01\0\0\0\
\0\0\0\x03\0\0\0\x10\0\0\0\xdc\x01\0\0\0\0\0\0\x03\0\0\0\x10\0\0\0\xe0\x01\0\0\
\0\0\0\0\x03\0\0\0\x10\0\0\0\xe4\x01\0\0\0\0\0\0\x03\0\0\0\x10\0\0\0\xe8\x01\0\
\0\0\0\0\0\x03\0\0\0\x10\0\0\0\xec\x01\0\0\0\0\0\0\x03\0\0\0\x10\0\0\0\xf0\x01\
\0\0\0\0\0\0\x03\0\0\0\x10\0\0\0\xf4\x01\0\0\0\0\0\0\x03\0\0\0\x10\0\0\0\xf8\
\x01\0\0\0\0\0\0\x03\0\0\0\x10\0\0\0\xfc\x01\0\0\0\0\0\0\x03\0\0\0\x10\0\0\0\0\
\x02\0\0\0\0\0\0\x03\0\0\0\x10\0\0\0\x04\x02\0\0\0\0\0\0\x03\0\0\0\x10\0\0\0\
\x08\x02\0\0\0\0\0\0\x03\0\0\0\x10\0\0\0\x0c\x02\0\0\0\0\0\0\x03\0\0\0\x10\0\0\
\0\x10\x02\0\0\0\0\0\0\x03\0\0\0\x10\0\0\0\x14\x02\0\0\0\0\0\0\x03\0\0\0\x10\0\
\0\0\x18\x02\0\0\0\0\0\0\x03\0\0\0\x10\0\0\0\x1c\x02\0\0\0\0\0\0\x03\0\0\0\x10\
\0\0\0\x20\x02\0\0\0\0\0\0\x03\0\0\0\x10\0\0\0\x24\x02\0\0\0\0\0\0\x03\0\0\0\
\x10\0\0\0\x28\x02\0\0\0\0\0\0\x03\0\0\0\x10\0\0\0\x2c\x02\0\0\0\0\0\0\x03\0\0\
\0\x10\0\0\0\x30\x02\0\0\0\0\0\0\x03\0\0\0\x10\0\0\0\x34\x02\0\0\0\0\0\0\x03\0\
\0\0\x10\0\0\0\x38\x02\0\0\0\0\0\0\x03\0\0\0\x10\0\0\0\x3c\x02\0\0\0\0\0\0\x03\
\0\0\0\x10\0\0\0\x40\x02\0\0\0\0\0\0\x03\0\0\0\x10\0\0\0\x44\x02\0\0\0\0\0\0\
\x03\0\0\0\x10\0\0\0\x48\x02\0\0\0\0\0\0\x03\0\0\0\x10\0\0\0\x4c\x02\0\0\0\0\0\
\0\x03\0\0\0\x10\0\0\0\x50\x02\0\0\0\0\0\0\x03\0\0\0\x10\0\0\0\x54\x02\0\0\0\0\
\0\0\x03\0\0\0\x10\0\0\0\x58\x02\0\0\0\0\0\0\x03\0\0\0\x10\0\0\0\x5c\x02\0\0\0\
\0\0\0\x03\0\0\0\x10\0\0\0\x60\x02\0\0\0\0\0\0\x03\0\0\0\x10\0\0\0\x64\x02\0\0\
\0\0\0\0\x03\0\0\0\x10\0\0\0\x68\x02\0\0\0\0\0\0\x03\0\0\0\x10\0\0\0\x6c\x02\0\
\0\0\0\0\0\x03\0\0\0\x10\0\0\0\x70\x02\0\0\0\0\0\0\x03\0\0\0\x10\0\0\0\x74\x02\
\0\0\0\0\0\0\x03\0\0\0\x10\0\0\0\x78\x02\0\0\0\0\0\0\x03\0\0\0\x10\0\0\0\x7c\
\x02\0\0\0\0\0\0\x03\0\0\0\x10\0\0\0\x80\x02\0\0\0\0\0\0\x03\0\0\0\x10\0\0\0\
\x84\x02\0\0\0\0\0\0\x03\0\0\0\x10\0\0\0\x88\x02\0\0\0\0\0\0\x03\0\0\0\x10\0\0\
\0\x8c\x02\0\0\0\0\0\0\x03\0\0\0\x10\0\0\0\x90\x02\0\0\0\0\0\0\x03\0\0\0\x10\0\
\0\0\x94\x02\0\0\0\0\0\0\x03\0\0\0\x10\0\0\0\x98\x02\0\0\0\0\0\0\x03\0\0\0\x10\
\0\0\0\x9c\x02\0\0\0\0\0\0\x03\0\0\0\x10\0\0\0\xa0\x02\0\0\0\0\0\0\x03\0\0\0\
\x10\0\0\0\x08\0\0\0\0\0\0\0\x02\0\0\0\x24\0\0\0\x10\0\0\0\0\0\0\0\x02\0\0\0\
\x25\0\0\0\x18\0\0\0\0\0\0\0\x02\0\0\0\x19\0\0\0\x20\0\0\0\0\0\0\0\x02\0\0\0\
\x16\0\0\0\x28\0\0\0\0\0\0\0\x02\0\0\0\x17\0\0\0\x30\0\0\0\0\0\0\0\x02\0\0\0\
\x1d\0\0\0\x38\0\0\0\0\0\0\0\x02\0\0\0\x21\0\0\0\x40\0\0\0\0\0\0\0\x02\0\0\0\
\x02\0\0\0\x48\0\0\0\0\0\0\0\x02\0\0\0\x02\0\0\0\x50\0\0\0\0\0\0\0\x02\0\0\0\
\x03\0\0\0\x58\0\0\0\0\0\0\0\x02\0\0\0\x03\0\0\0\x60\0\0\0\0\0\0\0\x02\0\0\0\
\x03\0\0\0\x68\0\0\0\0\0\0\0\x02\0\0\0\x03\0\0\0\x70\0\0\0\0\0\0\0\x02\0\0\0\
\x04\0\0\0\x78\0\0\0\0\0\0\0\x02\0\0\0\x04\0\0\0\x80\0\0\0\0\0\0\0\x02\0\0\0\
\x05\0\0\0\x88\0\0\0\0\0\0\0\x02\0\0\0\x05\0\0\0\x90\0\0\0\0\0\0\0\x02\0\0\0\
\x05\0\0\0\x98\0\0\0\0\0\0\0\x02\0\0\0\x05\0\0\0\xa0\0\0\0\0\0\0\0\x02\0\0\0\
\x06\0\0\0\xa8\0\0\0\0\0\0\0\x02\0\0\0\x06\0\0\0\xb0\0\0\0\0\0\0\0\x02\0\0\0\
\x06\0\0\0\xb8\0\0\0\0\0\0\0\x02\0\0\0\x07\0\0\0\xc0\0\0\0\0\0\0\0\x02\0\0\0\
\x07\0\0\0\xc8\0\0\0\0\0\0\0\x02\0\0\0\x07\0\0\0\xd0\0\0\0\0\0\0\0\x02\0\0\0\
\x07\0\0\0\xd8\0\0\0\0\0\0\0\x02\0\0\0\x08\0\0\0\xe0\0\0\0\0\0\0\0\x02\0\0\0\
\x08\0\0\0\xe8\0\0\0\0\0\0\0\x02\0\0\0\x08\0\0\0\xf0\0\0\0\0\0\0\0\x02\0\0\0\
\x08\0\0\0\xf8\0\0\0\0\0\0\0\x02\0\0\0\x09\0\0\0\0\x01\0\0\0\0\0\0\x02\0\0\0\
\x09\0\0\0\x08\x01\0\0\0\0\0\0\x02\0\0\0\x0a\0\0\0\x10\x01\0\0\0\0\0\0\x02\0\0\
\0\x0a\0\0\0\x18\x01\0\0\0\0\0\0\x02\0\0\0\x0a\0\0\0\x20\x01\0\0\0\0\0\0\x02\0\
\0\0\x0b\0\0\0\x28\x01\0\0\0\0\0\0\x02\0\0\0\x0b\0\0\0\x30\x01\0\0\0\0\0\0\x02\
\0\0\0\x0b\0\0\0\x38\x01\0\0\0\0\0\0\x02\0\0\0\x07\0\0\0\x40\x01\0\0\0\0\0\0\
\x02\0\0\0\x0a\0\0\0\xb0\x08\0\0\0\0\0\0\x04\0\0\0\x17\0\0\0\xbc\x08\0\0\0\0\0\
\0\x04\0\0\0\x21\0\0\0\xc8\x08\0\0\0\0\0\0\x04\0\0\0\x19\0\0\0\xd4\x08\0\0\0\0\
\0\0\x04\0\0\0\x16\0\0\0\xe0\x08\0\0\0\0\0\0\x04\0\0\0\x1d\0\0\0\xf8\x08\0\0\0\
\0\0\0\x04\0\0\0\x24\0\0\0\x04\x09\0\0\0\0\0\0\x04\0\0\0\x25\0\0\0\x2c\0\0\0\0\
\0\0\0\x04\0\0\0\x02\0\0\0\x3c\0\0\0\0\0\0\0\x04\0\0\0\x03\0\0\0\x4c\0\0\0\0\0\
\0\0\x04\0\0\0\x04\0\0\0\x5c\0\0\0\0\0\0\0\x04\0\0\0\x05\0\0\0\x6c\0\0\0\0\0\0\
\0\x04\0\0\0\x06\0\0\0\x7c\0\0\0\0\0\0\0\x04\0\0\0\x07\0\0\0\x8c\0\0\0\0\0\0\0\
\x04\0\0\0\x08\0\0\0\x9c\0\0\0\0\0\0\0\x04\0\0\0\x09\0\0\0\xac\0\0\0\0\0\0\0\
\x04\0\0\0\x0a\0\0\0\xbc\0\0\0\0\0\0\0\x04\0\0\0\x0b\0\0\0\xd0\0\0\0\0\0\0\0\
\x04\0\0\0\x02\0\0\0\xe0\0\0\0\0\0\0\0\x04\0\0\0\x02\0\0\0\xf0\0\0\0\0\0\0\0\
\x04\0\0\0\x02\0\0\0\0\x01\0\0\0\0\0\0\x04\0\0\0\x02\0\0\0\x10\x01\0\0\0\0\0\0\
\x04\0\0\0\x02\0\0\0\x20\x01\0\0\0\0\0\0\x04\0\0\0\x02\0\0\0\x30\x01\0\0\0\0\0\
\0\x04\0\0\0\x02\0\0\0\x40\x01\0\0\0\0\0\0\x04\0\0\0\x02\0\0\0\x50\x01\0\0\0\0\
\0\0\x04\0\0\0\x02\0\0\0\x60\x01\0\0\0\0\0\0\x04\0\0\0\x02\0\0\0\x70\x01\0\0\0\
\0\0\0\x04\0\0\0\x02\0\0\0\x80\x01\0\0\0\0\0\0\x04\0\0\0\x02\0\0\0\x90\x01\0\0\
\0\0\0\0\x04\0\0\0\x02\0\0\0\xa0\x01\0\0\0\0\0\0\x04\0\0\0\x02\0\0\0\xb0\x01\0\
\0\0\0\0\0\x04\0\0\0\x02\0\0\0\xc0\x01\0\0\0\0\0\0\x04\0\0\0\x02\0\0\0\xd0\x01\
\0\0\0\0\0\0\x04\0\0\0\x02\0\0\0\xe0\x01\0\0\0\0\0\0\x04\0\0\0\x02\0\0\0\xf8\
\x01\0\0\0\0\0\0\x04\0\0\0\x03\0\0\0\x08\x02\0\0\0\0\0\0\x04\0\0\0\x03\0\0\0\
\x18\x02\0\0\0\0\0\0\x04\0\0\0\x03\0\0\0\x28\x02\0\0\0\0\0\0\x04\0\0\0\x03\0\0\
\0\x38\x02\0\0\0\0\0\0\x04\0\0\0\x03\0\0\0\x48\x02\0\0\0\0\0\0\x04\0\0\0\x03\0\
\0\0\x58\x02\0\0\0\0\0\0\x04\0\0\0\x03\0\0\0\x68\x02\0\0\0\0\0\0\x04\0\0\0\x03\
\0\0\0\x78\x02\0\0\0\0\0\0\x04\0\0\0\x03\0\0\0\x88\x02\0\0\0\0\0\0\x04\0\0\0\
\x03\0\0\0\x98\x02\0\0\0\0\0\0\x04\0\0\0\x03\0\0\0\xa8\x02\0\0\0\0\0\0\x04\0\0\
\0\x03\0\0\0\xb8\x02\0\0\0\0\0\0\x04\0\0\0\x03\0\0\0\xc8\x02\0\0\0\0\0\0\x04\0\
\0\0\x03\0\0\0\xd8\x02\0\0\0\0\0\0\x04\0\0\0\x03\0\0\0\xe8\x02\0\0\0\0\0\0\x04\
\0\0\0\x03\0\0\0\xf8\x02\0\0\0\0\0\0\x04\0\0\0\x03\0\0\0\x08\x03\0\0\0\0\0\0\
\x04\0\0\0\x03\0\0\0\x18\x03\0\0\0\0\0\0\x04\0\0\0\x03\0\0\0\x28\x03\0\0\0\0\0\
\0\x04\0\0\0\x03\0\0\0\x38\x03\0\0\0\0\0\0\x04\0\0\0\x03\0\0\0\x48\x03\0\0\0\0\
\0\0\x04\0\0\0\x03\0\0\0\x58\x03\0\0\0\0\0\0\x04\0\0\0\x03\0\0\0\x68\x03\0\0\0\
\0\0\0\x04\0\0\0\x03\0\0\0\x78\x03\0\0\0\0\0\0\x04\0\0\0\x03\0\0\0\x88\x03\0\0\
\0\0\0\0\x04\0\0\0\x03\0\0\0\x98\x03\0\0\0\0\0\0\x04\0\0\0\x03\0\0\0\xa8\x03\0\
\0\0\0\0\0\x04\0\0\0\x03\0\0\0\xb8\x03\0\0\0\0\0\0\x04\0\0\0\x03\0\0\0\xc8\x03\
\0\0\0\0\0\0\x04\0\0\0\x03\0\0\0\xd8\x03\0\0\0\0\0\0\x04\0\0\0\x03\0\0\0\xe8\
\x03\0\0\0\0\0\0\x04\0\0\0\x03\0\0\0\xf8\x03\0\0\0\0\0\0\x04\0\0\0\x03\0\0\0\
\x08\x04\0\0\0\0\0\0\x04\0\0\0\x03\0\0\0\x18\x04\0\0\0\0\0\0\x04\0\0\0\x03\0\0\
\0\x28\x04\0\0\0\0\0\0\x04\0\0\0\x03\0\0\0\x38\x04\0\0\0\0\0\0\x04\0\0\0\x03\0\
\0\0\x48\x04\0\0\0\0\0\0\x04\0\0\0\x03\0\0\0\x58\x04\0\0\0\0\0\0\x04\0\0\0\x03\
\0\0\0\x68\x04\0\0\0\0\0\0\x04\0\0\0\x03\0\0\0\x78\x04\0\0\0\0\0\0\x04\0\0\0\
\x03\0\0\0\x88\x04\0\0\0\0\0\0\x04\0\0\0\x03\0\0\0\x98\x04\0\0\0\0\0\0\x04\0\0\
\0\x03\0\0\0\xa8\x04\0\0\0\0\0\0\x04\0\0\0\x03\0\0\0\xb8\x04\0\0\0\0\0\0\x04\0\
\0\0\x03\0\0\0\xc8\x04\0\0\0\0\0\0\x04\0\0\0\x03\0\0\0\xd8\x04\0\0\0\0\0\0\x04\
\0\0\0\x03\0\0\0\xe8\x04\0\0\0\0\0\0\x04\0\0\0\x03\0\0\0\xf8\x04\0\0\0\0\0\0\
\x04\0\0\0\x03\0\0\0\x08\x05\0\0\0\0\0\0\x04\0\0\0\x03\0\0\0\x20\x05\0\0\0\0\0\
\0\x04\0\0\0\x04\0\0\0\x30\x05\0\0\0\0\0\0\x04\0\0\0\x04\0\0\0\x40\x05\0\0\0\0\
\0\0\x04\0\0\0\x04\0\0\0\x50\x05\0\0\0\0\0\0\x04\0\0\0\x04\0\0\0\x60\x05\0\0\0\
\0\0\0\x04\0\0\0\x04\0\0\0\x70\x05\0\0\0\0\0\0\x04\0\0\0\x04\0\0\0\x80\x05\0\0\
\0\0\0\0\x04\0\0\0\x04\0\0\0\x90\x05\0\0\0\0\0\0\x04\0\0\0\x04\0\0\0\xa0\x05\0\
\0\0\0\0\0\x04\0\0\0\x04\0\0\0\xb0\x05\0\0\0\0\0\0\x04\0\0\0\x04\0\0\0\xc0\x05\
\0\0\0\0\0\0\x04\0\0\0\x04\0\0\0\xd0\x05\0\0\0\0\0\0\x04\0\0\0\x04\0\0\0\xe0\
\x05\0\0\0\0\0\0\x04\0\0\0\x04\0\0\0\xf0\x05\0\0\0\0\0\0\x04\0\0\0\x04\0\0\0\0\
\x06\0\0\0\0\0\0\x04\0\0\0\x04\0\0\0\x10\x06\0\0\0\0\0\0\x04\0\0\0\x04\0\0\0\
\x20\x06\0\0\0\0\0\0\x04\0\0\0\x04\0\0\0\x30\x06\0\0\0\0\0\0\x04\0\0\0\x04\0\0\
\0\x48\x06\0\0\0\0\0\0\x04\0\0\0\x05\0\0\0\x58\x06\0\0\0\0\0\0\x04\0\0\0\x05\0\
\0\0\x68\x06\0\0\0\0\0\0\x04\0\0\0\x05\0\0\0\x78\x06\0\0\0\0\0\0\x04\0\0\0\x05\
\0\0\0\x88\x06\0\0\0\0\0\0\x04\0\0\0\x05\0\0\0\x98\x06\0\0\0\0\0\0\x04\0\0\0\
\x05\0\0\0\xa8\x06\0\0\0\0\0\0\x04\0\0\0\x05\0\0\0\xb8\x06\0\0\0\0\0\0\x04\0\0\
\0\x05\0\0\0\xc8\x06\0\0\0\0\0\0\x04\0\0\0\x05\0\0\0\xd8\x06\0\0\0\0\0\0\x04\0\
\0\0\x05\0\0\0\xe8\x06\0\0\0\0\0\0\x04\0\0\0\x05\0\0\0\xf8\x06\0\0\0\0\0\0\x04\
\0\0\0\x05\0\0\0\x08\x07\0\0\0\0\0\0\x04\0\0\0\x05\0\0\0\x18\x07\0\0\0\0\0\0\
\x04\0\0\0\x05\0\0\0\x28\x07\0\0\0\0\0\0\x04\0\0\0\x05\0\0\0\x38\x07\0\0\0\0\0\
\0\x04\0\0\0\x05\0\0\0\x48\x07\0\0\0\0\0\0\x04\0\0\0\x05\0\0\0\x58\x07\0\0\0\0\
\0\0\x04\0\0\0\x05\0\0\0\x68\x07\0\0\0\0\0\0\x04\0\0\0\x05\0\0\0\x78\x07\0\0\0\
\0\0\0\x04\0\0\0\x05\0\0\0\x88\x07\0\0\0\0\0\0\x04\0\0\0\x05\0\0\0\x98\x07\0\0\
\0\0\0\0\x04\0\0\0\x05\0\0\0\xa8\x07\0\0\0\0\0\0\x04\0\0\0\x05\0\0\0\xb8\x07\0\
\0\0\0\0\0\x04\0\0\0\x05\0\0\0\xc8\x07\0\0\0\0\0\0\x04\0\0\0\x05\0\0\0\xd8\x07\
\0\0\0\0\0\0\x04\0\0\0\x05\0\0\0\xe8\x07\0\0\0\0\0\0\x04\0\0\0\x05\0\0\0\xf8\
\x07\0\0\0\0\0\0\x04\0\0\0\x05\0\0\0\x08\x08\0\0\0\0\0\0\x04\0\0\0\x05\0\0\0\
\x18\x08\0\0\0\0\0\0\x04\0\0\0\x05\0\0\0\x28\x08\0\0\0\0\0\0\x04\0\0\0\x05\0\0\
\0\x38\x08\0\0\0\0\0\0\x04\0\0\0\x05\0\0\0\x48\x08\0\0\0\0\0\0\x04\0\0\0\x05\0\
\0\0\x58\x08\0\0\0\0\0\0\x04\0\0\0\x05\0\0\0\x68\x08\0\0\0\0\0\0\x04\0\0\0\x05\
\0\0\0\x78\x08\0\0\0\0\0\0\x04\0\0\0\x05\0\0\0\x88\x08\0\0\0\0\0\0\x04\0\0\0\
\x05\0\0\0\x98\x08\0\0\0\0\0\0\x04\0\0\0\x05\0\0\0\xa8\x08\0\0\0\0\0\0\x04\0\0\
\0\x05\0\0\0\xb8\x08\0\0\0\0\0\0\x04\0\0\0\x05\0\0\0\xc8\x08\0\0\0\0\0\0\x04\0\
\0\0\x05\0\0\0\xd8\x08\0\0\0\0\0\0\x04\0\0\0\x05\0\0\0\xe8\x08\0\0\0\0\0\0\x04\
\0\0\0\x05\0\0\0\xf8\x08\0\0\0\0\0\0\x04\0\0\0\x05\0\0\0\x08\x09\0\0\0\0\0\0\
\x04\0\0\0\x05\0\0\0\x18\x09\0\0\0\0\0\0\x04\0\0\0\x05\0\0\0\x28\x09\0\0\0\0\0\
\0\x04\0\0\0\x05\0\0\0\x38\x09\0\0\0\0\0\0\x04\0\0\0\x05\0\0\0\x48\x09\0\0\0\0\
\0\0\x04\0\0\0\x05\0\0\0\x58\x09\0\0\0\0\0\0\x04\0\0\0\x05\0\0\0\x70\x09\0\0\0\
\0\0\0\x04\0\0\0\x06\0\0\0\x80\x09\0\0\0\0\0\0\x04\0\0\0\x06\0\0\0\x90\x09\0\0\
\0\0\0\0\x04\0\0\0\x06\0\0\0\xa0\x09\0\0\0\0\0\0\x04\0\0\0\x06\0\0\0\xb0\x09\0\
\0\0\0\0\0\x04\0\0\0\x06\0\0\0\xc0\x09\0\0\0\0\0\0\x04\0\0\0\x06\0\0\0\xd0\x09\
\0\0\0\0\0\0\x04\0\0\0\x06\0\0\0\xe0\x09\0\0\0\0\0\0\x04\0\0\0\x06\0\0\0\xf0\
\x09\0\0\0\0\0\0\x04\0\0\0\x06\0\0\0\0\x0a\0\0\0\0\0\0\x04\0\0\0\x06\0\0\0\x10\
\x0a\0\0\0\0\0\0\x04\0\0\0\x06\0\0\0\x20\x0a\0\0\0\0\0\0\x04\0\0\0\x06\0\0\0\
\x30\x0a\0\0\0\0\0\0\x04\0\0\0\x06\0\0\0\x40\x0a\0\0\0\0\0\0\x04\0\0\0\x06\0\0\
\0\x58\x0a\0\0\0\0\0\0\x04\0\0\0\x07\0\0\0\x68\x0a\0\0\0\0\0\0\x04\0\0\0\x07\0\
\0\0\x78\x0a\0\0\0\0\0\0\x04\0\0\0\x07\0\0\0\x88\x0a\0\0\0\0\0\0\x04\0\0\0\x07\
\0\0\0\x98\x0a\0\0\0\0\0\0\x04\0\0\0\x07\0\0\0\xa8\x0a\0\0\0\0\0\0\x04\0\0\0\
\x07\0\0\0\xb8\x0a\0\0\0\0\0\0\x04\0\0\0\x07\0\0\0\xc8\x0a\0\0\0\0\0\0\x04\0\0\
\0\x07\0\0\0\xd8\x0a\0\0\0\0\0\0\x04\0\0\0\x07\0\0\0\xe8\x0a\0\0\0\0\0\0\x04\0\
\0\0\x07\0\0\0\xf8\x0a\0\0\0\0\0\0\x04\0\0\0\x07\0\0\0\x08\x0b\0\0\0\0\0\0\x04\
\0\0\0\x07\0\0\0\x18\x0b\0\0\0\0\0\0\x04\0\0\0\x07\0\0\0\x28\x0b\0\0\0\0\0\0\
\x04\0\0\0\x07\0\0\0\x38\x0b\0\0\0\0\0\0\x04\0\0\0\x07\0\0\0\x48\x0b\0\0\0\0\0\
\0\x04\0\0\0\x07\0\0\0\x58\x0b\0\0\0\0\0\0\x04\0\0\0\x07\0\0\0\x68\x0b\0\0\0\0\
\0\0\x04\0\0\0\x07\0\0\0\x78\x0b\0\0\0\0\0\0\x04\0\0\0\x07\0\0\0\x88\x0b\0\0\0\
\0\0\0\x04\0\0\0\x07\0\0\0\x98\x0b\0\0\0\0\0\0\x04\0\0\0\x07\0\0\0\xa8\x0b\0\0\
\0\0\0\0\x04\0\0\0\x07\0\0\0\xb8\x0b\0\0\0\0\0\0\x04\0\0\0\x07\0\0\0\xc8\x0b\0\
\0\0\0\0\0\x04\0\0\0\x07\0\0\0\xd8\x0b\0\0\0\0\0\0\x04\0\0\0\x07\0\0\0\xe8\x0b\
\0\0\0\0\0\0\x04\0\0\0\x07\0\0\0\xf8\x0b\0\0\0\0\0\0\x04\0\0\0\x07\0\0\0\x08\
\x0c\0\0\0\0\0\0\x04\0\0\0\x07\0\0\0\x18\x0c\0\0\0\0\0\0\x04\0\0\0\x07\0\0\0\
\x28\x0c\0\0\0\0\0\0\x04\0\0\0\x07\0\0\0\x38\x0c\0\0\0\0\0\0\x04\0\0\0\x07\0\0\
\0\x48\x0c\0\0\0\0\0\0\x04\0\0\0\x07\0\0\0\x58\x0c\0\0\0\0\0\0\x04\0\0\0\x07\0\
\0\0\x68\x0c\0\0\0\0\0\0\x04\0\0\0\x07\0\0\0\x78\x0c\0\0\0\0\0\0\x04\0\0\0\x07\
\0\0\0\x88\x0c\0\0\0\0\0\0\x04\0\0\0\x07\0\0\0\x98\x0c\0\0\0\0\0\0\x04\0\0\0\
\x07\0\0\0\xa8\x0c\0\0\0\0\0\0\x04\0\0\0\x07\0\0\0\xb8\x0c\0\0\0\0\0\0\x04\0\0\
\0\x07\0\0\0\xc8\x0c\0\0\0\0\0\0\x04\0\0\0\x07\0\0\0\xd8\x0c\0\0\0\0\0\0\x04\0\
\0\0\x07\0\0\0\xe8\x0c\0\0\0\0\0\0\x04\0\0\0\x07\0\0\0\xf8\x0c\0\0\0\0\0\0\x04\
\0\0\0\x07\0\0\0\x10\x0d\0\0\0\0\0\0\x04\0\0\0\x08\0\0\0\x20\x0d\0\0\0\0\0\0\
\x04\0\0\0\x08\0\0\0\x30\x0d\0\0\0\0\0\0\x04\0\0\0\x08\0\0\0\x40\x0d\0\0\0\0\0\
\0\x04\0\0\0\x08\0\0\0\x50\x0d\0\0\0\0\0\0\x04\0\0\0\x08\0\0\0\x60\x0d\0\0\0\0\
\0\0\x04\0\0\0\x08\0\0\0\x70\x0d\0\0\0\0\0\0\x04\0\0\0\x08\0\0\0\x80\x0d\0\0\0\
\0\0\0\x04\0\0\0\x08\0\0\0\x90\x0d\0\0\0\0\0\0\x04\0\0\0\x08\0\0\0\xa0\x0d\0\0\
\0\0\0\0\x04\0\0\0\x08\0\0\0\xb0\x0d\0\0\0\0\0\0\x04\0\0\0\x08\0\0\0\xc0\x0d\0\
\0\0\0\0\0\x04\0\0\0\x08\0\0\0\xd0\x0d\0\0\0\0\0\0\x04\0\0\0\x08\0\0\0\xe0\x0d\
\0\0\0\0\0\0\x04\0\0\0\x08\0\0\0\xf0\x0d\0\0\0\0\0\0\x04\0\0\0\x08\0\0\0\0\x0e\
\0\0\0\0\0\0\x04\0\0\0\x08\0\0\0\x10\x0e\0\0\0\0\0\0\x04\0\0\0\x08\0\0\0\x20\
\x0e\0\0\0\0\0\0\x04\0\0\0\x08\0\0\0\x30\x0e\0\0\0\0\0\0\x04\0\0\0\x08\0\0\0\
\x40\x0e\0\0\0\0\0\0\x04\0\0\0\x08\0\0\0\x50\x0e\0\0\0\0\0\0\x04\0\0\0\x08\0\0\
\0\x60\x0e\0\0\0\0\0\0\x04\0\0\0\x08\0\0\0\x70\x0e\0\0\0\0\0\0\x04\0\0\0\x08\0\
\0\0\x80\x0e\0\0\0\0\0\0\x04\0\0\0\x08\0\0\0\x90\x0e\0\0\0\0\0\0\x04\0\0\0\x08\
\0\0\0\xa0\x0e\0\0\0\0\0\0\x04\0\0\0\x08\0\0\0\xb0\x0e\0\0\0\0\0\0\x04\0\0\0\
\x08\0\0\0\xc0\x0e\0\0\0\0\0\0\x04\0\0\0\x08\0\0\0\xd0\x0e\0\0\0\0\0\0\x04\0\0\
\0\x08\0\0\0\xe0\x0e\0\0\0\0\0\0\x04\0\0\0\x08\0\0\0\xf0\x0e\0\0\0\0\0\0\x04\0\
\0\0\x08\0\0\0\0\x0f\0\0\0\0\0\0\x04\0\0\0\x08\0\0\0\x10\x0f\0\0\0\0\0\0\x04\0\
\0\0\x08\0\0\0\x20\x0f\0\0\0\0\0\0\x04\0\0\0\x08\0\0\0\x30\x0f\0\0\0\0\0\0\x04\
\0\0\0\x08\0\0\0\x40\x0f\0\0\0\0\0\0\x04\0\0\0\x08\0\0\0\x58\x0f\0\0\0\0\0\0\
\x04\0\0\0\x09\0\0\0\x68\x0f\0\0\0\0\0\0\x04\0\0\0\x09\0\0\0\x78\x0f\0\0\0\0\0\
\0\x04\0\0\0\x09\0\0\0\x88\x0f\0\0\0\0\0\0\x04\0\0\0\x09\0\0\0\x98\x0f\0\0\0\0\
\0\0\x04\0\0\0\x09\0\0\0\xa8\x0f\0\0\0\0\0\0\x04\0\0\0\x09\0\0\0\xb8\x0f\0\0\0\
\0\0\0\x04\0\0\0\x09\0\0\0\xc8\x0f\0\0\0\0\0\0\x04\0\0\0\x09\0\0\0\xd8\x0f\0\0\
\0\0\0\0\x04\0\0\0\x09\0\0\0\xe8\x0f\0\0\0\0\0\0\x04\0\0\0\x09\0\0\0\xf8\x0f\0\
\0\0\0\0\0\x04\0\0\0\x09\0\0\0\x08\x10\0\0\0\0\0\0\x04\0\0\0\x09\0\0\0\x18\x10\
\0\0\0\0\0\0\x04\0\0\0\x09\0\0\0\x28\x10\0\0\0\0\0\0\x04\0\0\0\x09\0\0\0\x38\
\x10\0\0\0\0\0\0\x04\0\0\0\x09\0\0\0\x48\x10\0\0\0\0\0\0\x04\0\0\0\x09\0\0\0\
\x58\x10\0\0\0\0\0\0\x04\0\0\0\x09\0\0\0\x68\x10\0\0\0\0\0\0\x04\0\0\0\x09\0\0\
\0\x78\x10\0\0\0\0\0\0\x04\0\0\0\x09\0\0\0\x88\x10\0\0\0\0\0\0\x04\0\0\0\x09\0\
\0\0\xa0\x10\0\0\0\0\0\0\x04\0\0\0\x0a\0\0\0\xb0\x10\0\0\0\0\0\0\x04\0\0\0\x0a\
\0\0\0\xc0\x10\0\0\0\0\0\0\x04\0\0\0\x0a\0\0\0\xd0\x10\0\0\0\0\0\0\x04\0\0\0\
\x0a\0\0\0\xe0\x10\0\0\0\0\0\0\x04\0\0\0\x0a\0\0\0\xf0\x10\0\0\0\0\0\0\x04\0\0\
\0\x0a\0\0\0\0\x11\0\0\0\0\0\0\x04\0\0\0\x0a\0\0\0\x10\x11\0\0\0\0\0\0\x04\0\0\
\0\x0a\0\0\0\x20\x11\0\0\0\0\0\0\x04\0\0\0\x0a\0\0\0\x30\x11\0\0\0\0\0\0\x04\0\
\0\0\x0a\0\0\0\x40\x11\0\0\0\0\0\0\x04\0\0\0\x0a\0\0\0\x50\x11\0\0\0\0\0\0\x04\
\0\0\0\x0a\0\0\0\x60\x11\0\0\0\0\0\0\x04\0\0\0\x0a\0\0\0\x70\x11\0\0\0\0\0\0\
\x04\0\0\0\x0a\0\0\0\x80\x11\0\0\0\0\0\0\x04\0\0\0\x0a\0\0\0\x90\x11\0\0\0\0\0\
\0\x04\0\0\0\x0a\0\0\0\xa0\x11\0\0\0\0\0\0\x04\0\0\0\x0a\0\0\0\xb0\x11\0\0\0\0\
\0\0\x04\0\0\0\x0a\0\0\0\xc0\x11\0\0\0\0\0\0\x04\0\0\0\x0a\0\0\0\xd0\x11\0\0\0\
\0\0\0\x04\0\0\0\x0a\0\0\0\xe0\x11\0\0\0\0\0\0\x04\0\0\0\x0a\0\0\0\xf0\x11\0\0\
\0\0\0\0\x04\0\0\0\x0a\0\0\0\0\x12\0\0\0\0\0\0\x04\0\0\0\x0a\0\0\0\x10\x12\0\0\
\0\0\0\0\x04\0\0\0\x0a\0\0\0\x20\x12\0\0\0\0\0\0\x04\0\0\0\x0a\0\0\0\x30\x12\0\
\0\0\0\0\0\x04\0\0\0\x0a\0\0\0\x40\x12\0\0\0\0\0\0\x04\0\0\0\x0a\0\0\0\x50\x12\
\0\0\0\0\0\0\x04\0\0\0\x0a\0\0\0\x60\x12\0\0\0\0\0\0\x04\0\0\0\x0a\0\0\0\x70\
\x12\0\0\0\0\0\0\x04\0\0\0\x0a\0\0\0\x80\x12\0\0\0\0\0\0\x04\0\0\0\x0a\0\0\0\
\x90\x12\0\0\0\0\0\0\x04\0\0\0\x0a\0\0\0\xa0\x12\0\0\0\0\0\0\x04\0\0\0\x0a\0\0\
\0\xb0\x12\0\0\0\0\0\0\x04\0\0\0\x0a\0\0\0\xc0\x12\0\0\0\0\0\0\x04\0\0\0\x0a\0\
\0\0\xd0\x12\0\0\0\0\0\0\x04\0\0\0\x0a\0\0\0\xe0\x12\0\0\0\0\0\0\x04\0\0\0\x0a\
\0\0\0\xf0\x12\0\0\0\0\0\0\x04\0\0\0\x0a\0\0\0\0\x13\0\0\0\0\0\0\x04\0\0\0\x0a\
\0\0\0\x10\x13\0\0\0\0\0\0\x04\0\0\0\x0a\0\0\0\x20\x13\0\0\0\0\0\0\x04\0\0\0\
\x0a\0\0\0\x30\x13\0\0\0\0\0\0\x04\0\0\0\x0a\0\0\0\x40\x13\0\0\0\0\0\0\x04\0\0\
\0\x0a\0\0\0\x50\x13\0\0\0\0\0\0\x04\0\0\0\x0a\0\0\0\x60\x13\0\0\0\0\0\0\x04\0\
\0\0\x0a\0\0\0\x70\x13\0\0\0\0\0\0\x04\0\0\0\x0a\0\0\0\x80\x13\0\0\0\0\0\0\x04\
\0\0\0\x0a\0\0\0\x90\x13\0\0\0\0\0\0\x04\0\0\0\x0a\0\0\0\xa0\x13\0\0\0\0\0\0\
\x04\0\0\0\x0a\0\0\0\xb0\x13\0\0\0\0\0\0\x04\0\0\0\x0a\0\0\0\xc0\x13\0\0\0\0\0\
\0\x04\0\0\0\x0a\0\0\0\xd0\x13\0\0\0\0\0\0\x04\0\0\0\x0a\0\0\0\xe0\x13\0\0\0\0\
\0\0\x04\0\0\0\x0a\0\0\0\xf8\x13\0\0\0\0\0\0\x04\0\0\0\x0b\0\0\0\x08\x14\0\0\0\
\0\0\0\x04\0\0\0\x0b\0\0\0\x18\x14\0\0\0\0\0\0\x04\0\0\0\x0b\0\0\0\x28\x14\0\0\
\0\0\0\0\x04\0\0\0\x0b\0\0\0\x38\x14\0\0\0\0\0\0\x04\0\0\0\x0b\0\0\0\x48\x14\0\
\0\0\0\0\0\x04\0\0\0\x0b\0\0\0\x58\x14\0\0\0\0\0\0\x04\0\0\0\x0b\0\0\0\x68\x14\
\0\0\0\0\0\0\x04\0\0\0\x0b\0\0\0\x78\x14\0\0\0\0\0\0\x04\0\0\0\x0b\0\0\0\x88\
\x14\0\0\0\0\0\0\x04\0\0\0\x0b\0\0\0\x98\x14\0\0\0\0\0\0\x04\0\0\0\x0b\0\0\0\
\xa8\x14\0\0\0\0\0\0\x04\0\0\0\x0b\0\0\0\xb8\x14\0\0\0\0\0\0\x04\0\0\0\x0b\0\0\
\0\xc8\x14\0\0\0\0\0\0\x04\0\0\0\x0b\0\0\0\xd8\x14\0\0\0\0\0\0\x04\0\0\0\x0b\0\
\0\0\xe8\x14\0\0\0\0\0\0\x04\0\0\0\x0b\0\0\0\xf8\x14\0\0\0\0\0\0\x04\0\0\0\x0b\
\0\0\0\x08\x15\0\0\0\0\0\0\x04\0\0\0\x0b\0\0\0\x18\x15\0\0\0\0\0\0\x04\0\0\0\
\x0b\0\0\0\x28\x15\0\0\0\0\0\0\x04\0\0\0\x0b\0\0\0\x38\x15\0\0\0\0\0\0\x04\0\0\
\0\x0b\0\0\0\x48\x15\0\0\0\0\0\0\x04\0\0\0\x0b\0\0\0\x58\x15\0\0\0\0\0\0\x04\0\
\0\0\x0b\0\0\0\x68\x15\0\0\0\0\0\0\x04\0\0\0\x0b\0\0\0\x78\x15\0\0\0\0\0\0\x04\
\0\0\0\x0b\0\0\0\x88\x15\0\0\0\0\0\0\x04\0\0\0\x0b\0\0\0\x98\x15\0\0\0\0\0\0\
\x04\0\0\0\x0b\0\0\0\xa8\x15\0\0\0\0\0\0\x04\0\0\0\x0b\0\0\0\xb8\x15\0\0\0\0\0\
\0\x04\0\0\0\x0b\0\0\0\xc8\x15\0\0\0\0\0\0\x04\0\0\0\x0b\0\0\0\xd8\x15\0\0\0\0\
\0\0\x04\0\0\0\x0b\0\0\0\xe8\x15\0\0\0\0\0\0\x04\0\0\0\x0b\0\0\0\xf8\x15\0\0\0\
\0\0\0\x04\0\0\0\x0b\0\0\0\x08\x16\0\0\0\0\0\0\x04\0\0\0\x0b\0\0\0\x18\x16\0\0\
\0\0\0\0\x04\0\0\0\x0b\0\0\0\x28\x16\0\0\0\0\0\0\x04\0\0\0\x0b\0\0\0\x38\x16\0\
\0\0\0\0\0\x04\0\0\0\x0b\0\0\0\x54\x16\0\0\0\0\0\0\x04\0\0\0\x02\0\0\0\x64\x16\
\0\0\0\0\0\0\x04\0\0\0\x02\0\0\0\x74\x16\0\0\0\0\0\0\x04\0\0\0\x02\0\0\0\x8c\
\x16\0\0\0\0\0\0\x04\0\0\0\x03\0\0\0\x9c\x16\0\0\0\0\0\0\x04\0\0\0\x03\0\0\0\
\xac\x16\0\0\0\0\0\0\x04\0\0\0\x03\0\0\0\xc4\x16\0\0\0\0\0\0\x04\0\0\0\x04\0\0\
\0\xd4\x16\0\0\0\0\0\0\x04\0\0\0\x04\0\0\0\xe4\x16\0\0\0\0\0\0\x04\0\0\0\x04\0\
\0\0\xfc\x16\0\0\0\0\0\0\x04\0\0\0\x05\0\0\0\x0c\x17\0\0\0\0\0\0\x04\0\0\0\x05\
\0\0\0\x1c\x17\0\0\0\0\0\0\x04\0\0\0\x05\0\0\0\x34\x17\0\0\0\0\0\0\x04\0\0\0\
\x06\0\0\0\x4c\x17\0\0\0\0\0\0\x04\0\0\0\x07\0\0\0\x64\x17\0\0\0\0\0\0\x04\0\0\
\0\x08\0\0\0\x7c\x17\0\0\0\0\0\0\x04\0\0\0\x09\0\0\0\x8c\x17\0\0\0\0\0\0\x04\0\
\0\0\x09\0\0\0\x9c\x17\0\0\0\0\0\0\x04\0\0\0\x09\0\0\0\xb4\x17\0\0\0\0\0\0\x04\
\0\0\0\x0a\0\0\0\xc4\x17\0\0\0\0\0\0\x04\0\0\0\x0a\0\0\0\xd4\x17\0\0\0\0\0\0\
\x04\0\0\0\x0a\0\0\0\xec\x17\0\0\0\0\0\0\x04\0\0\0\x0b\0\0\0\xfc\x17\0\0\0\0\0\
\0\x04\0\0\0\x0b\0\0\0\x14\0\0\0\0\0\0\0\x03\0\0\0\x12\0\0\0\x18\0\0\0\0\0\0\0\
\x02\0\0\0\x02\0\0\0\x2c\0\0\0\0\0\0\0\x03\0\0\0\x12\0\0\0\x30\0\0\0\0\0\0\0\
\x02\0\0\0\x03\0\0\0\x44\0\0\0\0\0\0\0\x03\0\0\0\x12\0\0\0\x48\0\0\0\0\0\0\0\
\x02\0\0\0\x04\0\0\0\x5c\0\0\0\0\0\0\0\x03\0\0\0\x12\0\0\0\x60\0\0\0\0\0\0\0\
\x02\0\0\0\x05\0\0\0\x74\0\0\0\0\0\0\0\x03\0\0\0\x12\0\0\0\x78\0\0\0\0\0\0\0\
\x02\0\0\0\x06\0\0\0\x8c\0\0\0\0\0\0\0\x03\0\0\0\x12\0\0\0\x90\0\0\0\0\0\0\0\
\x02\0\0\0\x07\0\0\0\xa4\0\0\0\0\0\0\0\x03\0\0\0\x12\0\0\0\xa8\0\0\0\0\0\0\0\
\x02\0\0\0\x08\0\0\0\xbc\0\0\0\0\0\0\0\x03\0\0\0\x12\0\0\0\xc0\0\0\0\0\0\0\0\
\x02\0\0\0\x09\0\0\0\xd4\0\0\0\0\0\0\0\x03\0\0\0\x12\0\0\0\xd8\0\0\0\0\0\0\0\
\x02\0\0\0\x0a\0\0\0\xec\0\0\0\0\0\0\0\x03\0\0\0\x12\0\0\0\xf0\0\0\0\0\0\0\0\
\x02\0\0\0\x0b\0\0\0\x22\0\0\0\0\0\0\0\x03\0\0\0\x14\0\0\0\x26\0\0\0\0\0\0\0\
\x03\0\0\0\x14\0\0\0\x2a\0\0\0\0\0\0\0\x03\0\0\0\x14\0\0\0\x2e\0\0\0\0\0\0\0\
\x03\0\0\0\x14\0\0\0\x32\0\0\0\0\0\0\0\x03\0\0\0\x14\0\0\0\x3e\0\0\0\0\0\0\0\
\x03\0\0\0\x14\0\0\0\x53\0\0\0\0\0\0\0\x03\0\0\0\x14\0\0\0\x68\0\0\0\0\0\0\0\
\x03\0\0\0\x14\0\0\0\x7d\0\0\0\0\0\0\0\x03\0\0\0\x14\0\0\0\x92\0\0\0\0\0\0\0\
\x03\0\0\0\x14\0\0\0\xac\0\0\0\0\0\0\0\x02\0\0\0\x02\0\0\0\x03\x01\0\0\0\0\0\0\
\x02\0\0\0\x03\0\0\0\xfb\x01\0\0\0\0\0\0\x02\0\0\0\x04\0\0\0\x53\x02\0\0\0\0\0\
\0\x02\0\0\0\x05\0\0\0\x4d\x03\0\0\0\0\0\0\x02\0\0\0\x06\0\0\0\x99\x03\0\0\0\0\
\0\0\x02\0\0\0\x07\0\0\0\x73\x04\0\0\0\0\0\0\x02\0\0\0\x08\0\0\0\x25\x05\0\0\0\
\0\0\0\x02\0\0\0\x09\0\0\0\x83\x05\0\0\0\0\0\0\x02\0\0\0\x0a\0\0\0\x7e\x06\0\0\
\0\0\0\0\x02\0\0\0\x0b\0\0\0\x15\x18\x1a\x1b\x1c\x1e\x1f\x20\x22\x23\x24\x17\
\x21\x25\x19\x16\x1d\0\x74\x70\x5f\x73\x79\x73\x5f\x65\x78\x69\x74\x5f\x66\x75\
\x74\x65\x78\0\x2e\x72\x65\x6c\x74\x72\x61\x63\x65\x70\x6f\x69\x6e\x74\x2f\x73\
\x79\x73\x63\x61\x6c\x6c\x73\x2f\x73\x79\x73\x5f\x65\x78\x69\x74\x5f\x66\x75\
\x74\x65\x78\0\x74\x70\x5f\x73\x79\x73\x5f\x65\x6e\x74\x65\x72\x5f\x66\x75\x74\
\x65\x78\0\x2e\x72\x65\x6c\x74\x72\x61\x63\x65\x70\x6f\x69\x6e\x74\x2f\x73\x79\
\x73\x63\x61\x6c\x6c\x73\x2f\x73\x79\x73\x5f\x65\x6e\x74\x65\x72\x5f\x66\x75\
\x74\x65\x78\0\x2e\x64\x65\x62\x75\x67\x5f\x61\x62\x62\x72\x65\x76\0\x2e\x74\
\x65\x78\x74\0\x2e\x72\x65\x6c\x2e\x42\x54\x46\x2e\x65\x78\x74\0\x75\x5f\x6d\
\x75\x74\x65\x78\x5f\x6c\x6f\x63\x6b\x5f\x65\x78\x69\x74\0\x2e\x64\x65\x62\x75\
\x67\x5f\x72\x6e\x67\x6c\x69\x73\x74\x73\0\x2e\x64\x65\x62\x75\x67\x5f\x6c\x6f\
\x63\x6c\x69\x73\x74\x73\0\x73\x65\x6e\x74\x69\x6e\x65\x6c\x5f\x65\x76\x65\x6e\
\x74\x73\0\x2e\x72\x65\x6c\x2e\x64\x65\x62\x75\x67\x5f\x73\x74\x72\x5f\x6f\x66\
\x66\x73\x65\x74\x73\0\x2e\x6d\x61\x70\x73\0\x2e\x64\x65\x62\x75\x67\x5f\x73\
\x74\x72\0\x2e\x64\x65\x62\x75\x67\x5f\x6c\x69\x6e\x65\x5f\x73\x74\x72\0\x74\
\x70\x5f\x73\x69\x67\x6e\x61\x6c\x5f\x64\x65\x6c\x69\x76\x65\x72\0\x2e\x72\x65\
\x6c\x74\x72\x61\x63\x65\x70\x6f\x69\x6e\x74\x2f\x73\x69\x67\x6e\x61\x6c\x2f\
\x73\x69\x67\x6e\x61\x6c\x5f\x64\x65\x6c\x69\x76\x65\x72\0\x75\x5f\x6d\x75\x74\
\x65\x78\x5f\x75\x6e\x6c\x6f\x63\x6b\x5f\x65\x6e\x74\x65\x72\0\x75\x5f\x6d\x75\
\x74\x65\x78\x5f\x6c\x6f\x63\x6b\x5f\x65\x6e\x74\x65\x72\0\x2e\x72\x65\x6c\x2e\
\x64\x65\x62\x75\x67\x5f\x61\x64\x64\x72\0\x2e\x72\x65\x6c\x2e\x64\x65\x62\x75\
\x67\x5f\x69\x6e\x66\x6f\0\x2e\x72\x65\x6c\x75\x70\x72\x6f\x62\x65\x2f\x70\x74\
\x68\x72\x65\x61\x64\x5f\x6d\x75\x74\x65\x78\x5f\x75\x6e\x6c\x6f\x63\x6b\0\x2e\
\x72\x65\x6c\x75\x70\x72\x6f\x62\x65\x2f\x70\x74\x68\x72\x65\x61\x64\x5f\x6d\
\x75\x74\x65\x78\x5f\x6c\x6f\x63\x6b\0\x2e\x72\x65\x6c\x75\x72\x65\x74\x70\x72\
\x6f\x62\x65\x2f\x70\x74\x68\x72\x65\x61\x64\x5f\x6d\x75\x74\x65\x78\x5f\x6c\
\x6f\x63\x6b\0\x6d\x75\x74\x65\x78\x5f\x70\x65\x6e\x64\x69\x6e\x67\0\x66\x75\
\x74\x65\x78\x5f\x70\x65\x6e\x64\x69\x6e\x67\0\x69\x6f\x5f\x70\x65\x6e\x64\x69\
\x6e\x67\0\x2e\x6c\x6c\x76\x6d\x5f\x61\x64\x64\x72\x73\x69\x67\0\x74\x70\x5f\
\x73\x79\x73\x5f\x65\x78\x69\x74\x5f\x77\x72\x69\x74\x65\0\x2e\x72\x65\x6c\x74\
\x72\x61\x63\x65\x70\x6f\x69\x6e\x74\x2f\x73\x79\x73\x63\x61\x6c\x6c\x73\x2f\
\x73\x79\x73\x5f\x65\x78\x69\x74\x5f\x77\x72\x69\x74\x65\0\x74\x70\x5f\x73\x79\
\x73\x5f\x65\x6e\x74\x65\x72\x5f\x77\x72\x69\x74\x65\0\x2e\x72\x65\x6c\x74\x72\
\x61\x63\x65\x70\x6f\x69\x6e\x74\x2f\x73\x79\x73\x63\x61\x6c\x6c\x73\x2f\x73\
\x79\x73\x5f\x65\x6e\x74\x65\x72\x5f\x77\x72\x69\x74\x65\0\x73\x65\x6e\x74\x69\
\x6e\x65\x6c\x5f\x73\x74\x61\x74\x65\0\x5f\x6c\x69\x63\x65\x6e\x73\x65\0\x2e\
\x72\x65\x6c\x2e\x64\x65\x62\x75\x67\x5f\x6c\x69\x6e\x65\0\x2e\x72\x65\x6c\x2e\
\x64\x65\x62\x75\x67\x5f\x66\x72\x61\x6d\x65\0\x74\x70\x5f\x73\x79\x73\x5f\x65\
\x78\x69\x74\x5f\x72\x65\x61\x64\0\x2e\x72\x65\x6c\x74\x72\x61\x63\x65\x70\x6f\
\x69\x6e\x74\x2f\x73\x79\x73\x63\x61\x6c\x6c\x73\x2f\x73\x79\x73\x5f\x65\x78\
\x69\x74\x5f\x72\x65\x61\x64\0\x74\x70\x5f\x73\x79\x73\x5f\x65\x6e\x74\x65\x72\
\x5f\x72\x65\x61\x64\0\x2e\x72\x65\x6c\x74\x72\x61\x63\x65\x70\x6f\x69\x6e\x74\
\x2f\x73\x79\x73\x63\x61\x6c\x6c\x73\x2f\x73\x79\x73\x5f\x65\x6e\x74\x65\x72\
\x5f\x72\x65\x61\x64\0\x73\x65\x6e\x74\x69\x6e\x65\x6c\x5f\x65\x78\x74\x72\x61\
\x2e\x62\x70\x66\x2e\x63\0\x2e\x73\x74\x72\x74\x61\x62\0\x2e\x73\x79\x6d\x74\
\x61\x62\0\x2e\x72\x65\x6c\x2e\x42\x54\x46\0\x4c\x49\x43\x45\x4e\x53\x45\0\0\0\
\0\0\0\0\0\0\0\0\0\0\0\0\0\0\0\0\0\0\0\0\0\0\0\0\0\0\0\0\0\0\0\0\0\0\0\0\0\0\0\
\0\0\0\0\0\0\0\0\0\0\0\0\0\0\0\0\0\0\0\0\0\0\0\0\x55\x03\0\0\x03\0\0\0\0\0\0\0\
\0\0\0\0\0\0\0\0\0\0\0\0\xf1\xa0\0\0\0\0\0\0\x76\x03\0\0\0\0\0\0\0\0\0\0\0\0\0\
\0\x01\0\0\0\0\0\0\0\0\0\0\0\0\0\0\0\x83\0\0\0\x01\0\0\0\x06\0\0\0\0\0\0\0\0\0\
\0\0\0\0\0\0\x40\0\0\0\0\0\0\0\0\0\0\0\0\0\0\0\0\0\0\0\0\0\0\0\x04\0\0\0\0\0\0\
\0\0\0\0\0\0\0\0\0\x1d\x03\0\0\x01\0\0\0\x06\0\0\0\0\0\0\0\0\0\0\0\0\0\0\0\x40\
\0\0\0\0\0\0\0\x08\x01\0\0\0\0\0\0\0\0\0\0\0\0\0\0\x08\0\0\0\0\0\0\0\0\0\0\0\0\
\0\0\0\x19\x03\0\0\x09\0\0\0\x40\0\0\0\0\0\0\0\0\0\0\0\0\0\0\0\xa0\x77\0\0\0\0\
\0\0\x20\0\0\0\0\0\0\0\x2d\0\0\0\x03\0\0\0\x08\0\0\0\0\0\0\0\x10\0\0\0\0\0\0\0\
\xe5\x02\0\0\x01\0\0\0\x06\0\0\0\0\0\0\0\0\0\0\0\0\0\0\0\x48\x01\0\0\0\0\0\0\
\xf8\x02\0\0\0\0\0\0\0\0\0\0\0\0\0\0\x08\0\0\0\0\0\0\0\0\0\0\0\0\0\0\0\xe1\x02\
\0\0\x09\0\0\0\x40\0\0\0\0\0\0\0\0\0\0\0\0\0\0\0\xc0\x77\0\0\0\0\0\0\x40\0\0\0\
\0\0\0\0\x2d\0\0\0\x05\0\0\0\x08\0\0\0\0\0\0\0\x10\0\0\0\0\0\0\0\x73\x02\0\0\
\x01\0\0\0\x06\0\0\0\0\0\0\0\0\0\0\0\0\0\0\0\x40\x04\0\0\0\0\0\0\x08\x01\0\0\0\
\0\0\0\0\0\0\0\0\0\0\0\x08\0\0\0\0\0\0\0\0\0\0\0\0\0\0\0\x6f\x02\0\0\x09\0\0\0\
\x40\0\0\0\0\0\0\0\0\0\0\0\0\0\0\0\0\x78\0\0\0\0\0\0\x20\0\0\0\0\0\0\0\x2d\0\0\
\0\x07\0\0\0\x08\0\0\0\0\0\0\0\x10\0\0\0\0\0\0\0\x39\x02\0\0\x01\0\0\0\x06\0\0\
\0\0\0\0\0\0\0\0\0\0\0\0\0\x48\x05\0\0\0\0\0\0\xf8\x02\0\0\0\0\0\0\0\0\0\0\0\0\
\0\0\x08\0\0\0\0\0\0\0\0\0\0\0\0\0\0\0\x35\x02\0\0\x09\0\0\0\x40\0\0\0\0\0\0\0\
\0\0\0\0\0\0\0\0\x20\x78\0\0\0\0\0\0\x40\0\0\0\0\0\0\0\x2d\0\0\0\x09\0\0\0\x08\
\0\0\0\0\0\0\0\x10\0\0\0\0\0\0\0\xb3\x01\0\0\x01\0\0\0\x06\0\0\0\0\0\0\0\0\0\0\
\0\0\0\0\0\x40\x08\0\0\0\0\0\0\xd8\0\0\0\0\0\0\0\0\0\0\0\0\0\0\0\x08\0\0\0\0\0\
\0\0\0\0\0\0\0\0\0\0\xaf\x01\0\0\x09\0\0\0\x40\0\0\0\0\0\0\0\0\0\0\0\0\0\0\0\
\x60\x78\0\0\0\0\0\0\x20\0\0\0\0\0\0\0\x2d\0\0\0\x0b\0\0\0\x08\0\0\0\0\0\0\0\
\x10\0\0\0\0\0\0\0\xd1\x01\0\0\x01\0\0\0\x06\0\0\0\0\0\0\0\0\0\0\0\0\0\0\0\x18\
\x09\0\0\0\0\0\0\x78\x02\0\0\0\0\0\0\0\0\0\0\0\0\0\0\x08\0\0\0\0\0\0\0\0\0\0\0\
\0\0\0\0\xcd\x01\0\0\x09\0\0\0\x40\0\0\0\0\0\0\0\0\0\0\0\0\0\0\0\x80\x78\0\0\0\
\0\0\0\x40\0\0\0\0\0\0\0\x2d\0\0\0\x0d\0\0\0\x08\0\0\0\0\0\0\0\x10\0\0\0\0\0\0\
\0\x93\x01\0\0\x01\0\0\0\x06\0\0\0\0\0\0\0\0\0\0\0\0\0\0\0\x90\x0b\0\0\0\0\0\0\
\xf8\x01\0\0\0\0\0\0\0\0\0\0\0\0\0\0\x08\0\0\0\0\0\0\0\0\0\0\0\0\0\0\0\x8f\x01\
\0\0\x09\0\0\0\x40\0\0\0\0\0\0\0\0\0\0\0\0\0\0\0\xc0\x78\0\0\0\0\0\0\x20\0\0\0\
\0\0\0\0\x2d\0\0\0\x0f\0\0\0\x08\0\0\0\0\0\0\0\x10\0\0\0\0\0\0\0\x51\0\0\0\x01\
\0\0\0\x06\0\0\0\0\0\0\0\0\0\0\0\0\0\0\0\x88\x0d\0\0\0\0\0\0\x10\x01\0\0\0\0\0\
\0\0\0\0\0\0\0\0\0\x08\0\0\0\0\0\0\0\0\0\0\0\0\0\0\0\x4d\0\0\0\x09\0\0\0\x40\0\
\0\0\0\0\0\0\0\0\0\0\0\0\0\0\xe0\x78\0\0\0\0\0\0\x20\0\0\0\0\0\0\0\x2d\0\0\0\
\x11\0\0\0\x08\0\0\0\0\0\0\0\x10\0\0\0\0\0\0\0\x17\0\0\0\x01\0\0\0\x06\0\0\0\0\
\0\0\0\0\0\0\0\0\0\0\0\x98\x0e\0\0\0\0\0\0\0\x03\0\0\0\0\0\0\0\0\0\0\0\0\0\0\
\x08\0\0\0\0\0\0\0\0\0\0\0\0\0\0\0\x13\0\0\0\x09\0\0\0\x40\0\0\0\0\0\0\0\0\0\0\
\0\0\0\0\0\0\x79\0\0\0\0\0\0\x40\0\0\0\0\0\0\0\x2d\0\0\0\x13\0\0\0\x08\0\0\0\0\
\0\0\0\x10\0\0\0\0\0\0\0\x26\x01\0\0\x01\0\0\0\x06\0\0\0\0\0\0\0\0\0\0\0\0\0\0\
\0\x98\x11\0\0\0\0\0\0\xf8\x01\0\0\0\0\0\0\0\0\0\0\0\0\0\0\x08\0\0\0\0\0\0\0\0\
\0\0\0\0\0\0\0\x22\x01\0\0\x09\0\0\0\x40\0\0\0\0\0\0\0\0\0\0\0\0\0\0\0\x40\x79\
\0\0\0\0\0\0\x20\0\0\0\0\0\0\0\x2d\0\0\0\x15\0\0\0\x08\0\0\0\0\0\0\0\x10\0\0\0\
\0\0\0\0\xa7\x02\0\0\x01\0\0\0\x03\0\0\0\0\0\0\0\0\0\0\0\0\0\0\0\x90\x13\0\0\0\
\0\0\0\x1a\0\0\0\0\0\0\0\0\0\0\0\0\0\0\0\x01\0\0\0\0\0\0\0\0\0\0\0\0\0\0\0\xef\
\0\0\0\x01\0\0\0\x03\0\0\0\0\0\0\0\0\0\0\0\0\0\0\0\xb0\x13\0\0\0\0\0\0\x90\0\0\
\0\0\0\0\0\0\0\0\0\0\0\0\0\x08\0\0\0\0\0\0\0\0\0\0\0\0\0\0\0\xb8\0\0\0\x01\0\0\
\0\0\0\0\0\0\0\0\0\0\0\0\0\0\0\0\0\x40\x14\0\0\0\0\0\0\xab\x04\0\0\0\0\0\0\0\0\
\0\0\0\0\0\0\x01\0\0\0\0\0\0\0\0\0\0\0\0\0\0\0\x75\0\0\0\x01\0\0\0\0\0\0\0\0\0\
\0\0\0\0\0\0\0\0\0\0\xeb\x18\0\0\0\0\0\0\x07\x03\0\0\0\0\0\0\0\0\0\0\0\0\0\0\
\x01\0\0\0\0\0\0\0\0\0\0\0\0\0\0\0\x83\x01\0\0\x01\0\0\0\0\0\0\0\0\0\0\0\0\0\0\
\0\0\0\0\0\xf2\x1b\0\0\0\0\0\0\x6f\x0e\0\0\0\0\0\0\0\0\0\0\0\0\0\0\x01\0\0\0\0\
\0\0\0\0\0\0\0\0\0\0\0\x7f\x01\0\0\x09\0\0\0\x40\0\0\0\0\0\0\0\0\0\0\0\0\0\0\0\
\x60\x79\0\0\0\0\0\0\x60\0\0\0\0\0\0\0\x2d\0\0\0\x1b\0\0\0\x08\0\0\0\0\0\0\0\
\x10\0\0\0\0\0\0\0\xa8\0\0\0\x01\0\0\0\0\0\0\0\0\0\0\0\0\0\0\0\0\0\0\0\x61\x2a\
\0\0\0\0\0\0\xae\0\0\0\0\0\0\0\0\0\0\0\0\0\0\0\x01\0\0\0\0\0\0\0\0\0\0\0\0\0\0\
\0\xdc\0\0\0\x01\0\0\0\0\0\0\0\0\0\0\0\0\0\0\0\0\0\0\0\x0f\x2b\0\0\0\0\0\0\xa4\
\x02\0\0\0\0\0\0\0\0\0\0\0\0\0\0\x01\0\0\0\0\0\0\0\0\0\0\0\0\0\0\0\xd8\0\0\0\
\x09\0\0\0\x40\0\0\0\0\0\0\0\0\0\0\0\0\0\0\0\xc0\x79\0\0\0\0\0\0\x70\x0a\0\0\0\
\0\0\0\x2d\0\0\0\x1e\0\0\0\x08\0\0\0\0\0\0\0\x10\0\0\0\0\0\0\0\xf5\0\0\0\x01\0\
\0\0\x30\0\0\0\0\0\0\0\0\0\0\0\0\0\0\0\xb3\x2d\0\0\0\0\0\0\x42\x09\0\0\0\0\0\0\
\0\0\0\0\0\0\0\0\x01\0\0\0\0\0\0\0\x01\0\0\0\0\0\0\0\x73\x01\0\0\x01\0\0\0\0\0\
\0\0\0\0\0\0\0\0\0\0\0\0\0\0\xf5\x36\0\0\0\0\0\0\x48\x01\0\0\0\0\0\0\0\0\0\0\0\
\0\0\0\x01\0\0\0\0\0\0\0\0\0\0\0\0\0\0\0\x6f\x01\0\0\x09\0\0\0\x40\0\0\0\0\0\0\
\0\0\0\0\0\0\0\0\0\x30\x84\0\0\0\0\0\0\x80\x02\0\0\0\0\0\0\x2d\0\0\0\x21\0\0\0\
\x08\0\0\0\0\0\0\0\x10\0\0\0\0\0\0\0\x69\x03\0\0\x01\0\0\0\0\0\0\0\0\0\0\0\0\0\
\0\0\0\0\0\0\x40\x38\0\0\0\0\0\0\xd6\x1a\0\0\0\0\0\0\0\0\0\0\0\0\0\0\x04\0\0\0\
\0\0\0\0\0\0\0\0\0\0\0\0\x65\x03\0\0\x09\0\0\0\x40\0\0\0\0\0\0\0\0\0\0\0\0\0\0\
\0\xb0\x86\0\0\0\0\0\0\x70\0\0\0\0\0\0\0\x2d\0\0\0\x23\0\0\0\x08\0\0\0\0\0\0\0\
\x10\0\0\0\0\0\0\0\x8d\0\0\0\x01\0\0\0\0\0\0\0\0\0\0\0\0\0\0\0\0\0\0\0\x18\x53\
\0\0\0\0\0\0\x0c\x18\0\0\0\0\0\0\0\0\0\0\0\0\0\0\x04\0\0\0\0\0\0\0\0\0\0\0\0\0\
\0\0\x89\0\0\0\x09\0\0\0\x40\0\0\0\0\0\0\0\0\0\0\0\0\0\0\0\x20\x87\0\0\0\0\0\0\
\x40\x17\0\0\0\0\0\0\x2d\0\0\0\x25\0\0\0\x08\0\0\0\0\0\0\0\x10\0\0\0\0\0\0\0\
\xc3\x02\0\0\x01\0\0\0\0\0\0\0\0\0\0\0\0\0\0\0\0\0\0\0\x28\x6b\0\0\0\0\0\0\0\
\x01\0\0\0\0\0\0\0\0\0\0\0\0\0\0\x08\0\0\0\0\0\0\0\0\0\0\0\0\0\0\0\xbf\x02\0\0\
\x09\0\0\0\x40\0\0\0\0\0\0\0\0\0\0\0\0\0\0\0\x60\x9e\0\0\0\0\0\0\x40\x01\0\0\0\
\0\0\0\x2d\0\0\0\x27\0\0\0\x08\0\0\0\0\0\0\0\x10\0\0\0\0\0\0\0\xb3\x02\0\0\x01\
\0\0\0\0\0\0\0\0\0\0\0\0\0\0\0\0\0\0\0\x28\x6c\0\0\0\0\0\0\x30\x07\0\0\0\0\0\0\
\0\0\0\0\0\0\0\0\x01\0\0\0\0\0\0\0\0\0\0\0\0\0\0\0\xaf\x02\0\0\x09\0\0\0\x40\0\
\0\0\0\0\0\0\0\0\0\0\0\0\0\0\xa0\x9f\0\0\0\0\0\0\x40\x01\0\0\0\0\0\0\x2d\0\0\0\
\x29\0\0\0\x08\0\0\0\0\0\0\0\x10\0\0\0\0\0\0\0\0\x01\0\0\x01\0\0\0\x30\0\0\0\0\
\0\0\0\0\0\0\0\0\0\0\0\x58\x73\0\0\0\0\0\0\xb1\0\0\0\0\0\0\0\0\0\0\0\0\0\0\0\
\x01\0\0\0\0\0\0\0\x01\0\0\0\0\0\0\0\x15\x02\0\0\x03\x4c\xff\x6f\0\0\0\x80\0\0\
\0\0\0\0\0\0\0\0\0\0\xe0\xa0\0\0\0\0\0\0\x11\0\0\0\0\0\0\0\x2d\0\0\0\0\0\0\0\
\x01\0\0\0\0\0\0\0\0\0\0\0\0\0\0\0\x5d\x03\0\0\x02\0\0\0\0\0\0\0\0\0\0\0\0\0\0\
\0\0\0\0\0\x10\x74\0\0\0\0\0\0\x90\x03\0\0\0\0\0\0\x01\0\0\0\x15\0\0\0\x08\0\0\
\0\0\0\0\0\x18\0\0\0\0\0\0\0";

	obj->skeleton = s;
	return 0;
err:
	bpf_object__destroy_skeleton(s);
	return -ENOMEM;
}

#endif /* __SENTINEL_EXTRA_BPF_SKEL_H__ */
